Unity Editor version:    6000.0.36f1 (9fe3b5f71dbb)
Branch:                  6000.0/staging
Build type:              Release
Batch mode:              YES
macOS version:           Version 15.3.1 (Build 24D70)
Darwin version:          24.3.0
Architecture:            x86_64
Running under Rosetta:   NO
Available memory:        32768 MB
Using pre-set license
Pro License: YES

COMMAND LINE ARGUMENTS:
/Applications/Unity/Hub/Editor/6000.0.36f1/Unity.app/Contents/MacOS/Unity
-adb2
-batchMode
-noUpm
-name
AssetImportWorker9
-projectPath
/Users/loganpruitt/Documents/Game Development/Pruitt-Billionare/Billionare
-logFile
Logs/AssetImportWorker9.log
-srvPort
53399
-job-worker-count
5
-background-job-worker-count
8
-gc-helper-count
1
Successfully changed project path to: /Users/loganpruitt/Documents/Game Development/Pruitt-Billionare/Billionare
/Users/loganpruitt/Documents/Game Development/Pruitt-Billionare/Billionare
[UnityMemory] Configuration Parameters - Can be set up in boot.config
    "memorysetup-bucket-allocator-granularity=16"
    "memorysetup-bucket-allocator-bucket-count=8"
    "memorysetup-bucket-allocator-block-size=33554432"
    "memorysetup-bucket-allocator-block-count=8"
    "memorysetup-main-allocator-block-size=16777216"
    "memorysetup-thread-allocator-block-size=16777216"
    "memorysetup-gfx-main-allocator-block-size=16777216"
    "memorysetup-gfx-thread-allocator-block-size=16777216"
    "memorysetup-cache-allocator-block-size=4194304"
    "memorysetup-typetree-allocator-block-size=2097152"
    "memorysetup-profiler-bucket-allocator-granularity=16"
    "memorysetup-profiler-bucket-allocator-bucket-count=8"
    "memorysetup-profiler-bucket-allocator-block-size=33554432"
    "memorysetup-profiler-bucket-allocator-block-count=8"
    "memorysetup-profiler-allocator-block-size=16777216"
    "memorysetup-profiler-editor-allocator-block-size=1048576"
    "memorysetup-temp-allocator-size-main=16777216"
    "memorysetup-job-temp-allocator-block-size=2097152"
    "memorysetup-job-temp-allocator-block-size-background=1048576"
    "memorysetup-job-temp-allocator-reduction-small-platforms=262144"
    "memorysetup-allocator-temp-initial-block-size-main=262144"
    "memorysetup-allocator-temp-initial-block-size-worker=262144"
    "memorysetup-temp-allocator-size-background-worker=32768"
    "memorysetup-temp-allocator-size-job-worker=262144"
    "memorysetup-temp-allocator-size-preload-manager=33554432"
    "memorysetup-temp-allocator-size-nav-mesh-worker=65536"
    "memorysetup-temp-allocator-size-audio-worker=65536"
    "memorysetup-temp-allocator-size-cloud-worker=32768"
    "memorysetup-temp-allocator-size-gi-baking-worker=262144"
    "memorysetup-temp-allocator-size-gi-baking-worker=262144"
    "memorysetup-temp-allocator-size-gi-baking-worker=262144"
    "memorysetup-temp-allocator-size-gi-baking-worker=262144"
    "memorysetup-temp-allocator-size-gi-baking-worker=262144"
    "memorysetup-temp-allocator-size-gfx=262144"
Player connection [140704615820032]  Target information:

Player connection [140704615820032]  * "[IP] 192.168.0.162 [Port] 0 [Flags] 2 [Guid] 64956843 [EditorId] 64956843 [Version] 1048832 [Id] OSXEditor(0,CORE-C02G7BGMMD6R) [Debug] 1 [PackageName] OSXEditor [ProjectName] Editor" 

Player connection [140704615820032] Host joined multi-casting on [225.0.0.222:54997]...
Player connection [140704615820032] Host joined alternative multi-casting on [225.0.0.222:34997]...
JobSystem: Creating JobQueue using job-worker-count value 5
Input System module state changed to: Initialized.
[Physics::Module] Initialized fallback backend.
[Physics::Module] Id: 0xdecafbad
Library Redirect Path: Library/
[Physics::Module] Selected backend.
[Physics::Module] Name: PhysX
[Physics::Module] Id: 0xf2b8ea05
[Physics::Module] SDK Version: 4.1.2
[Physics::Module] Integration Version: 1.0.0
[Physics::Module] Threading Mode: Multi-Threaded
Refreshing native plugins compatible for Editor in 10.39 ms, found 3 plugins.
Preloading 0 native plugins for Editor in 0.00 ms.
Initialize engine version: 6000.0.36f1 (9fe3b5f71dbb)
[Subsystems] Discovering subsystems at path /Applications/Unity/Hub/Editor/6000.0.36f1/Unity.app/Contents/Resources/UnitySubsystems
[Subsystems] Discovering subsystems at path /Users/loganpruitt/Documents/Game Development/Pruitt-Billionare/Billionare/Assets
GfxDevice: creating device client; kGfxThreadingModeNonThreaded
Color LCD preferred device: AMD Radeon Pro 5500M (high power)
Metal devices available: 2
0: AMD Radeon Pro 5500M (high power)
1: Intel(R) UHD Graphics 630 (low power)
Using device AMD Radeon Pro 5500M (high power)
Initializing Metal device caps: AMD Radeon Pro 5500M
Initialize mono
Mono path[0] = '/Applications/Unity/Hub/Editor/6000.0.36f1/Unity.app/Contents/Managed'
Mono path[1] = '/Applications/Unity/Hub/Editor/6000.0.36f1/Unity.app/Contents/MonoBleedingEdge/lib/mono/unityjit-macos'
Mono config path = '/Applications/Unity/Hub/Editor/6000.0.36f1/Unity.app/Contents/MonoBleedingEdge/etc'
Using monoOptions --debugger-agent=transport=dt_socket,embedding=1,server=y,suspend=n,address=127.0.0.1:56025
Begin MonoManager ReloadAssembly
Registering precompiled unity dll's ...
Register platform support module: /Applications/Unity/Hub/Editor/6000.0.36f1/PlaybackEngines/WebGLSupport/UnityEditor.WebGL.Extensions.dll
Register platform support module: /Applications/Unity/Hub/Editor/6000.0.36f1/Unity.app/Contents/PlaybackEngines/MacStandaloneSupport/UnityEditor.OSXStandalone.Extensions.dll
Registered in 0.003444 seconds.
- Loaded All Assemblies, in  0.835 seconds
Native extension for OSXStandalone target not found
Native extension for WebGL target not found
Mono: successfully reloaded assembly
- Finished resetting the current domain, in  0.576 seconds
Domain Reload Profiling: 1411ms
	BeginReloadAssembly (341ms)
		ExecutionOrderSort (0ms)
		DisableScriptedObjects (0ms)
		BackupInstance (0ms)
		ReleaseScriptingObjects (0ms)
		CreateAndSetChildDomain (1ms)
	RebuildCommonClasses (82ms)
	RebuildNativeTypeToScriptingClass (25ms)
	initialDomainReloadingComplete (94ms)
	LoadAllAssembliesAndSetupDomain (292ms)
		LoadAssemblies (342ms)
		RebuildTransferFunctionScriptingTraits (0ms)
		AnalyzeDomain (285ms)
			TypeCache.Refresh (282ms)
				TypeCache.ScanAssembly (257ms)
			BuildScriptInfoCaches (0ms)
			ResolveRequiredComponents (1ms)
	FinalizeReload (576ms)
		ReleaseScriptCaches (0ms)
		RebuildScriptCaches (0ms)
		SetupLoadedEditorAssemblies (501ms)
			LogAssemblyErrors (0ms)
			InitializePlatformSupportModulesInManaged (75ms)
			SetLoadedEditorAssemblies (7ms)
			BeforeProcessingInitializeOnLoad (87ms)
			ProcessInitializeOnLoadAttributes (223ms)
			ProcessInitializeOnLoadMethodAttributes (109ms)
			AfterProcessingInitializeOnLoad (0ms)
			EditorAssembliesLoaded (0ms)
		ExecutionOrderSort2 (0ms)
		AwakeInstancesAfterBackupRestoration (0ms)
========================================================================
Worker process is ready to serve import requests
Import Worker Mode flag is 0x00
Begin MonoManager ReloadAssembly
- Loaded All Assemblies, in  2.023 seconds
Refreshing native plugins compatible for Editor in 5.54 ms, found 3 plugins.
Native extension for OSXStandalone target not found
Native extension for WebGL target not found
Mono: successfully reloaded assembly
- Finished resetting the current domain, in  1.406 seconds
Domain Reload Profiling: 3429ms
	BeginReloadAssembly (330ms)
		ExecutionOrderSort (0ms)
		DisableScriptedObjects (8ms)
		BackupInstance (0ms)
		ReleaseScriptingObjects (0ms)
		CreateAndSetChildDomain (57ms)
	RebuildCommonClasses (75ms)
	RebuildNativeTypeToScriptingClass (16ms)
	initialDomainReloadingComplete (65ms)
	LoadAllAssembliesAndSetupDomain (1538ms)
		LoadAssemblies (1316ms)
		RebuildTransferFunctionScriptingTraits (0ms)
		AnalyzeDomain (440ms)
			TypeCache.Refresh (347ms)
				TypeCache.ScanAssembly (309ms)
			BuildScriptInfoCaches (74ms)
			ResolveRequiredComponents (14ms)
	FinalizeReload (1407ms)
		ReleaseScriptCaches (0ms)
		RebuildScriptCaches (0ms)
		SetupLoadedEditorAssemblies (1158ms)
			LogAssemblyErrors (0ms)
			InitializePlatformSupportModulesInManaged (22ms)
			SetLoadedEditorAssemblies (8ms)
			BeforeProcessingInitializeOnLoad (135ms)
			ProcessInitializeOnLoadAttributes (787ms)
			ProcessInitializeOnLoadMethodAttributes (205ms)
			AfterProcessingInitializeOnLoad (1ms)
			EditorAssembliesLoaded (0ms)
		ExecutionOrderSort2 (0ms)
		AwakeInstancesAfterBackupRestoration (4ms)
Launching external process: /Applications/Unity/Hub/Editor/6000.0.36f1/Unity.app/Contents/Tools/UnityShaderCompiler
Launched and connected shader compiler UnityShaderCompiler after 0.10 seconds
Refreshing native plugins compatible for Editor in 5.03 ms, found 3 plugins.
Preloading 0 native plugins for Editor in 0.00 ms.
Unloading 206 Unused Serialized files (Serialized files now loaded: 0)
Unloading 6536 unused Assets / (4.5 MB). Loaded Objects now: 7235.
Memory consumption went from 176.7 MB to 172.2 MB.
Total: 11.429781 ms (FindLiveObjects: 0.665811 ms CreateObjectMapping: 1.204806 ms MarkObjects: 6.921729 ms  DeleteObjects: 2.636114 ms)

========================================================================
Received Import Request.
  Time since last request: 25351.540708 seconds.
  path: Assets/SpriteSheets/kenney_space-shooter-redux/PNG/Effects/fire01.png
  artifactKey: Guid(1b5ef712a583b4c20bbd6e1475086e97) Importer(815301076,1909f56bfc062723c751e8b465ee728b)
Start importing Assets/SpriteSheets/kenney_space-shooter-redux/PNG/Effects/fire01.png using Guid(1b5ef712a583b4c20bbd6e1475086e97) Importer(815301076,1909f56bfc062723c751e8b465ee728b) (PreviewImporter) -> (artifact id: 'f0ec92a8076edf5a4e11cde3704bc3b9') in 0.21984303 seconds
Number of updated asset objects reloaded before import = 0Number of asset objects unloaded after import = 3

========================================================================
Received Import Request.
  Time since last request: 0.000064 seconds.
  path: Assets/SpriteSheets/kenney_space-shooter-redux/PNG/Effects/star3.png
  artifactKey: Guid(2ddc84616eb204c9a87df00c3f4cdb5c) Importer(815301076,1909f56bfc062723c751e8b465ee728b)
Start importing Assets/SpriteSheets/kenney_space-shooter-redux/PNG/Effects/star3.png using Guid(2ddc84616eb204c9a87df00c3f4cdb5c) Importer(815301076,1909f56bfc062723c751e8b465ee728b) (PreviewImporter) -> (artifact id: '070794c6afb7948046ef6bbc95313de5') in 0.02061785 seconds
Number of updated asset objects reloaded before import = 0Number of asset objects unloaded after import = 3

========================================================================
Received Import Request.
  Time since last request: 0.000065 seconds.
  path: Assets/SpriteSheets/kenney_space-shooter-redux/PNG/Effects/fire06.png
  artifactKey: Guid(87e6f5289ae5b4886af3bd0136b3936a) Importer(815301076,1909f56bfc062723c751e8b465ee728b)
Start importing Assets/SpriteSheets/kenney_space-shooter-redux/PNG/Effects/fire06.png using Guid(87e6f5289ae5b4886af3bd0136b3936a) Importer(815301076,1909f56bfc062723c751e8b465ee728b) (PreviewImporter) -> (artifact id: 'ba5a32d0fb1f2a1dd3eb5236fb68bd6e') in 0.033207096 seconds
Number of updated asset objects reloaded before import = 0Number of asset objects unloaded after import = 3

========================================================================
Received Import Request.
  Time since last request: 0.000074 seconds.
  path: Assets/SpriteSheets/kenney_space-shooter-redux/PNG/Effects/fire07.png
  artifactKey: Guid(d596374a19523414f9b8358074c24ee4) Importer(815301076,1909f56bfc062723c751e8b465ee728b)
Start importing Assets/SpriteSheets/kenney_space-shooter-redux/PNG/Effects/fire07.png using Guid(d596374a19523414f9b8358074c24ee4) Importer(815301076,1909f56bfc062723c751e8b465ee728b) (PreviewImporter) -> (artifact id: '91f17a7acadfa472321a82592ba2ebed') in 0.01445312 seconds
Number of updated asset objects reloaded before import = 0Number of asset objects unloaded after import = 3

========================================================================
Received Import Request.
  Time since last request: 0.000068 seconds.
  path: Assets/SpriteSheets/kenney_space-shooter-redux/PNG/Effects/fire16.png
  artifactKey: Guid(a7d58758611324a3dba079b0c0db6454) Importer(815301076,1909f56bfc062723c751e8b465ee728b)
Start importing Assets/SpriteSheets/kenney_space-shooter-redux/PNG/Effects/fire16.png using Guid(a7d58758611324a3dba079b0c0db6454) Importer(815301076,1909f56bfc062723c751e8b465ee728b) (PreviewImporter) -> (artifact id: 'c04e61d15082577623e1bcac6b395413') in 0.015311052 seconds
Number of updated asset objects reloaded before import = 0Number of asset objects unloaded after import = 3

========================================================================
Received Import Request.
  Time since last request: 0.000082 seconds.
  path: Assets/SpriteSheets/kenney_space-shooter-redux/PNG/Effects/shield2.png
  artifactKey: Guid(f73a8844dc4114af8825f6fc842632cc) Importer(815301076,1909f56bfc062723c751e8b465ee728b)
Start importing Assets/SpriteSheets/kenney_space-shooter-redux/PNG/Effects/shield2.png using Guid(f73a8844dc4114af8825f6fc842632cc) Importer(815301076,1909f56bfc062723c751e8b465ee728b) (PreviewImporter) -> (artifact id: 'e6d57a4a24d9b3ab987afbe2dc1d8589') in 0.02916925 seconds
Number of updated asset objects reloaded before import = 0Number of asset objects unloaded after import = 3

========================================================================
Received Import Request.
  Time since last request: 0.000067 seconds.
  path: Assets/SpriteSheets/kenney_space-shooter-redux/PNG/Effects/star1.png
  artifactKey: Guid(5482a76eff97e483a86f9d9387cd08ff) Importer(815301076,1909f56bfc062723c751e8b465ee728b)
Start importing Assets/SpriteSheets/kenney_space-shooter-redux/PNG/Effects/star1.png using Guid(5482a76eff97e483a86f9d9387cd08ff) Importer(815301076,1909f56bfc062723c751e8b465ee728b) (PreviewImporter) -> (artifact id: 'c2965f447c2a0b0abcfc1ad9d834401d') in 0.023653792 seconds
Number of updated asset objects reloaded before import = 0Number of asset objects unloaded after import = 3

========================================================================
Received Import Request.
  Time since last request: 0.000067 seconds.
  path: Assets/SpriteSheets/kenney_space-shooter-redux/PNG/Effects/speed.png
  artifactKey: Guid(37400fe8ab04441f2a6bd8ccfc3017d7) Importer(815301076,1909f56bfc062723c751e8b465ee728b)
Start importing Assets/SpriteSheets/kenney_space-shooter-redux/PNG/Effects/speed.png using Guid(37400fe8ab04441f2a6bd8ccfc3017d7) Importer(815301076,1909f56bfc062723c751e8b465ee728b) (PreviewImporter) -> (artifact id: '207cd43c7e3350bfb4dbac7d6c7abe69') in 0.030919321 seconds
Number of updated asset objects reloaded before import = 0Number of asset objects unloaded after import = 3

========================================================================
Received Import Request.
  Time since last request: 0.000053 seconds.
  path: Assets/SpriteSheets/kenney_space-shooter-redux/PNG/Effects/shield1.png
  artifactKey: Guid(3aac9f53c74274b5eb3c6f8f73edd20c) Importer(815301076,1909f56bfc062723c751e8b465ee728b)
Start importing Assets/SpriteSheets/kenney_space-shooter-redux/PNG/Effects/shield1.png using Guid(3aac9f53c74274b5eb3c6f8f73edd20c) Importer(815301076,1909f56bfc062723c751e8b465ee728b) (PreviewImporter) -> (artifact id: '373609c4affb2fd21a7e920a258d39ae') in 0.02285523 seconds
Number of updated asset objects reloaded before import = 0Number of asset objects unloaded after import = 3

========================================================================
Received Import Request.
  Time since last request: 0.000093 seconds.
  path: Assets/SpriteSheets/kenney_space-shooter-redux/PNG/Effects/fire13.png
  artifactKey: Guid(60706036a1b654d378fa1d077b579120) Importer(815301076,1909f56bfc062723c751e8b465ee728b)
Start importing Assets/SpriteSheets/kenney_space-shooter-redux/PNG/Effects/fire13.png using Guid(60706036a1b654d378fa1d077b579120) Importer(815301076,1909f56bfc062723c751e8b465ee728b) (PreviewImporter) -> (artifact id: 'cf362201b1116ba4fa13d697006830b5') in 0.029227834 seconds
Number of updated asset objects reloaded before import = 0Number of asset objects unloaded after import = 3

========================================================================
Received Import Request.
  Time since last request: 0.000105 seconds.
  path: Assets/SpriteSheets/kenney_space-shooter-redux/PNG/Effects/fire04.png
  artifactKey: Guid(f316804a35df9483bb94aeeb9e8206ef) Importer(815301076,1909f56bfc062723c751e8b465ee728b)
Start importing Assets/SpriteSheets/kenney_space-shooter-redux/PNG/Effects/fire04.png using Guid(f316804a35df9483bb94aeeb9e8206ef) Importer(815301076,1909f56bfc062723c751e8b465ee728b) (PreviewImporter) -> (artifact id: '4fc7d4a8acc9743dd2573326ff15da7e') in 0.029353449 seconds
Number of updated asset objects reloaded before import = 0Number of asset objects unloaded after import = 3

========================================================================
Received Import Request.
  Time since last request: 0.000065 seconds.
  path: Assets/SpriteSheets/kenney_space-shooter-redux/PNG/Effects/fire12.png
  artifactKey: Guid(6b3154e1288f04fc0b6ffb95f69dce6e) Importer(815301076,1909f56bfc062723c751e8b465ee728b)
Start importing Assets/SpriteSheets/kenney_space-shooter-redux/PNG/Effects/fire12.png using Guid(6b3154e1288f04fc0b6ffb95f69dce6e) Importer(815301076,1909f56bfc062723c751e8b465ee728b) (PreviewImporter) -> (artifact id: '73c4c9c8e7373d427b2f54740e8dedc7') in 0.030454251 seconds
Number of updated asset objects reloaded before import = 0Number of asset objects unloaded after import = 3

========================================================================
Received Import Request.
  Time since last request: 0.000063 seconds.
  path: Assets/SpriteSheets/kenney_space-shooter-redux/PNG/Effects/fire09.png
  artifactKey: Guid(080bcf344d1d74b499fd9f968ecf0a6d) Importer(815301076,1909f56bfc062723c751e8b465ee728b)
Start importing Assets/SpriteSheets/kenney_space-shooter-redux/PNG/Effects/fire09.png using Guid(080bcf344d1d74b499fd9f968ecf0a6d) Importer(815301076,1909f56bfc062723c751e8b465ee728b) (PreviewImporter) -> (artifact id: '6608210d0cd311f9a32bd1c7f92ea454') in 0.013359747 seconds
Number of updated asset objects reloaded before import = 0Number of asset objects unloaded after import = 3

========================================================================
Received Import Request.
  Time since last request: 3.128190 seconds.
  path: Assets/SpriteSheets/kenney_space-shooter-redux/PNG/Enemies/enemyBlack2.png
  artifactKey: Guid(aa99dfc638f6548d08a5305a20a7f689) Importer(815301076,1909f56bfc062723c751e8b465ee728b)
Start importing Assets/SpriteSheets/kenney_space-shooter-redux/PNG/Enemies/enemyBlack2.png using Guid(aa99dfc638f6548d08a5305a20a7f689) Importer(815301076,1909f56bfc062723c751e8b465ee728b) (PreviewImporter) -> (artifact id: '48648755e309a1a8a84d46604fbe1d19') in 0.029449959 seconds
Number of updated asset objects reloaded before import = 0Number of asset objects unloaded after import = 3

========================================================================
Received Import Request.
  Time since last request: 0.000096 seconds.
  path: Assets/SpriteSheets/kenney_space-shooter-redux/PNG/Enemies/enemyBlack4.png
  artifactKey: Guid(6f44a7315fa8843279fba967f6cd47ae) Importer(815301076,1909f56bfc062723c751e8b465ee728b)
Start importing Assets/SpriteSheets/kenney_space-shooter-redux/PNG/Enemies/enemyBlack4.png using Guid(6f44a7315fa8843279fba967f6cd47ae) Importer(815301076,1909f56bfc062723c751e8b465ee728b) (PreviewImporter) -> (artifact id: '2259bd5765f9cba84c214991c59e44b9') in 0.017332552 seconds
Number of updated asset objects reloaded before import = 0Number of asset objects unloaded after import = 3

========================================================================
Received Import Request.
  Time since last request: 0.000087 seconds.
  path: Assets/SpriteSheets/kenney_space-shooter-redux/PNG/Enemies/enemyBlue2.png
  artifactKey: Guid(fa8d612103a78471f9a4ed2f51ae814e) Importer(815301076,1909f56bfc062723c751e8b465ee728b)
Start importing Assets/SpriteSheets/kenney_space-shooter-redux/PNG/Enemies/enemyBlue2.png using Guid(fa8d612103a78471f9a4ed2f51ae814e) Importer(815301076,1909f56bfc062723c751e8b465ee728b) (PreviewImporter) -> (artifact id: 'f1d36856afb3ab24c64892966f6a2b08') in 0.014343054 seconds
Number of updated asset objects reloaded before import = 0Number of asset objects unloaded after import = 3

========================================================================
Received Import Request.
  Time since last request: 0.000080 seconds.
  path: Assets/SpriteSheets/kenney_space-shooter-redux/PNG/Enemies/enemyBlue5.png
  artifactKey: Guid(1a58aade7c4b24f088453384f94cef55) Importer(815301076,1909f56bfc062723c751e8b465ee728b)
Start importing Assets/SpriteSheets/kenney_space-shooter-redux/PNG/Enemies/enemyBlue5.png using Guid(1a58aade7c4b24f088453384f94cef55) Importer(815301076,1909f56bfc062723c751e8b465ee728b) (PreviewImporter) -> (artifact id: '5e40c8654499b41944bb337bf064a611') in 0.018399679 seconds
Number of updated asset objects reloaded before import = 0Number of asset objects unloaded after import = 3

========================================================================
Received Import Request.
  Time since last request: 0.000062 seconds.
  path: Assets/SpriteSheets/kenney_space-shooter-redux/PNG/Enemies/enemyGreen3.png
  artifactKey: Guid(ff97091c4942342bc996421d80df26bc) Importer(815301076,1909f56bfc062723c751e8b465ee728b)
Start importing Assets/SpriteSheets/kenney_space-shooter-redux/PNG/Enemies/enemyGreen3.png using Guid(ff97091c4942342bc996421d80df26bc) Importer(815301076,1909f56bfc062723c751e8b465ee728b) (PreviewImporter) -> (artifact id: '2d26f82a5490dfb7b8a56a1b11d0e1f8') in 0.013042871 seconds
Number of updated asset objects reloaded before import = 0Number of asset objects unloaded after import = 3

========================================================================
Received Import Request.
  Time since last request: 0.000088 seconds.
  path: Assets/SpriteSheets/kenney_space-shooter-redux/PNG/Enemies/enemyBlack3.png
  artifactKey: Guid(ae93e809e317240f2a1c46b303a8f0ab) Importer(815301076,1909f56bfc062723c751e8b465ee728b)
Start importing Assets/SpriteSheets/kenney_space-shooter-redux/PNG/Enemies/enemyBlack3.png using Guid(ae93e809e317240f2a1c46b303a8f0ab) Importer(815301076,1909f56bfc062723c751e8b465ee728b) (PreviewImporter) -> (artifact id: 'e3f7aaf853a25c2f65cf6fd161987dc8') in 0.02596942 seconds
Number of updated asset objects reloaded before import = 0Number of asset objects unloaded after import = 3

========================================================================
Received Import Request.
  Time since last request: 0.000076 seconds.
  path: Assets/SpriteSheets/kenney_space-shooter-redux/PNG/Enemies/enemyBlue1.png
  artifactKey: Guid(0cd832fde61cf414faa3cb45cda8f70f) Importer(815301076,1909f56bfc062723c751e8b465ee728b)
Start importing Assets/SpriteSheets/kenney_space-shooter-redux/PNG/Enemies/enemyBlue1.png using Guid(0cd832fde61cf414faa3cb45cda8f70f) Importer(815301076,1909f56bfc062723c751e8b465ee728b) (PreviewImporter) -> (artifact id: 'e56c3eb2607e26795933366ec6268a5c') in 0.029055588 seconds
Number of updated asset objects reloaded before import = 0Number of asset objects unloaded after import = 3

========================================================================
Received Import Request.
  Time since last request: 0.000075 seconds.
  path: Assets/SpriteSheets/kenney_space-shooter-redux/PNG/Enemies/enemyGreen4.png
  artifactKey: Guid(b1cfd0354abfa46fb8de27fed27f1ff7) Importer(815301076,1909f56bfc062723c751e8b465ee728b)
Start importing Assets/SpriteSheets/kenney_space-shooter-redux/PNG/Enemies/enemyGreen4.png using Guid(b1cfd0354abfa46fb8de27fed27f1ff7) Importer(815301076,1909f56bfc062723c751e8b465ee728b) (PreviewImporter) -> (artifact id: 'c8255bf25600ecd4db523f5734cf8e47') in 0.01889663 seconds
Number of updated asset objects reloaded before import = 0Number of asset objects unloaded after import = 3

========================================================================
Received Import Request.
  Time since last request: 0.000098 seconds.
  path: Assets/SpriteSheets/kenney_space-shooter-redux/PNG/Enemies/enemyGreen1.png
  artifactKey: Guid(7261eba70bc5d49588eb6b7d87352adf) Importer(815301076,1909f56bfc062723c751e8b465ee728b)
Start importing Assets/SpriteSheets/kenney_space-shooter-redux/PNG/Enemies/enemyGreen1.png using Guid(7261eba70bc5d49588eb6b7d87352adf) Importer(815301076,1909f56bfc062723c751e8b465ee728b) (PreviewImporter) -> (artifact id: 'a5c490e43bd6456fa02a34742996c0e9') in 0.027229932 seconds
Number of updated asset objects reloaded before import = 0Number of asset objects unloaded after import = 3

========================================================================
Received Import Request.
  Time since last request: 0.000056 seconds.
  path: Assets/SpriteSheets/kenney_space-shooter-redux/PNG/Enemies/enemyRed1.png
  artifactKey: Guid(a9768483fa88e48ef945f40a42de835e) Importer(815301076,1909f56bfc062723c751e8b465ee728b)
Start importing Assets/SpriteSheets/kenney_space-shooter-redux/PNG/Enemies/enemyRed1.png using Guid(a9768483fa88e48ef945f40a42de835e) Importer(815301076,1909f56bfc062723c751e8b465ee728b) (PreviewImporter) -> (artifact id: '5cb69a9e59f3ced3b9a4e31132f36ee3') in 0.025961827 seconds
Number of updated asset objects reloaded before import = 0Number of asset objects unloaded after import = 3

========================================================================
Received Import Request.
  Time since last request: 5.435811 seconds.
  path: Assets/SpriteSheets/kenney_space-shooter-redux/PNG/Meteors/meteorBrown_big3.png
  artifactKey: Guid(af0df636934884f3c8e1197017dfa425) Importer(815301076,1909f56bfc062723c751e8b465ee728b)
Start importing Assets/SpriteSheets/kenney_space-shooter-redux/PNG/Meteors/meteorBrown_big3.png using Guid(af0df636934884f3c8e1197017dfa425) Importer(815301076,1909f56bfc062723c751e8b465ee728b) (PreviewImporter) -> (artifact id: '5bcac3b43cda2c8d90b24a5a93a1e9ad') in 0.011610106 seconds
Number of updated asset objects reloaded before import = 0Number of asset objects unloaded after import = 3

========================================================================
Received Import Request.
  Time since last request: 0.000067 seconds.
  path: Assets/SpriteSheets/kenney_space-shooter-redux/PNG/Meteors/meteorGrey_big1.png
  artifactKey: Guid(06029abdc865d42b3b307d92e7a0d163) Importer(815301076,1909f56bfc062723c751e8b465ee728b)
Start importing Assets/SpriteSheets/kenney_space-shooter-redux/PNG/Meteors/meteorGrey_big1.png using Guid(06029abdc865d42b3b307d92e7a0d163) Importer(815301076,1909f56bfc062723c751e8b465ee728b) (PreviewImporter) -> (artifact id: '2b8e5cc9790e5cc25eb82817028a4e4a') in 0.017940139 seconds
Number of updated asset objects reloaded before import = 0Number of asset objects unloaded after import = 3

========================================================================
Received Import Request.
  Time since last request: 0.000070 seconds.
  path: Assets/SpriteSheets/kenney_space-shooter-redux/PNG/Meteors/meteorBrown_big4.png
  artifactKey: Guid(bcd961b4d5ccd4180925c5919c162d82) Importer(815301076,1909f56bfc062723c751e8b465ee728b)
Start importing Assets/SpriteSheets/kenney_space-shooter-redux/PNG/Meteors/meteorBrown_big4.png using Guid(bcd961b4d5ccd4180925c5919c162d82) Importer(815301076,1909f56bfc062723c751e8b465ee728b) (PreviewImporter) -> (artifact id: '266b2f3be164041d77534fe74a056a1f') in 0.027792203 seconds
Number of updated asset objects reloaded before import = 0Number of asset objects unloaded after import = 3

========================================================================
Received Import Request.
  Time since last request: 0.000056 seconds.
  path: Assets/SpriteSheets/kenney_space-shooter-redux/PNG/Meteors/meteorBrown_med1.png
  artifactKey: Guid(df574ff52b1e843dfa84e2995c0cf384) Importer(815301076,1909f56bfc062723c751e8b465ee728b)
Start importing Assets/SpriteSheets/kenney_space-shooter-redux/PNG/Meteors/meteorBrown_med1.png using Guid(df574ff52b1e843dfa84e2995c0cf384) Importer(815301076,1909f56bfc062723c751e8b465ee728b) (PreviewImporter) -> (artifact id: '2f699feda05f8ddf534887b2ced53c96') in 0.02133615 seconds
Number of updated asset objects reloaded before import = 0Number of asset objects unloaded after import = 3

========================================================================
Received Import Request.
  Time since last request: 0.000078 seconds.
  path: Assets/SpriteSheets/kenney_space-shooter-redux/PNG/Meteors/meteorGrey_big2.png
  artifactKey: Guid(ecd3fdacd769f4ff989e1ff5c49820c7) Importer(815301076,1909f56bfc062723c751e8b465ee728b)
Start importing Assets/SpriteSheets/kenney_space-shooter-redux/PNG/Meteors/meteorGrey_big2.png using Guid(ecd3fdacd769f4ff989e1ff5c49820c7) Importer(815301076,1909f56bfc062723c751e8b465ee728b) (PreviewImporter) -> (artifact id: 'ab2a06568c38dc8a7d83faded4621019') in 0.027240241 seconds
Number of updated asset objects reloaded before import = 0Number of asset objects unloaded after import = 3

========================================================================
Received Import Request.
  Time since last request: 0.000073 seconds.
  path: Assets/SpriteSheets/kenney_space-shooter-redux/PNG/Meteors/meteorGrey_tiny2.png
  artifactKey: Guid(9e735e9bbe7d94034860417a240a3476) Importer(815301076,1909f56bfc062723c751e8b465ee728b)
Start importing Assets/SpriteSheets/kenney_space-shooter-redux/PNG/Meteors/meteorGrey_tiny2.png using Guid(9e735e9bbe7d94034860417a240a3476) Importer(815301076,1909f56bfc062723c751e8b465ee728b) (PreviewImporter) -> (artifact id: 'e5374543569d27bf34df4d0016ae105b') in 0.011499764 seconds
Number of updated asset objects reloaded before import = 0Number of asset objects unloaded after import = 3

========================================================================
Received Import Request.
  Time since last request: 0.000083 seconds.
  path: Assets/SpriteSheets/kenney_space-shooter-redux/PNG/Meteors/meteorGrey_big4.png
  artifactKey: Guid(e2f32949a08644c5eae23d2e9b689136) Importer(815301076,1909f56bfc062723c751e8b465ee728b)
Start importing Assets/SpriteSheets/kenney_space-shooter-redux/PNG/Meteors/meteorGrey_big4.png using Guid(e2f32949a08644c5eae23d2e9b689136) Importer(815301076,1909f56bfc062723c751e8b465ee728b) (PreviewImporter) -> (artifact id: 'c330a7f37dc22579fe4c42f66177a533') in 0.022066514 seconds
Number of updated asset objects reloaded before import = 0Number of asset objects unloaded after import = 3

========================================================================
Received Import Request.
  Time since last request: 0.944497 seconds.
  path: Assets/SpriteSheets/kenney_space-shooter-redux/PNG/Parts/beam2.png
  artifactKey: Guid(993b25c76b79e415e9c6e5cd69e3dd0a) Importer(815301076,1909f56bfc062723c751e8b465ee728b)
Start importing Assets/SpriteSheets/kenney_space-shooter-redux/PNG/Parts/beam2.png using Guid(993b25c76b79e415e9c6e5cd69e3dd0a) Importer(815301076,1909f56bfc062723c751e8b465ee728b) (PreviewImporter) -> (artifact id: 'f99a4e7f567ee61a2211da260eed8d10') in 0.026870861 seconds
Number of updated asset objects reloaded before import = 0Number of asset objects unloaded after import = 3

========================================================================
Received Import Request.
  Time since last request: 0.000088 seconds.
  path: Assets/SpriteSheets/kenney_space-shooter-redux/PNG/Parts/cockpitBlue_0.png
  artifactKey: Guid(0491504af0a714b43adebd35073b0b89) Importer(815301076,1909f56bfc062723c751e8b465ee728b)
Start importing Assets/SpriteSheets/kenney_space-shooter-redux/PNG/Parts/cockpitBlue_0.png using Guid(0491504af0a714b43adebd35073b0b89) Importer(815301076,1909f56bfc062723c751e8b465ee728b) (PreviewImporter) -> (artifact id: 'bdfeee39e624103d1cccbbc012e73d4d') in 0.030910629 seconds
Number of updated asset objects reloaded before import = 0Number of asset objects unloaded after import = 3

========================================================================
Received Import Request.
  Time since last request: 0.000043 seconds.
  path: Assets/SpriteSheets/kenney_space-shooter-redux/PNG/Parts/cockpitYellow_7.png
  artifactKey: Guid(62c7cba0caa3d4285bbd5a6200632496) Importer(815301076,1909f56bfc062723c751e8b465ee728b)
Start importing Assets/SpriteSheets/kenney_space-shooter-redux/PNG/Parts/cockpitYellow_7.png using Guid(62c7cba0caa3d4285bbd5a6200632496) Importer(815301076,1909f56bfc062723c751e8b465ee728b) (PreviewImporter) -> (artifact id: '45a7ea16d963fed52a45b8e3b719d062') in 0.020560281 seconds
Number of updated asset objects reloaded before import = 0Number of asset objects unloaded after import = 3

========================================================================
Received Import Request.
  Time since last request: 0.000074 seconds.
  path: Assets/SpriteSheets/kenney_space-shooter-redux/PNG/Parts/scratch3.png
  artifactKey: Guid(67d32d58c8239457b9fe69ea4019eff0) Importer(815301076,1909f56bfc062723c751e8b465ee728b)
Start importing Assets/SpriteSheets/kenney_space-shooter-redux/PNG/Parts/scratch3.png using Guid(67d32d58c8239457b9fe69ea4019eff0) Importer(815301076,1909f56bfc062723c751e8b465ee728b) (PreviewImporter) -> (artifact id: 'f69c19e60b1e8562714f387de9c5291b') in 0.04904772 seconds
Number of updated asset objects reloaded before import = 0Number of asset objects unloaded after import = 3

========================================================================
Received Import Request.
  Time since last request: 0.000076 seconds.
  path: Assets/SpriteSheets/kenney_space-shooter-redux/PNG/Parts/wingBlue_5.png
  artifactKey: Guid(335142ba185ee468a991d896d89d9e64) Importer(815301076,1909f56bfc062723c751e8b465ee728b)
Start importing Assets/SpriteSheets/kenney_space-shooter-redux/PNG/Parts/wingBlue_5.png using Guid(335142ba185ee468a991d896d89d9e64) Importer(815301076,1909f56bfc062723c751e8b465ee728b) (PreviewImporter) -> (artifact id: '65994e0911ba48959b2d53c1c4625806') in 0.025466148 seconds
Number of updated asset objects reloaded before import = 0Number of asset objects unloaded after import = 3

========================================================================
Received Import Request.
  Time since last request: 0.000058 seconds.
  path: Assets/SpriteSheets/kenney_space-shooter-redux/PNG/Parts/wingGreen_3.png
  artifactKey: Guid(72cb26641630d42eab63ac17cf4239e6) Importer(815301076,1909f56bfc062723c751e8b465ee728b)
Start importing Assets/SpriteSheets/kenney_space-shooter-redux/PNG/Parts/wingGreen_3.png using Guid(72cb26641630d42eab63ac17cf4239e6) Importer(815301076,1909f56bfc062723c751e8b465ee728b) (PreviewImporter) -> (artifact id: '40ff17abf9fc641fd20c1cf034d05605') in 0.01471912 seconds
Number of updated asset objects reloaded before import = 0Number of asset objects unloaded after import = 3

========================================================================
Received Import Request.
  Time since last request: 0.000051 seconds.
  path: Assets/SpriteSheets/kenney_space-shooter-redux/PNG/Parts/wingBlue_3.png
  artifactKey: Guid(38579ca3adb4e4b21946149aca390932) Importer(815301076,1909f56bfc062723c751e8b465ee728b)
Start importing Assets/SpriteSheets/kenney_space-shooter-redux/PNG/Parts/wingBlue_3.png using Guid(38579ca3adb4e4b21946149aca390932) Importer(815301076,1909f56bfc062723c751e8b465ee728b) (PreviewImporter) -> (artifact id: '5d3fd4733055f7b44d81e4cc767d1dbd') in 0.01100797 seconds
Number of updated asset objects reloaded before import = 0Number of asset objects unloaded after import = 3

========================================================================
Received Import Request.
  Time since last request: 0.000058 seconds.
  path: Assets/SpriteSheets/kenney_space-shooter-redux/PNG/Parts/cockpitYellow_4.png
  artifactKey: Guid(aad97d090d9be445393b4d9cbe987b3e) Importer(815301076,1909f56bfc062723c751e8b465ee728b)
Start importing Assets/SpriteSheets/kenney_space-shooter-redux/PNG/Parts/cockpitYellow_4.png using Guid(aad97d090d9be445393b4d9cbe987b3e) Importer(815301076,1909f56bfc062723c751e8b465ee728b) (PreviewImporter) -> (artifact id: '9fb92a0439148c97cd579e5b393e6739') in 0.022372692 seconds
Number of updated asset objects reloaded before import = 0Number of asset objects unloaded after import = 3

========================================================================
Received Import Request.
  Time since last request: 0.000083 seconds.
  path: Assets/SpriteSheets/kenney_space-shooter-redux/PNG/Parts/cockpitYellow_3.png
  artifactKey: Guid(59d456a1c3e984449acb25be9d6f5bfc) Importer(815301076,1909f56bfc062723c751e8b465ee728b)
Start importing Assets/SpriteSheets/kenney_space-shooter-redux/PNG/Parts/cockpitYellow_3.png using Guid(59d456a1c3e984449acb25be9d6f5bfc) Importer(815301076,1909f56bfc062723c751e8b465ee728b) (PreviewImporter) -> (artifact id: 'dbc76d1d1aa2385ced1d2b1f1a6a8fea') in 0.024020437 seconds
Number of updated asset objects reloaded before import = 0Number of asset objects unloaded after import = 3

========================================================================
Received Import Request.
  Time since last request: 0.000061 seconds.
  path: Assets/SpriteSheets/kenney_space-shooter-redux/PNG/Parts/gun03.png
  artifactKey: Guid(197e28fea76ba43699a11d604d6d45b9) Importer(815301076,1909f56bfc062723c751e8b465ee728b)
Start importing Assets/SpriteSheets/kenney_space-shooter-redux/PNG/Parts/gun03.png using Guid(197e28fea76ba43699a11d604d6d45b9) Importer(815301076,1909f56bfc062723c751e8b465ee728b) (PreviewImporter) -> (artifact id: 'a9d43cb65535d6077ebda0a8a9cec765') in 0.032163883 seconds
Number of updated asset objects reloaded before import = 0Number of asset objects unloaded after import = 3

========================================================================
Received Import Request.
  Time since last request: 0.000062 seconds.
  path: Assets/SpriteSheets/kenney_space-shooter-redux/PNG/Parts/wingGreen_5.png
  artifactKey: Guid(7fc9e1f5f71304b07a09ce6eabf82d28) Importer(815301076,1909f56bfc062723c751e8b465ee728b)
Start importing Assets/SpriteSheets/kenney_space-shooter-redux/PNG/Parts/wingGreen_5.png using Guid(7fc9e1f5f71304b07a09ce6eabf82d28) Importer(815301076,1909f56bfc062723c751e8b465ee728b) (PreviewImporter) -> (artifact id: '9a28db47c84b3730abcbc09a8f5242d8') in 0.012167087 seconds
Number of updated asset objects reloaded before import = 0Number of asset objects unloaded after import = 3

========================================================================
Received Import Request.
  Time since last request: 0.000085 seconds.
  path: Assets/SpriteSheets/kenney_space-shooter-redux/PNG/Parts/gun07.png
  artifactKey: Guid(3ff03a3836fdb488ca0a69199e642259) Importer(815301076,1909f56bfc062723c751e8b465ee728b)
Start importing Assets/SpriteSheets/kenney_space-shooter-redux/PNG/Parts/gun07.png using Guid(3ff03a3836fdb488ca0a69199e642259) Importer(815301076,1909f56bfc062723c751e8b465ee728b) (PreviewImporter) -> (artifact id: '2b0841c52a6b51c5a144187dede5503c') in 0.022021817 seconds
Number of updated asset objects reloaded before import = 0Number of asset objects unloaded after import = 3

========================================================================
Received Import Request.
  Time since last request: 0.000058 seconds.
  path: Assets/SpriteSheets/kenney_space-shooter-redux/PNG/Parts/beam4.png
  artifactKey: Guid(9ce73a4e74ce74d1da549caafbf0001d) Importer(815301076,1909f56bfc062723c751e8b465ee728b)
Start importing Assets/SpriteSheets/kenney_space-shooter-redux/PNG/Parts/beam4.png using Guid(9ce73a4e74ce74d1da549caafbf0001d) Importer(815301076,1909f56bfc062723c751e8b465ee728b) (PreviewImporter) -> (artifact id: 'cd0fdd50b10d355831a90268c23efb07') in 0.029667798 seconds
Number of updated asset objects reloaded before import = 0Number of asset objects unloaded after import = 3

========================================================================
Received Import Request.
  Time since last request: 0.000064 seconds.
  path: Assets/SpriteSheets/kenney_space-shooter-redux/PNG/Parts/beam6.png
  artifactKey: Guid(bc82a4b09ae994f70b1fd87dbea9107c) Importer(815301076,1909f56bfc062723c751e8b465ee728b)
Start importing Assets/SpriteSheets/kenney_space-shooter-redux/PNG/Parts/beam6.png using Guid(bc82a4b09ae994f70b1fd87dbea9107c) Importer(815301076,1909f56bfc062723c751e8b465ee728b) (PreviewImporter) -> (artifact id: '5a192c3ba959ecdf7ede20038615a7c0') in 0.058781596 seconds
Number of updated asset objects reloaded before import = 0Number of asset objects unloaded after import = 3

========================================================================
Received Import Request.
  Time since last request: 0.000071 seconds.
  path: Assets/SpriteSheets/kenney_space-shooter-redux/PNG/Parts/cockpitBlue_7.png
  artifactKey: Guid(29ab94ba22df04797a1317724e96426f) Importer(815301076,1909f56bfc062723c751e8b465ee728b)
Start importing Assets/SpriteSheets/kenney_space-shooter-redux/PNG/Parts/cockpitBlue_7.png using Guid(29ab94ba22df04797a1317724e96426f) Importer(815301076,1909f56bfc062723c751e8b465ee728b) (PreviewImporter) -> (artifact id: '4bc6bd0af4f7a357142802637f94ea41') in 0.058331247 seconds
Number of updated asset objects reloaded before import = 0Number of asset objects unloaded after import = 3

========================================================================
Received Import Request.
  Time since last request: 0.000055 seconds.
  path: Assets/SpriteSheets/kenney_space-shooter-redux/PNG/Parts/wingGreen_4.png
  artifactKey: Guid(aec8515fa6c9f4c429bad6c62fd352e9) Importer(815301076,1909f56bfc062723c751e8b465ee728b)
Start importing Assets/SpriteSheets/kenney_space-shooter-redux/PNG/Parts/wingGreen_4.png using Guid(aec8515fa6c9f4c429bad6c62fd352e9) Importer(815301076,1909f56bfc062723c751e8b465ee728b) (PreviewImporter) -> (artifact id: 'c9cbfb07cbf5809174f545b1f464fc86') in 0.019250452 seconds
Number of updated asset objects reloaded before import = 0Number of asset objects unloaded after import = 3

========================================================================
Received Import Request.
  Time since last request: 0.000079 seconds.
  path: Assets/SpriteSheets/kenney_space-shooter-redux/PNG/Parts/beam5.png
  artifactKey: Guid(c2383228c3ad4427380c7901ca03594f) Importer(815301076,1909f56bfc062723c751e8b465ee728b)
Start importing Assets/SpriteSheets/kenney_space-shooter-redux/PNG/Parts/beam5.png using Guid(c2383228c3ad4427380c7901ca03594f) Importer(815301076,1909f56bfc062723c751e8b465ee728b) (PreviewImporter) -> (artifact id: '757b70406cb37b1155404205ddf30046') in 0.010930729 seconds
Number of updated asset objects reloaded before import = 0Number of asset objects unloaded after import = 3

========================================================================
Received Import Request.
  Time since last request: 0.000070 seconds.
  path: Assets/SpriteSheets/kenney_space-shooter-redux/PNG/Parts/cockpitGreen_7.png
  artifactKey: Guid(6e27d84b41f644414a4024f2137f2e98) Importer(815301076,1909f56bfc062723c751e8b465ee728b)
Start importing Assets/SpriteSheets/kenney_space-shooter-redux/PNG/Parts/cockpitGreen_7.png using Guid(6e27d84b41f644414a4024f2137f2e98) Importer(815301076,1909f56bfc062723c751e8b465ee728b) (PreviewImporter) -> (artifact id: '95c292b7784c44c620984c6df5e9f39f') in 0.023154035 seconds
Number of updated asset objects reloaded before import = 0Number of asset objects unloaded after import = 3

========================================================================
Received Import Request.
  Time since last request: 0.000063 seconds.
  path: Assets/SpriteSheets/kenney_space-shooter-redux/PNG/Parts/wingBlue_0.png
  artifactKey: Guid(1f8fe7964e4ee4424ae945deef6f32d7) Importer(815301076,1909f56bfc062723c751e8b465ee728b)
Start importing Assets/SpriteSheets/kenney_space-shooter-redux/PNG/Parts/wingBlue_0.png using Guid(1f8fe7964e4ee4424ae945deef6f32d7) Importer(815301076,1909f56bfc062723c751e8b465ee728b) (PreviewImporter) -> (artifact id: '4448d2a86ea6f0965b7e2d4617967a04') in 0.016771163 seconds
Number of updated asset objects reloaded before import = 0Number of asset objects unloaded after import = 3

========================================================================
Received Import Request.
  Time since last request: 0.000078 seconds.
  path: Assets/SpriteSheets/kenney_space-shooter-redux/PNG/Parts/cockpitRed_5.png
  artifactKey: Guid(82a3f52ad98b34ac59af27419c4afa12) Importer(815301076,1909f56bfc062723c751e8b465ee728b)
Start importing Assets/SpriteSheets/kenney_space-shooter-redux/PNG/Parts/cockpitRed_5.png using Guid(82a3f52ad98b34ac59af27419c4afa12) Importer(815301076,1909f56bfc062723c751e8b465ee728b) (PreviewImporter) -> (artifact id: 'ad91c83e6dbb09dfc8267b9cf898eeae') in 0.011463511 seconds
Number of updated asset objects reloaded before import = 0Number of asset objects unloaded after import = 3

========================================================================
Received Import Request.
  Time since last request: 0.000063 seconds.
  path: Assets/SpriteSheets/kenney_space-shooter-redux/PNG/Parts/engine2.png
  artifactKey: Guid(4b1c7327723b84b418c505ab4bb80b62) Importer(815301076,1909f56bfc062723c751e8b465ee728b)
Start importing Assets/SpriteSheets/kenney_space-shooter-redux/PNG/Parts/engine2.png using Guid(4b1c7327723b84b418c505ab4bb80b62) Importer(815301076,1909f56bfc062723c751e8b465ee728b) (PreviewImporter) -> (artifact id: '5ed8e83efe07d35e6ab903d29b8e8860') in 0.015127939 seconds
Number of updated asset objects reloaded before import = 0Number of asset objects unloaded after import = 3

========================================================================
Received Import Request.
  Time since last request: 0.000057 seconds.
  path: Assets/SpriteSheets/kenney_space-shooter-redux/PNG/Parts/beamLong2.png
  artifactKey: Guid(b1cd8c6f48b604d38bd09452a9e31309) Importer(815301076,1909f56bfc062723c751e8b465ee728b)
Start importing Assets/SpriteSheets/kenney_space-shooter-redux/PNG/Parts/beamLong2.png using Guid(b1cd8c6f48b604d38bd09452a9e31309) Importer(815301076,1909f56bfc062723c751e8b465ee728b) (PreviewImporter) -> (artifact id: 'e7650eac779a4c9103cc2ffb1ea4b14e') in 0.026087432 seconds
Number of updated asset objects reloaded before import = 0Number of asset objects unloaded after import = 3

========================================================================
Received Import Request.
  Time since last request: 0.000072 seconds.
  path: Assets/SpriteSheets/kenney_space-shooter-redux/PNG/Parts/engine1.png
  artifactKey: Guid(e840429060f7d42aa89d7787e2e3bfed) Importer(815301076,1909f56bfc062723c751e8b465ee728b)
Start importing Assets/SpriteSheets/kenney_space-shooter-redux/PNG/Parts/engine1.png using Guid(e840429060f7d42aa89d7787e2e3bfed) Importer(815301076,1909f56bfc062723c751e8b465ee728b) (PreviewImporter) -> (artifact id: 'c48ff1b493bf45a790153384e82975fd') in 0.013641005 seconds
Number of updated asset objects reloaded before import = 0Number of asset objects unloaded after import = 3

========================================================================
Received Import Request.
  Time since last request: 0.000200 seconds.
  path: Assets/SpriteSheets/kenney_space-shooter-redux/PNG/Parts/gun06.png
  artifactKey: Guid(5a079aceb47f440d49f81088664a775c) Importer(815301076,1909f56bfc062723c751e8b465ee728b)
Start importing Assets/SpriteSheets/kenney_space-shooter-redux/PNG/Parts/gun06.png using Guid(5a079aceb47f440d49f81088664a775c) Importer(815301076,1909f56bfc062723c751e8b465ee728b) (PreviewImporter) -> (artifact id: 'dab882c964b51cda45b737fb29c1b2a3') in 0.011841053 seconds
Number of updated asset objects reloaded before import = 0Number of asset objects unloaded after import = 3

========================================================================
Received Import Request.
  Time since last request: 0.000071 seconds.
  path: Assets/SpriteSheets/kenney_space-shooter-redux/PNG/Parts/cockpitRed_2.png
  artifactKey: Guid(daf550d9ed19b43aca3d779307d0c3f9) Importer(815301076,1909f56bfc062723c751e8b465ee728b)
Start importing Assets/SpriteSheets/kenney_space-shooter-redux/PNG/Parts/cockpitRed_2.png using Guid(daf550d9ed19b43aca3d779307d0c3f9) Importer(815301076,1909f56bfc062723c751e8b465ee728b) (PreviewImporter) -> (artifact id: '1901244327738dfa4e15e88b1d028e7f') in 0.017693189 seconds
Number of updated asset objects reloaded before import = 0Number of asset objects unloaded after import = 3

========================================================================
Received Import Request.
  Time since last request: 0.523112 seconds.
  path: Assets/SpriteSheets/kenney_space-shooter-redux/PNG/Parts/wingRed_0.png
  artifactKey: Guid(c87b23765af764dc9b0146ba6609c692) Importer(815301076,1909f56bfc062723c751e8b465ee728b)
Start importing Assets/SpriteSheets/kenney_space-shooter-redux/PNG/Parts/wingRed_0.png using Guid(c87b23765af764dc9b0146ba6609c692) Importer(815301076,1909f56bfc062723c751e8b465ee728b) (PreviewImporter) -> (artifact id: 'ca775e67a7ab9aa0e1717ccbf5233af9') in 0.020381619 seconds
Number of updated asset objects reloaded before import = 0Number of asset objects unloaded after import = 3

========================================================================
Received Import Request.
  Time since last request: 0.000054 seconds.
  path: Assets/SpriteSheets/kenney_space-shooter-redux/PNG/Parts/wingYellow_3.png
  artifactKey: Guid(4cb64ba11d67b44d5b8ed660716fa329) Importer(815301076,1909f56bfc062723c751e8b465ee728b)
Start importing Assets/SpriteSheets/kenney_space-shooter-redux/PNG/Parts/wingYellow_3.png using Guid(4cb64ba11d67b44d5b8ed660716fa329) Importer(815301076,1909f56bfc062723c751e8b465ee728b) (PreviewImporter) -> (artifact id: '9bbc3a916afeafd1c65a3664f573666a') in 0.025269611 seconds
Number of updated asset objects reloaded before import = 0Number of asset objects unloaded after import = 3

========================================================================
Received Import Request.
  Time since last request: 0.000061 seconds.
  path: Assets/SpriteSheets/kenney_space-shooter-redux/PNG/Parts/wingYellow_4.png
  artifactKey: Guid(5615527a3b09b4e57a23d1e22ef52da9) Importer(815301076,1909f56bfc062723c751e8b465ee728b)
Start importing Assets/SpriteSheets/kenney_space-shooter-redux/PNG/Parts/wingYellow_4.png using Guid(5615527a3b09b4e57a23d1e22ef52da9) Importer(815301076,1909f56bfc062723c751e8b465ee728b) (PreviewImporter) -> (artifact id: 'fc92b23482c3a5931b543c6401c7314c') in 0.025844745 seconds
Number of updated asset objects reloaded before import = 0Number of asset objects unloaded after import = 3

========================================================================
Received Import Request.
  Time since last request: 0.000064 seconds.
  path: Assets/SpriteSheets/kenney_space-shooter-redux/PNG/Parts/wingRed_3.png
  artifactKey: Guid(d6f36ee0b9908497ab9de665dc065c06) Importer(815301076,1909f56bfc062723c751e8b465ee728b)
Start importing Assets/SpriteSheets/kenney_space-shooter-redux/PNG/Parts/wingRed_3.png using Guid(d6f36ee0b9908497ab9de665dc065c06) Importer(815301076,1909f56bfc062723c751e8b465ee728b) (PreviewImporter) -> (artifact id: '4af883bf3a1650c42dc7a01c9d5656ec') in 0.012235092 seconds
Number of updated asset objects reloaded before import = 0Number of asset objects unloaded after import = 3

========================================================================
Received Import Request.
  Time since last request: 0.000049 seconds.
  path: Assets/SpriteSheets/kenney_space-shooter-redux/PNG/Parts/wingRed_7.png
  artifactKey: Guid(b9ac366fa9bda48e892c3650e4ec22f5) Importer(815301076,1909f56bfc062723c751e8b465ee728b)
Start importing Assets/SpriteSheets/kenney_space-shooter-redux/PNG/Parts/wingRed_7.png using Guid(b9ac366fa9bda48e892c3650e4ec22f5) Importer(815301076,1909f56bfc062723c751e8b465ee728b) (PreviewImporter) -> (artifact id: '43084371df10fd6130d9a1cbcfbb0688') in 0.025324824 seconds
Number of updated asset objects reloaded before import = 0Number of asset objects unloaded after import = 3

========================================================================
Received Import Request.
  Time since last request: 0.000058 seconds.
  path: Assets/SpriteSheets/kenney_space-shooter-redux/PNG/Parts/wingRed_6.png
  artifactKey: Guid(305a42a3568a2484ba4fb31322168065) Importer(815301076,1909f56bfc062723c751e8b465ee728b)
Start importing Assets/SpriteSheets/kenney_space-shooter-redux/PNG/Parts/wingRed_6.png using Guid(305a42a3568a2484ba4fb31322168065) Importer(815301076,1909f56bfc062723c751e8b465ee728b) (PreviewImporter) -> (artifact id: 'd3f1098d77a8662d149de0e4f44827ca') in 0.023192482 seconds
Number of updated asset objects reloaded before import = 0Number of asset objects unloaded after import = 3

========================================================================
Received Import Request.
  Time since last request: 2.006617 seconds.
  path: Assets/SpriteSheets/kenney_space-shooter-redux/PNG/Power-ups/bolt_gold.png
  artifactKey: Guid(d0d3b49c5a4d040ddbfed0b7fb7a018c) Importer(815301076,1909f56bfc062723c751e8b465ee728b)
Start importing Assets/SpriteSheets/kenney_space-shooter-redux/PNG/Power-ups/bolt_gold.png using Guid(d0d3b49c5a4d040ddbfed0b7fb7a018c) Importer(815301076,1909f56bfc062723c751e8b465ee728b) (PreviewImporter) -> (artifact id: '248d2ab51f98d7fb8138d052547c2629') in 0.025877881 seconds
Number of updated asset objects reloaded before import = 0Number of asset objects unloaded after import = 3

========================================================================
Received Import Request.
  Time since last request: 0.000077 seconds.
  path: Assets/SpriteSheets/kenney_space-shooter-redux/PNG/Power-ups/powerupGreen_star.png
  artifactKey: Guid(57b253585d5804d1384211302ca3debf) Importer(815301076,1909f56bfc062723c751e8b465ee728b)
Start importing Assets/SpriteSheets/kenney_space-shooter-redux/PNG/Power-ups/powerupGreen_star.png using Guid(57b253585d5804d1384211302ca3debf) Importer(815301076,1909f56bfc062723c751e8b465ee728b) (PreviewImporter) -> (artifact id: '306aa8e68c4995111dcd41b0a5447196') in 0.014945772 seconds
Number of updated asset objects reloaded before import = 0Number of asset objects unloaded after import = 3

========================================================================
Received Import Request.
  Time since last request: 0.000081 seconds.
  path: Assets/SpriteSheets/kenney_space-shooter-redux/PNG/Power-ups/star_gold.png
  artifactKey: Guid(80879d1a4bc3541d89e7738ccf46b2b4) Importer(815301076,1909f56bfc062723c751e8b465ee728b)
Start importing Assets/SpriteSheets/kenney_space-shooter-redux/PNG/Power-ups/star_gold.png using Guid(80879d1a4bc3541d89e7738ccf46b2b4) Importer(815301076,1909f56bfc062723c751e8b465ee728b) (PreviewImporter) -> (artifact id: 'f0730f187ea1d446a5cafa145407347a') in 0.029427581 seconds
Number of updated asset objects reloaded before import = 0Number of asset objects unloaded after import = 3

========================================================================
Received Import Request.
  Time since last request: 0.000054 seconds.
  path: Assets/SpriteSheets/kenney_space-shooter-redux/PNG/Power-ups/shield_silver.png
  artifactKey: Guid(640f7099d7da047f28bae4ac195e56d7) Importer(815301076,1909f56bfc062723c751e8b465ee728b)
Start importing Assets/SpriteSheets/kenney_space-shooter-redux/PNG/Power-ups/shield_silver.png using Guid(640f7099d7da047f28bae4ac195e56d7) Importer(815301076,1909f56bfc062723c751e8b465ee728b) (PreviewImporter) -> (artifact id: 'e07b8fe5e828803a6d39013a8220ece0') in 0.022217611 seconds
Number of updated asset objects reloaded before import = 0Number of asset objects unloaded after import = 3

========================================================================
Received Import Request.
  Time since last request: 0.000094 seconds.
  path: Assets/SpriteSheets/kenney_space-shooter-redux/PNG/Power-ups/things_silver.png
  artifactKey: Guid(75b0b19f2504849c4a2e53b9f88b4bfe) Importer(815301076,1909f56bfc062723c751e8b465ee728b)
Start importing Assets/SpriteSheets/kenney_space-shooter-redux/PNG/Power-ups/things_silver.png using Guid(75b0b19f2504849c4a2e53b9f88b4bfe) Importer(815301076,1909f56bfc062723c751e8b465ee728b) (PreviewImporter) -> (artifact id: 'ba30ae0cf7dcaaafff24557623b88452') in 0.025566731 seconds
Number of updated asset objects reloaded before import = 0Number of asset objects unloaded after import = 3

========================================================================
Received Import Request.
  Time since last request: 0.000075 seconds.
  path: Assets/SpriteSheets/kenney_space-shooter-redux/PNG/Power-ups/powerupYellow_shield.png
  artifactKey: Guid(5fc08291313b24284a694b14a468294d) Importer(815301076,1909f56bfc062723c751e8b465ee728b)
Start importing Assets/SpriteSheets/kenney_space-shooter-redux/PNG/Power-ups/powerupYellow_shield.png using Guid(5fc08291313b24284a694b14a468294d) Importer(815301076,1909f56bfc062723c751e8b465ee728b) (PreviewImporter) -> (artifact id: 'f8af763b0cf2bafdb7ea4581f753598f') in 0.017685684 seconds
Number of updated asset objects reloaded before import = 0Number of asset objects unloaded after import = 3

========================================================================
Received Import Request.
  Time since last request: 0.000056 seconds.
  path: Assets/SpriteSheets/kenney_space-shooter-redux/PNG/Power-ups/shield_gold.png
  artifactKey: Guid(0267d0015491e435194d1884df1c9f72) Importer(815301076,1909f56bfc062723c751e8b465ee728b)
Start importing Assets/SpriteSheets/kenney_space-shooter-redux/PNG/Power-ups/shield_gold.png using Guid(0267d0015491e435194d1884df1c9f72) Importer(815301076,1909f56bfc062723c751e8b465ee728b) (PreviewImporter) -> (artifact id: '802569d518742df3f6638b347da21628') in 0.012062055 seconds
Number of updated asset objects reloaded before import = 0Number of asset objects unloaded after import = 3

========================================================================
Received Import Request.
  Time since last request: 0.000066 seconds.
  path: Assets/SpriteSheets/kenney_space-shooter-redux/PNG/Power-ups/powerupRed.png
  artifactKey: Guid(df9c417820e2e429fb62f7a39bb6bb3c) Importer(815301076,1909f56bfc062723c751e8b465ee728b)
Start importing Assets/SpriteSheets/kenney_space-shooter-redux/PNG/Power-ups/powerupRed.png using Guid(df9c417820e2e429fb62f7a39bb6bb3c) Importer(815301076,1909f56bfc062723c751e8b465ee728b) (PreviewImporter) -> (artifact id: 'c3040d72872db6fe8060f4979cb62bca') in 0.017390521 seconds
Number of updated asset objects reloaded before import = 0Number of asset objects unloaded after import = 3

========================================================================
Received Import Request.
  Time since last request: 0.000076 seconds.
  path: Assets/SpriteSheets/kenney_space-shooter-redux/PNG/Power-ups/pill_blue.png
  artifactKey: Guid(4e1a9862d65ec4deb8ef46d649bc37c3) Importer(815301076,1909f56bfc062723c751e8b465ee728b)
Start importing Assets/SpriteSheets/kenney_space-shooter-redux/PNG/Power-ups/pill_blue.png using Guid(4e1a9862d65ec4deb8ef46d649bc37c3) Importer(815301076,1909f56bfc062723c751e8b465ee728b) (PreviewImporter) -> (artifact id: '5bc6c21f57b4013eb1102f2c678471da') in 0.029162909 seconds
Number of updated asset objects reloaded before import = 0Number of asset objects unloaded after import = 3

========================================================================
Received Import Request.
  Time since last request: 0.000060 seconds.
  path: Assets/SpriteSheets/kenney_space-shooter-redux/PNG/Power-ups/powerupRed_shield.png
  artifactKey: Guid(02bc73cc822484f9c90de6d8a9de59a3) Importer(815301076,1909f56bfc062723c751e8b465ee728b)
Start importing Assets/SpriteSheets/kenney_space-shooter-redux/PNG/Power-ups/powerupRed_shield.png using Guid(02bc73cc822484f9c90de6d8a9de59a3) Importer(815301076,1909f56bfc062723c751e8b465ee728b) (PreviewImporter) -> (artifact id: '7f50be349d3f980d4835ba527e387bb2') in 0.014366209 seconds
Number of updated asset objects reloaded before import = 0Number of asset objects unloaded after import = 3

========================================================================
Received Import Request.
  Time since last request: 0.000064 seconds.
  path: Assets/SpriteSheets/kenney_space-shooter-redux/PNG/Power-ups/star_bronze.png
  artifactKey: Guid(76c472398f7a445388df45cae7c5efd2) Importer(815301076,1909f56bfc062723c751e8b465ee728b)
Start importing Assets/SpriteSheets/kenney_space-shooter-redux/PNG/Power-ups/star_bronze.png using Guid(76c472398f7a445388df45cae7c5efd2) Importer(815301076,1909f56bfc062723c751e8b465ee728b) (PreviewImporter) -> (artifact id: 'ec391be039fb3d8990a2285e4a4065d3') in 0.026006885 seconds
Number of updated asset objects reloaded before import = 0Number of asset objects unloaded after import = 3

========================================================================
Received Import Request.
  Time since last request: 1.940033 seconds.
  path: Assets/SpriteSheets/kenney_space-shooter-redux/PNG/UI/buttonRed.png
  artifactKey: Guid(55078cc499d79472cbf6a5f6ac54488b) Importer(815301076,1909f56bfc062723c751e8b465ee728b)
Start importing Assets/SpriteSheets/kenney_space-shooter-redux/PNG/UI/buttonRed.png using Guid(55078cc499d79472cbf6a5f6ac54488b) Importer(815301076,1909f56bfc062723c751e8b465ee728b) (PreviewImporter) -> (artifact id: 'e61450a567ed90f7a799fc229c201b97') in 0.025012119 seconds
Number of updated asset objects reloaded before import = 0Number of asset objects unloaded after import = 3

========================================================================
Received Import Request.
  Time since last request: 0.000060 seconds.
  path: Assets/SpriteSheets/kenney_space-shooter-redux/PNG/UI/playerLife1_green.png
  artifactKey: Guid(7add5a69e1183401997a1499cab6d966) Importer(815301076,1909f56bfc062723c751e8b465ee728b)
Start importing Assets/SpriteSheets/kenney_space-shooter-redux/PNG/UI/playerLife1_green.png using Guid(7add5a69e1183401997a1499cab6d966) Importer(815301076,1909f56bfc062723c751e8b465ee728b) (PreviewImporter) -> (artifact id: '5d9d17513be15bdc00d0c7d92987961d') in 0.014630894 seconds
Number of updated asset objects reloaded before import = 0Number of asset objects unloaded after import = 3

========================================================================
Received Import Request.
  Time since last request: 0.000077 seconds.
  path: Assets/SpriteSheets/kenney_space-shooter-redux/PNG/UI/playerLife1_orange.png
  artifactKey: Guid(5054f8d5d4b9c4bf2a3d23296efe3513) Importer(815301076,1909f56bfc062723c751e8b465ee728b)
Start importing Assets/SpriteSheets/kenney_space-shooter-redux/PNG/UI/playerLife1_orange.png using Guid(5054f8d5d4b9c4bf2a3d23296efe3513) Importer(815301076,1909f56bfc062723c751e8b465ee728b) (PreviewImporter) -> (artifact id: '07fd1626c37812554463ecf96e9c2b2d') in 0.011076578 seconds
Number of updated asset objects reloaded before import = 0Number of asset objects unloaded after import = 3

========================================================================
Received Import Request.
  Time since last request: 0.000045 seconds.
  path: Assets/SpriteSheets/kenney_space-shooter-redux/PNG/UI/numeral5.png
  artifactKey: Guid(c3fdc1f6cf0bb45ea9d5000f1a7dfcb3) Importer(815301076,1909f56bfc062723c751e8b465ee728b)
Start importing Assets/SpriteSheets/kenney_space-shooter-redux/PNG/UI/numeral5.png using Guid(c3fdc1f6cf0bb45ea9d5000f1a7dfcb3) Importer(815301076,1909f56bfc062723c751e8b465ee728b) (PreviewImporter) -> (artifact id: '19af3dccc27513021859f2f7c535f4b9') in 0.023409906 seconds
Number of updated asset objects reloaded before import = 0Number of asset objects unloaded after import = 3

========================================================================
Received Import Request.
  Time since last request: 0.000051 seconds.
  path: Assets/SpriteSheets/kenney_space-shooter-redux/PNG/UI/numeral2.png
  artifactKey: Guid(220d39bf22f7d4d42b0c4d8307906ebb) Importer(815301076,1909f56bfc062723c751e8b465ee728b)
Start importing Assets/SpriteSheets/kenney_space-shooter-redux/PNG/UI/numeral2.png using Guid(220d39bf22f7d4d42b0c4d8307906ebb) Importer(815301076,1909f56bfc062723c751e8b465ee728b) (PreviewImporter) -> (artifact id: 'f240ec5e88fcb84f99c4d970e6bfc813') in 0.023127346 seconds
Number of updated asset objects reloaded before import = 0Number of asset objects unloaded after import = 3

========================================================================
Received Import Request.
  Time since last request: 0.000054 seconds.
  path: Assets/SpriteSheets/kenney_space-shooter-redux/PNG/UI/playerLife2_green.png
  artifactKey: Guid(0ebf8acf9674944fe8e286d50ab78396) Importer(815301076,1909f56bfc062723c751e8b465ee728b)
Start importing Assets/SpriteSheets/kenney_space-shooter-redux/PNG/UI/playerLife2_green.png using Guid(0ebf8acf9674944fe8e286d50ab78396) Importer(815301076,1909f56bfc062723c751e8b465ee728b) (PreviewImporter) -> (artifact id: 'd3bcd5887a2a9c013f44e81bb03aa7d1') in 0.012236924 seconds
Number of updated asset objects reloaded before import = 0Number of asset objects unloaded after import = 3

========================================================================
Received Import Request.
  Time since last request: 0.000073 seconds.
  path: Assets/SpriteSheets/kenney_space-shooter-redux/PNG/UI/playerLife3_blue.png
  artifactKey: Guid(f64382a31d27643be992ae4e39da53b7) Importer(815301076,1909f56bfc062723c751e8b465ee728b)
Start importing Assets/SpriteSheets/kenney_space-shooter-redux/PNG/UI/playerLife3_blue.png using Guid(f64382a31d27643be992ae4e39da53b7) Importer(815301076,1909f56bfc062723c751e8b465ee728b) (PreviewImporter) -> (artifact id: 'f961a36bc33f2c07b890d99c29a4599b') in 0.028481831 seconds
Number of updated asset objects reloaded before import = 0Number of asset objects unloaded after import = 3

========================================================================
Received Import Request.
  Time since last request: 0.000072 seconds.
  path: Assets/SpriteSheets/kenney_space-shooter-redux/PNG/UI/playerLife3_green.png
  artifactKey: Guid(4555de0a8771945a8816d0ba6db5155a) Importer(815301076,1909f56bfc062723c751e8b465ee728b)
Start importing Assets/SpriteSheets/kenney_space-shooter-redux/PNG/UI/playerLife3_green.png using Guid(4555de0a8771945a8816d0ba6db5155a) Importer(815301076,1909f56bfc062723c751e8b465ee728b) (PreviewImporter) -> (artifact id: '7197187b456ba82cb2c1c5d16ed0cc2f') in 0.028338334 seconds
Number of updated asset objects reloaded before import = 0Number of asset objects unloaded after import = 3

========================================================================
Received Import Request.
  Time since last request: 0.000046 seconds.
  path: Assets/SpriteSheets/kenney_space-shooter-redux/PNG/UI/numeral8.png
  artifactKey: Guid(4b205e38430894834aadcddf4b0149a5) Importer(815301076,1909f56bfc062723c751e8b465ee728b)
Start importing Assets/SpriteSheets/kenney_space-shooter-redux/PNG/UI/numeral8.png using Guid(4b205e38430894834aadcddf4b0149a5) Importer(815301076,1909f56bfc062723c751e8b465ee728b) (PreviewImporter) -> (artifact id: 'ca4c6fb11ca3c70fee7d1d00bcb8fbf9') in 0.011708565 seconds
Number of updated asset objects reloaded before import = 0Number of asset objects unloaded after import = 3

========================================================================
Received Import Request.
  Time since last request: 0.000062 seconds.
  path: Assets/SpriteSheets/kenney_space-shooter-redux/PNG/UI/numeral1.png
  artifactKey: Guid(86152697affa24eb2a1e57d966c0767c) Importer(815301076,1909f56bfc062723c751e8b465ee728b)
Start importing Assets/SpriteSheets/kenney_space-shooter-redux/PNG/UI/numeral1.png using Guid(86152697affa24eb2a1e57d966c0767c) Importer(815301076,1909f56bfc062723c751e8b465ee728b) (PreviewImporter) -> (artifact id: 'd8b1a42be694a9060bb958577c359db9') in 0.027561207 seconds
Number of updated asset objects reloaded before import = 0Number of asset objects unloaded after import = 3

========================================================================
Received Import Request.
  Time since last request: 17.502698 seconds.
  path: Assets/SpriteSheets/kenney_top-down-shooter/PNG/Tiles/tile_03.png
  artifactKey: Guid(7054487c86b7144b2b9df3508d0aeb07) Importer(815301076,1909f56bfc062723c751e8b465ee728b)
Start importing Assets/SpriteSheets/kenney_top-down-shooter/PNG/Tiles/tile_03.png using Guid(7054487c86b7144b2b9df3508d0aeb07) Importer(815301076,1909f56bfc062723c751e8b465ee728b) (PreviewImporter) -> (artifact id: '3f287794bbba6318295fc0a3bfb7e66f') in 0.027879079 seconds
Number of updated asset objects reloaded before import = 0Number of asset objects unloaded after import = 3

========================================================================
Received Import Request.
  Time since last request: 0.000072 seconds.
  path: Assets/SpriteSheets/kenney_top-down-shooter/PNG/Tiles/tile_11.png
  artifactKey: Guid(e711380b4795a4c45a748eca2fbae536) Importer(815301076,1909f56bfc062723c751e8b465ee728b)
Start importing Assets/SpriteSheets/kenney_top-down-shooter/PNG/Tiles/tile_11.png using Guid(e711380b4795a4c45a748eca2fbae536) Importer(815301076,1909f56bfc062723c751e8b465ee728b) (PreviewImporter) -> (artifact id: '0bbb0f397a6cddd41a13493a01dccef8') in 0.027112684 seconds
Number of updated asset objects reloaded before import = 0Number of asset objects unloaded after import = 3

========================================================================
Received Import Request.
  Time since last request: 0.000059 seconds.
  path: Assets/SpriteSheets/kenney_top-down-shooter/PNG/Tiles/tile_45.png
  artifactKey: Guid(134557fdadd51406d89925ff647250fa) Importer(815301076,1909f56bfc062723c751e8b465ee728b)
Start importing Assets/SpriteSheets/kenney_top-down-shooter/PNG/Tiles/tile_45.png using Guid(134557fdadd51406d89925ff647250fa) Importer(815301076,1909f56bfc062723c751e8b465ee728b) (PreviewImporter) -> (artifact id: '205228aba08773fd1b5dca81f40f39c6') in 0.024329745 seconds
Number of updated asset objects reloaded before import = 0Number of asset objects unloaded after import = 3

========================================================================
Received Import Request.
  Time since last request: 0.000054 seconds.
  path: Assets/SpriteSheets/kenney_top-down-shooter/PNG/Tiles/tile_38.png
  artifactKey: Guid(687292448805648af995762682478a8c) Importer(815301076,1909f56bfc062723c751e8b465ee728b)
Start importing Assets/SpriteSheets/kenney_top-down-shooter/PNG/Tiles/tile_38.png using Guid(687292448805648af995762682478a8c) Importer(815301076,1909f56bfc062723c751e8b465ee728b) (PreviewImporter) -> (artifact id: 'b77fd5499d8db3ac7ee89bab84d81097') in 0.021390994 seconds
Number of updated asset objects reloaded before import = 0Number of asset objects unloaded after import = 3

========================================================================
Received Import Request.
  Time since last request: 0.000062 seconds.
  path: Assets/SpriteSheets/kenney_top-down-shooter/PNG/Tiles/tile_39.png
  artifactKey: Guid(b4139532410bd4a6992ee4fcbc94d104) Importer(815301076,1909f56bfc062723c751e8b465ee728b)
Start importing Assets/SpriteSheets/kenney_top-down-shooter/PNG/Tiles/tile_39.png using Guid(b4139532410bd4a6992ee4fcbc94d104) Importer(815301076,1909f56bfc062723c751e8b465ee728b) (PreviewImporter) -> (artifact id: 'e860976446db78969ac831c04e7194e8') in 0.012064402 seconds
Number of updated asset objects reloaded before import = 0Number of asset objects unloaded after import = 3

========================================================================
Received Import Request.
  Time since last request: 0.000054 seconds.
  path: Assets/SpriteSheets/kenney_top-down-shooter/PNG/Tiles/tile_46.png
  artifactKey: Guid(5f514ac5cd48f4acd992ad81627630b3) Importer(815301076,1909f56bfc062723c751e8b465ee728b)
Start importing Assets/SpriteSheets/kenney_top-down-shooter/PNG/Tiles/tile_46.png using Guid(5f514ac5cd48f4acd992ad81627630b3) Importer(815301076,1909f56bfc062723c751e8b465ee728b) (PreviewImporter) -> (artifact id: 'c280fc117db851259c1a2c0e8631a595') in 0.024120746 seconds
Number of updated asset objects reloaded before import = 0Number of asset objects unloaded after import = 3

========================================================================
Received Import Request.
  Time since last request: 0.000092 seconds.
  path: Assets/SpriteSheets/kenney_top-down-shooter/PNG/Tiles/tile_41.png
  artifactKey: Guid(09a93233b91f84bba9d69260a842b57b) Importer(815301076,1909f56bfc062723c751e8b465ee728b)
Start importing Assets/SpriteSheets/kenney_top-down-shooter/PNG/Tiles/tile_41.png using Guid(09a93233b91f84bba9d69260a842b57b) Importer(815301076,1909f56bfc062723c751e8b465ee728b) (PreviewImporter) -> (artifact id: '718bd3d482126cc486327082c08b90cc') in 0.030856695 seconds
Number of updated asset objects reloaded before import = 0Number of asset objects unloaded after import = 3

========================================================================
Received Import Request.
  Time since last request: 0.000071 seconds.
  path: Assets/SpriteSheets/kenney_top-down-shooter/PNG/Tiles/tile_51.png
  artifactKey: Guid(5133d13a57eea44dd885fd2e079a401c) Importer(815301076,1909f56bfc062723c751e8b465ee728b)
Start importing Assets/SpriteSheets/kenney_top-down-shooter/PNG/Tiles/tile_51.png using Guid(5133d13a57eea44dd885fd2e079a401c) Importer(815301076,1909f56bfc062723c751e8b465ee728b) (PreviewImporter) -> (artifact id: '742002e4284411a763ae3569c4c98bde') in 0.014994956 seconds
Number of updated asset objects reloaded before import = 0Number of asset objects unloaded after import = 3

========================================================================
Received Import Request.
  Time since last request: 0.000061 seconds.
  path: Assets/SpriteSheets/kenney_top-down-shooter/PNG/Tiles/tile_07.png
  artifactKey: Guid(4dfdb62adb08c4132a24295751a8caa3) Importer(815301076,1909f56bfc062723c751e8b465ee728b)
Start importing Assets/SpriteSheets/kenney_top-down-shooter/PNG/Tiles/tile_07.png using Guid(4dfdb62adb08c4132a24295751a8caa3) Importer(815301076,1909f56bfc062723c751e8b465ee728b) (PreviewImporter) -> (artifact id: '8b05f5439945e739974baff063f30007') in 0.030563431 seconds
Number of updated asset objects reloaded before import = 0Number of asset objects unloaded after import = 3

========================================================================
Received Import Request.
  Time since last request: 0.000071 seconds.
  path: Assets/SpriteSheets/kenney_top-down-shooter/PNG/Tiles/tile_15.png
  artifactKey: Guid(a9278e011b74a48a4a17e235ca33a705) Importer(815301076,1909f56bfc062723c751e8b465ee728b)
Start importing Assets/SpriteSheets/kenney_top-down-shooter/PNG/Tiles/tile_15.png using Guid(a9278e011b74a48a4a17e235ca33a705) Importer(815301076,1909f56bfc062723c751e8b465ee728b) (PreviewImporter) -> (artifact id: '7b68d2e0d30b013da4cf15ceff5db84e') in 0.027736703 seconds
Number of updated asset objects reloaded before import = 0Number of asset objects unloaded after import = 3

========================================================================
Received Import Request.
  Time since last request: 0.000091 seconds.
  path: Assets/SpriteSheets/kenney_top-down-shooter/PNG/Tiles/tile_60.png
  artifactKey: Guid(ef1d2633fe8e64d79bcbfded1755b5be) Importer(815301076,1909f56bfc062723c751e8b465ee728b)
Start importing Assets/SpriteSheets/kenney_top-down-shooter/PNG/Tiles/tile_60.png using Guid(ef1d2633fe8e64d79bcbfded1755b5be) Importer(815301076,1909f56bfc062723c751e8b465ee728b) (PreviewImporter) -> (artifact id: 'c6161a790c0c0ee681f1a9589e52959d') in 0.012438064 seconds
Number of updated asset objects reloaded before import = 0Number of asset objects unloaded after import = 3

========================================================================
Received Import Request.
  Time since last request: 0.000065 seconds.
  path: Assets/SpriteSheets/kenney_top-down-shooter/PNG/Tiles/tile_62.png
  artifactKey: Guid(a6a9240ea2f7e4ea2907dad8fc6d47b2) Importer(815301076,1909f56bfc062723c751e8b465ee728b)
Start importing Assets/SpriteSheets/kenney_top-down-shooter/PNG/Tiles/tile_62.png using Guid(a6a9240ea2f7e4ea2907dad8fc6d47b2) Importer(815301076,1909f56bfc062723c751e8b465ee728b) (PreviewImporter) -> (artifact id: '6dd8962bbe7627467028a6354ae291a9') in 0.012408108 seconds
Number of updated asset objects reloaded before import = 0Number of asset objects unloaded after import = 3

========================================================================
Received Import Request.
  Time since last request: 0.000056 seconds.
  path: Assets/SpriteSheets/kenney_top-down-shooter/PNG/Tiles/tile_36.png
  artifactKey: Guid(64bf09736622d44d3996cd8be688920d) Importer(815301076,1909f56bfc062723c751e8b465ee728b)
Start importing Assets/SpriteSheets/kenney_top-down-shooter/PNG/Tiles/tile_36.png using Guid(64bf09736622d44d3996cd8be688920d) Importer(815301076,1909f56bfc062723c751e8b465ee728b) (PreviewImporter) -> (artifact id: '65f13f096d54f389cc8c9b4455c7b93f') in 0.01574525 seconds
Number of updated asset objects reloaded before import = 0Number of asset objects unloaded after import = 3

========================================================================
Received Import Request.
  Time since last request: 0.000076 seconds.
  path: Assets/SpriteSheets/kenney_top-down-shooter/PNG/Tiles/tile_14.png
  artifactKey: Guid(60c781799b9fa43f3b61b144a048dfa4) Importer(815301076,1909f56bfc062723c751e8b465ee728b)
Start importing Assets/SpriteSheets/kenney_top-down-shooter/PNG/Tiles/tile_14.png using Guid(60c781799b9fa43f3b61b144a048dfa4) Importer(815301076,1909f56bfc062723c751e8b465ee728b) (PreviewImporter) -> (artifact id: 'd23c052a4b990ee421edd0459c876c90') in 0.024147624 seconds
Number of updated asset objects reloaded before import = 0Number of asset objects unloaded after import = 3

========================================================================
Received Import Request.
  Time since last request: 0.000069 seconds.
  path: Assets/SpriteSheets/kenney_top-down-shooter/PNG/Tiles/tile_93.png
  artifactKey: Guid(6ebf1bdb2016a42d7a93a99923755b29) Importer(815301076,1909f56bfc062723c751e8b465ee728b)
Start importing Assets/SpriteSheets/kenney_top-down-shooter/PNG/Tiles/tile_93.png using Guid(6ebf1bdb2016a42d7a93a99923755b29) Importer(815301076,1909f56bfc062723c751e8b465ee728b) (PreviewImporter) -> (artifact id: '53c53ac59534cdd96b3b80b31f86d8bd') in 0.024246237 seconds
Number of updated asset objects reloaded before import = 0Number of asset objects unloaded after import = 3

========================================================================
Received Import Request.
  Time since last request: 0.000069 seconds.
  path: Assets/SpriteSheets/kenney_top-down-shooter/PNG/Tiles/tile_92.png
  artifactKey: Guid(a3affdd2d0377478cbf78ab343c0cb15) Importer(815301076,1909f56bfc062723c751e8b465ee728b)
Start importing Assets/SpriteSheets/kenney_top-down-shooter/PNG/Tiles/tile_92.png using Guid(a3affdd2d0377478cbf78ab343c0cb15) Importer(815301076,1909f56bfc062723c751e8b465ee728b) (PreviewImporter) -> (artifact id: '0fefadb3e014a5b02642cc09c2644394') in 0.028723978 seconds
Number of updated asset objects reloaded before import = 0Number of asset objects unloaded after import = 3

========================================================================
Received Import Request.
  Time since last request: 0.000082 seconds.
  path: Assets/SpriteSheets/kenney_top-down-shooter/PNG/Tiles/tile_86.png
  artifactKey: Guid(5ee1b5ae20dca4dd0b24e844d5e0973e) Importer(815301076,1909f56bfc062723c751e8b465ee728b)
Start importing Assets/SpriteSheets/kenney_top-down-shooter/PNG/Tiles/tile_86.png using Guid(5ee1b5ae20dca4dd0b24e844d5e0973e) Importer(815301076,1909f56bfc062723c751e8b465ee728b) (PreviewImporter) -> (artifact id: 'f38eeedb3b0ee9288db4eb4e311f2764') in 0.035456502 seconds
Number of updated asset objects reloaded before import = 0Number of asset objects unloaded after import = 3

========================================================================
Received Import Request.
  Time since last request: 0.000076 seconds.
  path: Assets/SpriteSheets/kenney_top-down-shooter/PNG/Tiles/tile_26.png
  artifactKey: Guid(92c94c9ab3f68449cb123b760eba4b0c) Importer(815301076,1909f56bfc062723c751e8b465ee728b)
Start importing Assets/SpriteSheets/kenney_top-down-shooter/PNG/Tiles/tile_26.png using Guid(92c94c9ab3f68449cb123b760eba4b0c) Importer(815301076,1909f56bfc062723c751e8b465ee728b) (PreviewImporter) -> (artifact id: '7405d046f3fab3d733f1bde482718fdf') in 0.028170529 seconds
Number of updated asset objects reloaded before import = 0Number of asset objects unloaded after import = 3

========================================================================
Received Import Request.
  Time since last request: 0.000078 seconds.
  path: Assets/SpriteSheets/kenney_top-down-shooter/PNG/Tiles/tile_91.png
  artifactKey: Guid(df3b4660942b94510bb9f174dbbe7b34) Importer(815301076,1909f56bfc062723c751e8b465ee728b)
Start importing Assets/SpriteSheets/kenney_top-down-shooter/PNG/Tiles/tile_91.png using Guid(df3b4660942b94510bb9f174dbbe7b34) Importer(815301076,1909f56bfc062723c751e8b465ee728b) (PreviewImporter) -> (artifact id: '33e12565b9c1c77d9e9675fd15b1ca46') in 0.010804251 seconds
Number of updated asset objects reloaded before import = 0Number of asset objects unloaded after import = 3

========================================================================
Received Import Request.
  Time since last request: 0.000069 seconds.
  path: Assets/SpriteSheets/kenney_top-down-shooter/PNG/Tiles/tile_29.png
  artifactKey: Guid(12e212c3cd35342c4b5f42e60a2e4700) Importer(815301076,1909f56bfc062723c751e8b465ee728b)
Start importing Assets/SpriteSheets/kenney_top-down-shooter/PNG/Tiles/tile_29.png using Guid(12e212c3cd35342c4b5f42e60a2e4700) Importer(815301076,1909f56bfc062723c751e8b465ee728b) (PreviewImporter) -> (artifact id: '428829ae19784e88f364da4a92ad96cf') in 0.02126606 seconds
Number of updated asset objects reloaded before import = 0Number of asset objects unloaded after import = 3

========================================================================
Received Import Request.
  Time since last request: 0.000058 seconds.
  path: Assets/SpriteSheets/kenney_top-down-shooter/PNG/Tiles/tile_99.png
  artifactKey: Guid(83e03fadec1b048a9b461181d3b6127b) Importer(815301076,1909f56bfc062723c751e8b465ee728b)
Start importing Assets/SpriteSheets/kenney_top-down-shooter/PNG/Tiles/tile_99.png using Guid(83e03fadec1b048a9b461181d3b6127b) Importer(815301076,1909f56bfc062723c751e8b465ee728b) (PreviewImporter) -> (artifact id: 'af6d4c9a53e3eabf00a32b2dde9e335f') in 0.036172132 seconds
Number of updated asset objects reloaded before import = 0Number of asset objects unloaded after import = 3

========================================================================
Received Import Request.
  Time since last request: 0.000077 seconds.
  path: Assets/SpriteSheets/kenney_top-down-shooter/PNG/Tiles/tile_121.png
  artifactKey: Guid(75e99700e06c0414aa1609524d9707a5) Importer(815301076,1909f56bfc062723c751e8b465ee728b)
Start importing Assets/SpriteSheets/kenney_top-down-shooter/PNG/Tiles/tile_121.png using Guid(75e99700e06c0414aa1609524d9707a5) Importer(815301076,1909f56bfc062723c751e8b465ee728b) (PreviewImporter) -> (artifact id: '1609bcc3cf70ea0409c0c8c65aeed752') in 0.032728092 seconds
Number of updated asset objects reloaded before import = 0Number of asset objects unloaded after import = 3

========================================================================
Received Import Request.
  Time since last request: 0.000071 seconds.
  path: Assets/SpriteSheets/kenney_top-down-shooter/PNG/Tiles/tile_111.png
  artifactKey: Guid(9d9c3709288a24f28a1d0c592cc861ce) Importer(815301076,1909f56bfc062723c751e8b465ee728b)
Start importing Assets/SpriteSheets/kenney_top-down-shooter/PNG/Tiles/tile_111.png using Guid(9d9c3709288a24f28a1d0c592cc861ce) Importer(815301076,1909f56bfc062723c751e8b465ee728b) (PreviewImporter) -> (artifact id: '15cdba6230e0b41f2faa03ea4ef219ca') in 0.035070241 seconds
Number of updated asset objects reloaded before import = 0Number of asset objects unloaded after import = 3

========================================================================
Received Import Request.
  Time since last request: 0.000070 seconds.
  path: Assets/SpriteSheets/kenney_top-down-shooter/PNG/Tiles/tile_147.png
  artifactKey: Guid(980702baef6aa4d3585c946de6fdca74) Importer(815301076,1909f56bfc062723c751e8b465ee728b)
Start importing Assets/SpriteSheets/kenney_top-down-shooter/PNG/Tiles/tile_147.png using Guid(980702baef6aa4d3585c946de6fdca74) Importer(815301076,1909f56bfc062723c751e8b465ee728b) (PreviewImporter) -> (artifact id: 'dbc9569db853871defcdc07260e59e09') in 0.029247447 seconds
Number of updated asset objects reloaded before import = 0Number of asset objects unloaded after import = 3

========================================================================
Received Import Request.
  Time since last request: 0.000072 seconds.
  path: Assets/SpriteSheets/kenney_top-down-shooter/PNG/Tiles/tile_198.png
  artifactKey: Guid(2036c8fdbdf724118a16917f8b751b8c) Importer(815301076,1909f56bfc062723c751e8b465ee728b)
Start importing Assets/SpriteSheets/kenney_top-down-shooter/PNG/Tiles/tile_198.png using Guid(2036c8fdbdf724118a16917f8b751b8c) Importer(815301076,1909f56bfc062723c751e8b465ee728b) (PreviewImporter) -> (artifact id: 'c8ec92598c8a19c0d1c82791c2b1969c') in 0.013530026 seconds
Number of updated asset objects reloaded before import = 0Number of asset objects unloaded after import = 3

========================================================================
Received Import Request.
  Time since last request: 0.000058 seconds.
  path: Assets/SpriteSheets/kenney_top-down-shooter/PNG/Tiles/tile_184.png
  artifactKey: Guid(dfe44dcc3c67a4eb8804cd0e52f7839b) Importer(815301076,1909f56bfc062723c751e8b465ee728b)
Start importing Assets/SpriteSheets/kenney_top-down-shooter/PNG/Tiles/tile_184.png using Guid(dfe44dcc3c67a4eb8804cd0e52f7839b) Importer(815301076,1909f56bfc062723c751e8b465ee728b) (PreviewImporter) -> (artifact id: '5aba3d9481436d6b7776864afd38a176') in 0.026061384 seconds
Number of updated asset objects reloaded before import = 0Number of asset objects unloaded after import = 3

========================================================================
Received Import Request.
  Time since last request: 0.000040 seconds.
  path: Assets/SpriteSheets/kenney_top-down-shooter/PNG/Tiles/tile_176.png
  artifactKey: Guid(97247cdde6b8946ae98d718481eb53fe) Importer(815301076,1909f56bfc062723c751e8b465ee728b)
Start importing Assets/SpriteSheets/kenney_top-down-shooter/PNG/Tiles/tile_176.png using Guid(97247cdde6b8946ae98d718481eb53fe) Importer(815301076,1909f56bfc062723c751e8b465ee728b) (PreviewImporter) -> (artifact id: '66587181d16872a6cce7494cd2effe71') in 0.017160688 seconds
Number of updated asset objects reloaded before import = 0Number of asset objects unloaded after import = 3

========================================================================
Received Import Request.
  Time since last request: 0.000064 seconds.
  path: Assets/SpriteSheets/kenney_top-down-shooter/PNG/Tiles/tile_164.png
  artifactKey: Guid(4e125273272ac40b7a4fef32e0cd3640) Importer(815301076,1909f56bfc062723c751e8b465ee728b)
Start importing Assets/SpriteSheets/kenney_top-down-shooter/PNG/Tiles/tile_164.png using Guid(4e125273272ac40b7a4fef32e0cd3640) Importer(815301076,1909f56bfc062723c751e8b465ee728b) (PreviewImporter) -> (artifact id: '609b5e81aa34646ebbecf1d734d05dda') in 0.017168365 seconds
Number of updated asset objects reloaded before import = 0Number of asset objects unloaded after import = 3

========================================================================
Received Import Request.
  Time since last request: 0.000048 seconds.
  path: Assets/SpriteSheets/kenney_top-down-shooter/PNG/Tiles/tile_126.png
  artifactKey: Guid(c136dc64107bb47f0b78bc5dc46026e9) Importer(815301076,1909f56bfc062723c751e8b465ee728b)
Start importing Assets/SpriteSheets/kenney_top-down-shooter/PNG/Tiles/tile_126.png using Guid(c136dc64107bb47f0b78bc5dc46026e9) Importer(815301076,1909f56bfc062723c751e8b465ee728b) (PreviewImporter) -> (artifact id: '0cf5aee4eebae0a60001a7f142da8208') in 0.017908622 seconds
Number of updated asset objects reloaded before import = 0Number of asset objects unloaded after import = 3

========================================================================
Received Import Request.
  Time since last request: 0.000045 seconds.
  path: Assets/SpriteSheets/kenney_top-down-shooter/PNG/Tiles/tile_152.png
  artifactKey: Guid(e4425de4c23ff4bb89236d208793deb6) Importer(815301076,1909f56bfc062723c751e8b465ee728b)
Start importing Assets/SpriteSheets/kenney_top-down-shooter/PNG/Tiles/tile_152.png using Guid(e4425de4c23ff4bb89236d208793deb6) Importer(815301076,1909f56bfc062723c751e8b465ee728b) (PreviewImporter) -> (artifact id: '9bc26e47e565600a76e35b5c3ccb7b9f') in 0.013011277 seconds
Number of updated asset objects reloaded before import = 0Number of asset objects unloaded after import = 3

========================================================================
Received Import Request.
  Time since last request: 0.000069 seconds.
  path: Assets/SpriteSheets/kenney_top-down-shooter/PNG/Tiles/tile_113.png
  artifactKey: Guid(acd819296f8eb47e98ccd072c72a850b) Importer(815301076,1909f56bfc062723c751e8b465ee728b)
Start importing Assets/SpriteSheets/kenney_top-down-shooter/PNG/Tiles/tile_113.png using Guid(acd819296f8eb47e98ccd072c72a850b) Importer(815301076,1909f56bfc062723c751e8b465ee728b) (PreviewImporter) -> (artifact id: 'adca56695bcf376c88e0bc7c503f9d34') in 0.025377516 seconds
Number of updated asset objects reloaded before import = 0Number of asset objects unloaded after import = 3

========================================================================
Received Import Request.
  Time since last request: 0.000053 seconds.
  path: Assets/SpriteSheets/kenney_top-down-shooter/PNG/Tiles/tile_141.png
  artifactKey: Guid(ae40124a42aa7424e8d63782cc131723) Importer(815301076,1909f56bfc062723c751e8b465ee728b)
Start importing Assets/SpriteSheets/kenney_top-down-shooter/PNG/Tiles/tile_141.png using Guid(ae40124a42aa7424e8d63782cc131723) Importer(815301076,1909f56bfc062723c751e8b465ee728b) (PreviewImporter) -> (artifact id: 'bf370307d52ea1893c7d2db2e4242c4d') in 0.01169823 seconds
Number of updated asset objects reloaded before import = 0Number of asset objects unloaded after import = 3

========================================================================
Received Import Request.
  Time since last request: 0.000057 seconds.
  path: Assets/SpriteSheets/kenney_top-down-shooter/PNG/Tiles/tile_177.png
  artifactKey: Guid(931cfc68c4319444896c753fba3ca3cd) Importer(815301076,1909f56bfc062723c751e8b465ee728b)
Start importing Assets/SpriteSheets/kenney_top-down-shooter/PNG/Tiles/tile_177.png using Guid(931cfc68c4319444896c753fba3ca3cd) Importer(815301076,1909f56bfc062723c751e8b465ee728b) (PreviewImporter) -> (artifact id: '834b603d27eed68e3965fba1d219e35e') in 0.027338385 seconds
Number of updated asset objects reloaded before import = 0Number of asset objects unloaded after import = 3

========================================================================
Received Import Request.
  Time since last request: 0.000057 seconds.
  path: Assets/SpriteSheets/kenney_top-down-shooter/PNG/Tiles/tile_94.png
  artifactKey: Guid(43c2dd39213944a0ca42df39104e4132) Importer(815301076,1909f56bfc062723c751e8b465ee728b)
Start importing Assets/SpriteSheets/kenney_top-down-shooter/PNG/Tiles/tile_94.png using Guid(43c2dd39213944a0ca42df39104e4132) Importer(815301076,1909f56bfc062723c751e8b465ee728b) (PreviewImporter) -> (artifact id: 'dc72d160f1c2a254f88a4e4ad06a29e3') in 0.011187729 seconds
Number of updated asset objects reloaded before import = 0Number of asset objects unloaded after import = 3

========================================================================
Received Import Request.
  Time since last request: 0.000052 seconds.
  path: Assets/SpriteSheets/kenney_top-down-shooter/PNG/Tiles/tile_69.png
  artifactKey: Guid(c3e9c1cab43544084adb9ac261ce0345) Importer(815301076,1909f56bfc062723c751e8b465ee728b)
Start importing Assets/SpriteSheets/kenney_top-down-shooter/PNG/Tiles/tile_69.png using Guid(c3e9c1cab43544084adb9ac261ce0345) Importer(815301076,1909f56bfc062723c751e8b465ee728b) (PreviewImporter) -> (artifact id: '97fa12d8032e6b6829eb34f1ebb44d4c') in 0.024540525 seconds
Number of updated asset objects reloaded before import = 0Number of asset objects unloaded after import = 3

========================================================================
Received Import Request.
  Time since last request: 0.000050 seconds.
  path: Assets/SpriteSheets/kenney_top-down-shooter/PNG/Tiles/tile_172.png
  artifactKey: Guid(8b905777735a94249a9f9f53e507ff90) Importer(815301076,1909f56bfc062723c751e8b465ee728b)
Start importing Assets/SpriteSheets/kenney_top-down-shooter/PNG/Tiles/tile_172.png using Guid(8b905777735a94249a9f9f53e507ff90) Importer(815301076,1909f56bfc062723c751e8b465ee728b) (PreviewImporter) -> (artifact id: '604d633862e45d43e2704ea374638f45') in 0.013998156 seconds
Number of updated asset objects reloaded before import = 0Number of asset objects unloaded after import = 3

========================================================================
Received Import Request.
  Time since last request: 0.000067 seconds.
  path: Assets/SpriteSheets/kenney_top-down-shooter/PNG/Tiles/tile_180.png
  artifactKey: Guid(15ec106cb933a467989275ecaa2f8119) Importer(815301076,1909f56bfc062723c751e8b465ee728b)
Start importing Assets/SpriteSheets/kenney_top-down-shooter/PNG/Tiles/tile_180.png using Guid(15ec106cb933a467989275ecaa2f8119) Importer(815301076,1909f56bfc062723c751e8b465ee728b) (PreviewImporter) -> (artifact id: '0b673f6ea7b0fdf317eb77099cf811ae') in 0.02308941 seconds
Number of updated asset objects reloaded before import = 0Number of asset objects unloaded after import = 3

========================================================================
Received Import Request.
  Time since last request: 0.000071 seconds.
  path: Assets/SpriteSheets/kenney_top-down-shooter/PNG/Tiles/tile_78.png
  artifactKey: Guid(cf90b779c54344f11a7335e6b1c9c4ac) Importer(815301076,1909f56bfc062723c751e8b465ee728b)
Start importing Assets/SpriteSheets/kenney_top-down-shooter/PNG/Tiles/tile_78.png using Guid(cf90b779c54344f11a7335e6b1c9c4ac) Importer(815301076,1909f56bfc062723c751e8b465ee728b) (PreviewImporter) -> (artifact id: '92708e98ea615c6df0ca3c5bd9a5debb') in 0.032614495 seconds
Number of updated asset objects reloaded before import = 0Number of asset objects unloaded after import = 3

========================================================================
Received Import Request.
  Time since last request: 0.000050 seconds.
  path: Assets/SpriteSheets/kenney_top-down-shooter/PNG/Tiles/tile_203.png
  artifactKey: Guid(e927ae94ccda947e1b77a2b2a86ca04f) Importer(815301076,1909f56bfc062723c751e8b465ee728b)
Start importing Assets/SpriteSheets/kenney_top-down-shooter/PNG/Tiles/tile_203.png using Guid(e927ae94ccda947e1b77a2b2a86ca04f) Importer(815301076,1909f56bfc062723c751e8b465ee728b) (PreviewImporter) -> (artifact id: '0b870ac0830a654d8a7221e08f36f32d') in 0.024569808 seconds
Number of updated asset objects reloaded before import = 0Number of asset objects unloaded after import = 3

========================================================================
Received Import Request.
  Time since last request: 0.000067 seconds.
  path: Assets/SpriteSheets/kenney_top-down-shooter/PNG/Tiles/tile_74.png
  artifactKey: Guid(d960fc0f3cc654a6c975a6642d1f6e4b) Importer(815301076,1909f56bfc062723c751e8b465ee728b)
Start importing Assets/SpriteSheets/kenney_top-down-shooter/PNG/Tiles/tile_74.png using Guid(d960fc0f3cc654a6c975a6642d1f6e4b) Importer(815301076,1909f56bfc062723c751e8b465ee728b) (PreviewImporter) -> (artifact id: 'f1f27452b9f7cc3614528d5813ece39e') in 0.038038182 seconds
Number of updated asset objects reloaded before import = 0Number of asset objects unloaded after import = 3

========================================================================
Received Import Request.
  Time since last request: 0.000054 seconds.
  path: Assets/SpriteSheets/kenney_top-down-shooter/PNG/Tiles/tile_104.png
  artifactKey: Guid(a644931ff32b14fbb8dc7a090bbfd812) Importer(815301076,1909f56bfc062723c751e8b465ee728b)
Start importing Assets/SpriteSheets/kenney_top-down-shooter/PNG/Tiles/tile_104.png using Guid(a644931ff32b14fbb8dc7a090bbfd812) Importer(815301076,1909f56bfc062723c751e8b465ee728b) (PreviewImporter) -> (artifact id: '3d1023c7d77c792a070efc2778520f65') in 0.029570037 seconds
Number of updated asset objects reloaded before import = 0Number of asset objects unloaded after import = 3

========================================================================
Received Import Request.
  Time since last request: 0.000054 seconds.
  path: Assets/SpriteSheets/kenney_top-down-shooter/PNG/Tiles/tile_05.png
  artifactKey: Guid(1b8ea2badf1384879a6ea9718f66d000) Importer(815301076,1909f56bfc062723c751e8b465ee728b)
Start importing Assets/SpriteSheets/kenney_top-down-shooter/PNG/Tiles/tile_05.png using Guid(1b8ea2badf1384879a6ea9718f66d000) Importer(815301076,1909f56bfc062723c751e8b465ee728b) (PreviewImporter) -> (artifact id: '5526808eef5cdeca14437b051c69474c') in 0.020292056 seconds
Number of updated asset objects reloaded before import = 0Number of asset objects unloaded after import = 3

========================================================================
Received Import Request.
  Time since last request: 0.000062 seconds.
  path: Assets/SpriteSheets/kenney_top-down-shooter/PNG/Tiles/tile_72.png
  artifactKey: Guid(e15fc698af564478084ae90b4d6f9ce1) Importer(815301076,1909f56bfc062723c751e8b465ee728b)
Start importing Assets/SpriteSheets/kenney_top-down-shooter/PNG/Tiles/tile_72.png using Guid(e15fc698af564478084ae90b4d6f9ce1) Importer(815301076,1909f56bfc062723c751e8b465ee728b) (PreviewImporter) -> (artifact id: '51245bd4c4bd7972d65746bea2181b82') in 0.012558631 seconds
Number of updated asset objects reloaded before import = 0Number of asset objects unloaded after import = 3

========================================================================
Received Import Request.
  Time since last request: 0.000056 seconds.
  path: Assets/SpriteSheets/kenney_top-down-shooter/PNG/Tiles/tile_107.png
  artifactKey: Guid(c50e1c0e616f540a19f80651de0448df) Importer(815301076,1909f56bfc062723c751e8b465ee728b)
Start importing Assets/SpriteSheets/kenney_top-down-shooter/PNG/Tiles/tile_107.png using Guid(c50e1c0e616f540a19f80651de0448df) Importer(815301076,1909f56bfc062723c751e8b465ee728b) (PreviewImporter) -> (artifact id: 'c51ff048c27646145997324c0e8f1857') in 0.025620759 seconds
Number of updated asset objects reloaded before import = 0Number of asset objects unloaded after import = 3

========================================================================
Received Import Request.
  Time since last request: 0.000047 seconds.
  path: Assets/SpriteSheets/kenney_top-down-shooter/PNG/Tiles/tile_116.png
  artifactKey: Guid(18ef003c6779847419c9ac47702b5c6c) Importer(815301076,1909f56bfc062723c751e8b465ee728b)
Start importing Assets/SpriteSheets/kenney_top-down-shooter/PNG/Tiles/tile_116.png using Guid(18ef003c6779847419c9ac47702b5c6c) Importer(815301076,1909f56bfc062723c751e8b465ee728b) (PreviewImporter) -> (artifact id: 'fe998d944cc91ed7be145492c676692b') in 0.026264939 seconds
Number of updated asset objects reloaded before import = 0Number of asset objects unloaded after import = 3

========================================================================
Received Import Request.
  Time since last request: 0.000050 seconds.
  path: Assets/SpriteSheets/kenney_top-down-shooter/PNG/Tiles/tile_167.png
  artifactKey: Guid(8e4655c9d6bad4071822bae0c7221351) Importer(815301076,1909f56bfc062723c751e8b465ee728b)
Start importing Assets/SpriteSheets/kenney_top-down-shooter/PNG/Tiles/tile_167.png using Guid(8e4655c9d6bad4071822bae0c7221351) Importer(815301076,1909f56bfc062723c751e8b465ee728b) (PreviewImporter) -> (artifact id: '58012452c710219a6549bda8f82308d5') in 0.02233004 seconds
Number of updated asset objects reloaded before import = 0Number of asset objects unloaded after import = 3

========================================================================
Received Import Request.
  Time since last request: 0.000052 seconds.
  path: Assets/SpriteSheets/kenney_top-down-shooter/PNG/Tiles/tile_155.png
  artifactKey: Guid(fa645e3bb8f7546cb89375b81b23e083) Importer(815301076,1909f56bfc062723c751e8b465ee728b)
Start importing Assets/SpriteSheets/kenney_top-down-shooter/PNG/Tiles/tile_155.png using Guid(fa645e3bb8f7546cb89375b81b23e083) Importer(815301076,1909f56bfc062723c751e8b465ee728b) (PreviewImporter) -> (artifact id: '79dbeb1ea9e67ddd93d0590bdce91942') in 0.014438484 seconds
Number of updated asset objects reloaded before import = 0Number of asset objects unloaded after import = 3

========================================================================
Received Import Request.
  Time since last request: 0.000087 seconds.
  path: Assets/SpriteSheets/kenney_top-down-shooter/PNG/Tiles/tile_201.png
  artifactKey: Guid(fc27160dff77142c0bff2b986cd26a6f) Importer(815301076,1909f56bfc062723c751e8b465ee728b)
Start importing Assets/SpriteSheets/kenney_top-down-shooter/PNG/Tiles/tile_201.png using Guid(fc27160dff77142c0bff2b986cd26a6f) Importer(815301076,1909f56bfc062723c751e8b465ee728b) (PreviewImporter) -> (artifact id: '6df7ae2e326d1eb196c5cf438088de60') in 0.022175785 seconds
Number of updated asset objects reloaded before import = 0Number of asset objects unloaded after import = 3

========================================================================
Received Import Request.
  Time since last request: 0.000066 seconds.
  path: Assets/SpriteSheets/kenney_top-down-shooter/PNG/Tiles/tile_119.png
  artifactKey: Guid(70641170dc4d4423fa3678eae555f8c0) Importer(815301076,1909f56bfc062723c751e8b465ee728b)
Start importing Assets/SpriteSheets/kenney_top-down-shooter/PNG/Tiles/tile_119.png using Guid(70641170dc4d4423fa3678eae555f8c0) Importer(815301076,1909f56bfc062723c751e8b465ee728b) (PreviewImporter) -> (artifact id: '54a869cd9abbaa8f856bac6b7d024a29') in 0.012434411 seconds
Number of updated asset objects reloaded before import = 0Number of asset objects unloaded after import = 3

========================================================================
Received Import Request.
  Time since last request: 0.000061 seconds.
  path: Assets/SpriteSheets/kenney_top-down-shooter/PNG/Tiles/tile_96.png
  artifactKey: Guid(790da6e2595a74488bee92a228f6547b) Importer(815301076,1909f56bfc062723c751e8b465ee728b)
Start importing Assets/SpriteSheets/kenney_top-down-shooter/PNG/Tiles/tile_96.png using Guid(790da6e2595a74488bee92a228f6547b) Importer(815301076,1909f56bfc062723c751e8b465ee728b) (PreviewImporter) -> (artifact id: '1cd12fc498ead8c6de294074fa27a010') in 0.026219311 seconds
Number of updated asset objects reloaded before import = 0Number of asset objects unloaded after import = 3

========================================================================
Received Import Request.
  Time since last request: 0.000065 seconds.
  path: Assets/SpriteSheets/kenney_top-down-shooter/PNG/Tiles/tile_146.png
  artifactKey: Guid(59e6eb43749824b6eb55b221f152c093) Importer(815301076,1909f56bfc062723c751e8b465ee728b)
Start importing Assets/SpriteSheets/kenney_top-down-shooter/PNG/Tiles/tile_146.png using Guid(59e6eb43749824b6eb55b221f152c093) Importer(815301076,1909f56bfc062723c751e8b465ee728b) (PreviewImporter) -> (artifact id: '4958b346c8d510a1dc238d2658663ace') in 0.011322819 seconds
Number of updated asset objects reloaded before import = 0Number of asset objects unloaded after import = 3

========================================================================
Received Import Request.
  Time since last request: 0.000071 seconds.
  path: Assets/SpriteSheets/kenney_top-down-shooter/PNG/Tiles/tile_159.png
  artifactKey: Guid(2ea453a6724624fd38a5c70f965c9a23) Importer(815301076,1909f56bfc062723c751e8b465ee728b)
Start importing Assets/SpriteSheets/kenney_top-down-shooter/PNG/Tiles/tile_159.png using Guid(2ea453a6724624fd38a5c70f965c9a23) Importer(815301076,1909f56bfc062723c751e8b465ee728b) (PreviewImporter) -> (artifact id: '730adafc167df6fdd7df5d0ffb97a16c') in 0.026274546 seconds
Number of updated asset objects reloaded before import = 0Number of asset objects unloaded after import = 3

========================================================================
Received Import Request.
  Time since last request: 0.000077 seconds.
  path: Assets/SpriteSheets/kenney_top-down-shooter/PNG/Tiles/tile_219.png
  artifactKey: Guid(cc3eef97ca41a40e49268f5636cf9c17) Importer(815301076,1909f56bfc062723c751e8b465ee728b)
Start importing Assets/SpriteSheets/kenney_top-down-shooter/PNG/Tiles/tile_219.png using Guid(cc3eef97ca41a40e49268f5636cf9c17) Importer(815301076,1909f56bfc062723c751e8b465ee728b) (PreviewImporter) -> (artifact id: '21384c42f5bc4674523ca9ccfdf5d9cd') in 0.026960286 seconds
Number of updated asset objects reloaded before import = 0Number of asset objects unloaded after import = 3

========================================================================
Received Import Request.
  Time since last request: 0.000057 seconds.
  path: Assets/SpriteSheets/kenney_top-down-shooter/PNG/Tiles/tile_224.png
  artifactKey: Guid(753ee25618d354aac89c9a6ea59200bd) Importer(815301076,1909f56bfc062723c751e8b465ee728b)
Start importing Assets/SpriteSheets/kenney_top-down-shooter/PNG/Tiles/tile_224.png using Guid(753ee25618d354aac89c9a6ea59200bd) Importer(815301076,1909f56bfc062723c751e8b465ee728b) (PreviewImporter) -> (artifact id: 'e1e9434658c3568d59c4d0004d6b1808') in 0.029856479 seconds
Number of updated asset objects reloaded before import = 0Number of asset objects unloaded after import = 3

========================================================================
Received Import Request.
  Time since last request: 0.000064 seconds.
  path: Assets/SpriteSheets/kenney_top-down-shooter/PNG/Tiles/tile_213.png
  artifactKey: Guid(c6defee54f02f47ec9cfbf57db6793a2) Importer(815301076,1909f56bfc062723c751e8b465ee728b)
Start importing Assets/SpriteSheets/kenney_top-down-shooter/PNG/Tiles/tile_213.png using Guid(c6defee54f02f47ec9cfbf57db6793a2) Importer(815301076,1909f56bfc062723c751e8b465ee728b) (PreviewImporter) -> (artifact id: '66974e474b09a389e83e45d0bf045600') in 0.03557004 seconds
Number of updated asset objects reloaded before import = 0Number of asset objects unloaded after import = 8

========================================================================
Received Import Request.
  Time since last request: 0.000070 seconds.
  path: Assets/SpriteSheets/kenney_top-down-shooter/PNG/Tiles/tile_206.png
  artifactKey: Guid(ecfb7c9792921432e8db48c2cd14dc20) Importer(815301076,1909f56bfc062723c751e8b465ee728b)
Start importing Assets/SpriteSheets/kenney_top-down-shooter/PNG/Tiles/tile_206.png using Guid(ecfb7c9792921432e8db48c2cd14dc20) Importer(815301076,1909f56bfc062723c751e8b465ee728b) (PreviewImporter) -> (artifact id: '09e0a4a4747b0bdbd38c5c5bca18b112') in 0.014484908 seconds
Number of updated asset objects reloaded before import = 0Number of asset objects unloaded after import = 3

========================================================================
Received Import Request.
  Time since last request: 0.000059 seconds.
  path: Assets/SpriteSheets/kenney_top-down-shooter/PNG/Tiles/tile_229.png
  artifactKey: Guid(d24828489eb2547399b28b6934a022a3) Importer(815301076,1909f56bfc062723c751e8b465ee728b)
Start importing Assets/SpriteSheets/kenney_top-down-shooter/PNG/Tiles/tile_229.png using Guid(d24828489eb2547399b28b6934a022a3) Importer(815301076,1909f56bfc062723c751e8b465ee728b) (PreviewImporter) -> (artifact id: '019773ce6bb713ff60050dd48a344df9') in 0.03429267 seconds
Number of updated asset objects reloaded before import = 0Number of asset objects unloaded after import = 3

========================================================================
Received Import Request.
  Time since last request: 0.000070 seconds.
  path: Assets/SpriteSheets/kenney_top-down-shooter/PNG/Tiles/tile_230.png
  artifactKey: Guid(924016fa03a504fe8867bad1cc909aa5) Importer(815301076,1909f56bfc062723c751e8b465ee728b)
Start importing Assets/SpriteSheets/kenney_top-down-shooter/PNG/Tiles/tile_230.png using Guid(924016fa03a504fe8867bad1cc909aa5) Importer(815301076,1909f56bfc062723c751e8b465ee728b) (PreviewImporter) -> (artifact id: '0ab439d47df9bdb95488ff85ac921158') in 0.038148562 seconds
Number of updated asset objects reloaded before import = 0Number of asset objects unloaded after import = 3

========================================================================
Received Import Request.
  Time since last request: 0.000066 seconds.
  path: Assets/SpriteSheets/kenney_top-down-shooter/PNG/Tiles/tile_247.png
  artifactKey: Guid(0aa1f21a62e804276a9875359b7166d6) Importer(815301076,1909f56bfc062723c751e8b465ee728b)
Start importing Assets/SpriteSheets/kenney_top-down-shooter/PNG/Tiles/tile_247.png using Guid(0aa1f21a62e804276a9875359b7166d6) Importer(815301076,1909f56bfc062723c751e8b465ee728b) (PreviewImporter) -> (artifact id: 'f79f26ec109cd8031cf4c3996c0aedfd') in 0.01281496 seconds
Number of updated asset objects reloaded before import = 0Number of asset objects unloaded after import = 3

========================================================================
Received Import Request.
  Time since last request: 0.000052 seconds.
  path: Assets/SpriteSheets/kenney_top-down-shooter/PNG/Tiles/tile_244.png
  artifactKey: Guid(555043aa3ef6140d692a4ecbf29395b9) Importer(815301076,1909f56bfc062723c751e8b465ee728b)
Start importing Assets/SpriteSheets/kenney_top-down-shooter/PNG/Tiles/tile_244.png using Guid(555043aa3ef6140d692a4ecbf29395b9) Importer(815301076,1909f56bfc062723c751e8b465ee728b) (PreviewImporter) -> (artifact id: '06de13f7698f214edbc265fef976e79a') in 0.013997789 seconds
Number of updated asset objects reloaded before import = 0Number of asset objects unloaded after import = 3

========================================================================
Received Import Request.
  Time since last request: 0.000090 seconds.
  path: Assets/SpriteSheets/kenney_top-down-shooter/PNG/Tiles/tile_249.png
  artifactKey: Guid(4700fbbcb87d442c993eada631a08d18) Importer(815301076,1909f56bfc062723c751e8b465ee728b)
Start importing Assets/SpriteSheets/kenney_top-down-shooter/PNG/Tiles/tile_249.png using Guid(4700fbbcb87d442c993eada631a08d18) Importer(815301076,1909f56bfc062723c751e8b465ee728b) (PreviewImporter) -> (artifact id: '1a11ce91f139c29e4323fe50dbdcedbb') in 0.030145672 seconds
Number of updated asset objects reloaded before import = 0Number of asset objects unloaded after import = 3

========================================================================
Received Import Request.
  Time since last request: 0.000070 seconds.
  path: Assets/SpriteSheets/kenney_top-down-shooter/PNG/Tiles/tile_226.png
  artifactKey: Guid(6f096b71e6d5d45a0852e301ff8ec437) Importer(815301076,1909f56bfc062723c751e8b465ee728b)
Start importing Assets/SpriteSheets/kenney_top-down-shooter/PNG/Tiles/tile_226.png using Guid(6f096b71e6d5d45a0852e301ff8ec437) Importer(815301076,1909f56bfc062723c751e8b465ee728b) (PreviewImporter) -> (artifact id: '2b62d3b96e630f31aa72109c01cbf3d5') in 0.038175607 seconds
Number of updated asset objects reloaded before import = 0Number of asset objects unloaded after import = 3

========================================================================
Received Import Request.
  Time since last request: 0.000060 seconds.
  path: Assets/SpriteSheets/kenney_top-down-shooter/PNG/Tiles/tile_218.png
  artifactKey: Guid(1f5bbbe1b01534babb0b6ba70492a3eb) Importer(815301076,1909f56bfc062723c751e8b465ee728b)
Start importing Assets/SpriteSheets/kenney_top-down-shooter/PNG/Tiles/tile_218.png using Guid(1f5bbbe1b01534babb0b6ba70492a3eb) Importer(815301076,1909f56bfc062723c751e8b465ee728b) (PreviewImporter) -> (artifact id: '68f8ef3e26bd03e76e8ac294ba91274f') in 0.026190899 seconds
Number of updated asset objects reloaded before import = 0Number of asset objects unloaded after import = 3

========================================================================
Received Import Request.
  Time since last request: 0.000088 seconds.
  path: Assets/SpriteSheets/kenney_top-down-shooter/PNG/Tiles/tile_205.png
  artifactKey: Guid(099cc078790f4425bbeb5de348ba95ce) Importer(815301076,1909f56bfc062723c751e8b465ee728b)
Start importing Assets/SpriteSheets/kenney_top-down-shooter/PNG/Tiles/tile_205.png using Guid(099cc078790f4425bbeb5de348ba95ce) Importer(815301076,1909f56bfc062723c751e8b465ee728b) (PreviewImporter) -> (artifact id: '852a89bd55066c702f182fbf8f77bbf6') in 0.026289126 seconds
Number of updated asset objects reloaded before import = 0Number of asset objects unloaded after import = 3

========================================================================
Received Import Request.
  Time since last request: 0.000075 seconds.
  path: Assets/SpriteSheets/kenney_top-down-shooter/PNG/Tiles/tile_130.png
  artifactKey: Guid(2b61e5b1abacb4c9fafd5e1f09f21c64) Importer(815301076,1909f56bfc062723c751e8b465ee728b)
Start importing Assets/SpriteSheets/kenney_top-down-shooter/PNG/Tiles/tile_130.png using Guid(2b61e5b1abacb4c9fafd5e1f09f21c64) Importer(815301076,1909f56bfc062723c751e8b465ee728b) (PreviewImporter) -> (artifact id: 'a065caa04588470ce130063a550f05de') in 0.02386168 seconds
Number of updated asset objects reloaded before import = 0Number of asset objects unloaded after import = 3

========================================================================
Received Import Request.
  Time since last request: 0.000063 seconds.
  path: Assets/SpriteSheets/kenney_top-down-shooter/PNG/Tiles/tile_144.png
  artifactKey: Guid(ece5299af607940e5af69cff6c54e053) Importer(815301076,1909f56bfc062723c751e8b465ee728b)
Start importing Assets/SpriteSheets/kenney_top-down-shooter/PNG/Tiles/tile_144.png using Guid(ece5299af607940e5af69cff6c54e053) Importer(815301076,1909f56bfc062723c751e8b465ee728b) (PreviewImporter) -> (artifact id: '414bfa876f81e30874f0d59fa5091996') in 0.026319677 seconds
Number of updated asset objects reloaded before import = 0Number of asset objects unloaded after import = 3

========================================================================
Received Import Request.
  Time since last request: 0.000065 seconds.
  path: Assets/SpriteSheets/kenney_top-down-shooter/PNG/Tiles/tile_125.png
  artifactKey: Guid(a9fba440c52a04e3ca438b9928c399e4) Importer(815301076,1909f56bfc062723c751e8b465ee728b)
Start importing Assets/SpriteSheets/kenney_top-down-shooter/PNG/Tiles/tile_125.png using Guid(a9fba440c52a04e3ca438b9928c399e4) Importer(815301076,1909f56bfc062723c751e8b465ee728b) (PreviewImporter) -> (artifact id: '7917fff80b33064d72aec136278d71a7') in 0.019694732 seconds
Number of updated asset objects reloaded before import = 0Number of asset objects unloaded after import = 3

========================================================================
Received Import Request.
  Time since last request: 0.000098 seconds.
  path: Assets/SpriteSheets/kenney_top-down-shooter/PNG/Tiles/tile_122.png
  artifactKey: Guid(ccec0413098524a1588ed1604a2f19fa) Importer(815301076,1909f56bfc062723c751e8b465ee728b)
Start importing Assets/SpriteSheets/kenney_top-down-shooter/PNG/Tiles/tile_122.png using Guid(ccec0413098524a1588ed1604a2f19fa) Importer(815301076,1909f56bfc062723c751e8b465ee728b) (PreviewImporter) -> (artifact id: 'a2399ea1fc8ba118cce0bdec9560f7df') in 0.027800892 seconds
Number of updated asset objects reloaded before import = 0Number of asset objects unloaded after import = 3

========================================================================
Received Import Request.
  Time since last request: 0.000082 seconds.
  path: Assets/SpriteSheets/kenney_top-down-shooter/PNG/Tiles/tile_123.png
  artifactKey: Guid(2dc3be0e02483423b97e8e07593761df) Importer(815301076,1909f56bfc062723c751e8b465ee728b)
Start importing Assets/SpriteSheets/kenney_top-down-shooter/PNG/Tiles/tile_123.png using Guid(2dc3be0e02483423b97e8e07593761df) Importer(815301076,1909f56bfc062723c751e8b465ee728b) (PreviewImporter) -> (artifact id: '1ae2f6565f2c581c45fe6baa37e3c917') in 0.053204805 seconds
Number of updated asset objects reloaded before import = 0Number of asset objects unloaded after import = 3

========================================================================
Received Import Request.
  Time since last request: 0.000103 seconds.
  path: Assets/SpriteSheets/kenney_top-down-shooter/PNG/Tiles/tile_08.png
  artifactKey: Guid(71ca7c4ca28b74719976794ad6831b4e) Importer(815301076,1909f56bfc062723c751e8b465ee728b)
Start importing Assets/SpriteSheets/kenney_top-down-shooter/PNG/Tiles/tile_08.png using Guid(71ca7c4ca28b74719976794ad6831b4e) Importer(815301076,1909f56bfc062723c751e8b465ee728b) (PreviewImporter) -> (artifact id: '1dea8e816956c680d81ef7413334ff72') in 0.026998169 seconds
Number of updated asset objects reloaded before import = 0Number of asset objects unloaded after import = 3

========================================================================
Received Import Request.
  Time since last request: 0.000076 seconds.
  path: Assets/SpriteSheets/kenney_top-down-shooter/PNG/Tiles/tile_105.png
  artifactKey: Guid(ce77b526eeccc4882a5a156954a47c68) Importer(815301076,1909f56bfc062723c751e8b465ee728b)
Start importing Assets/SpriteSheets/kenney_top-down-shooter/PNG/Tiles/tile_105.png using Guid(ce77b526eeccc4882a5a156954a47c68) Importer(815301076,1909f56bfc062723c751e8b465ee728b) (PreviewImporter) -> (artifact id: 'aa2d0419b339c956c746ab9f67fcf3e9') in 0.010835654 seconds
Number of updated asset objects reloaded before import = 0Number of asset objects unloaded after import = 3

========================================================================
Received Import Request.
  Time since last request: 0.000074 seconds.
  path: Assets/SpriteSheets/kenney_top-down-shooter/PNG/Tiles/tile_106.png
  artifactKey: Guid(ef7d9bb1669ff41eca31befe63e6ba1d) Importer(815301076,1909f56bfc062723c751e8b465ee728b)
Start importing Assets/SpriteSheets/kenney_top-down-shooter/PNG/Tiles/tile_106.png using Guid(ef7d9bb1669ff41eca31befe63e6ba1d) Importer(815301076,1909f56bfc062723c751e8b465ee728b) (PreviewImporter) -> (artifact id: 'dfc6c18b82d04e047ad2b1e05abcc01d') in 0.016615236 seconds
Number of updated asset objects reloaded before import = 0Number of asset objects unloaded after import = 3

========================================================================
Received Import Request.
  Time since last request: 0.000069 seconds.
  path: Assets/SpriteSheets/kenney_top-down-shooter/PNG/Tiles/tile_68.png
  artifactKey: Guid(dc3e599fc6eba406dbffc3167ff8db54) Importer(815301076,1909f56bfc062723c751e8b465ee728b)
Start importing Assets/SpriteSheets/kenney_top-down-shooter/PNG/Tiles/tile_68.png using Guid(dc3e599fc6eba406dbffc3167ff8db54) Importer(815301076,1909f56bfc062723c751e8b465ee728b) (PreviewImporter) -> (artifact id: '23475a0a07821e77ad0ae74cdb5ebc62') in 0.009496704 seconds
Number of updated asset objects reloaded before import = 0Number of asset objects unloaded after import = 3

========================================================================
Received Import Request.
  Time since last request: 0.000068 seconds.
  path: Assets/SpriteSheets/kenney_top-down-shooter/PNG/Tiles/tile_171.png
  artifactKey: Guid(e96de5e08a6354be591bdb06858e53d1) Importer(815301076,1909f56bfc062723c751e8b465ee728b)
Start importing Assets/SpriteSheets/kenney_top-down-shooter/PNG/Tiles/tile_171.png using Guid(e96de5e08a6354be591bdb06858e53d1) Importer(815301076,1909f56bfc062723c751e8b465ee728b) (PreviewImporter) -> (artifact id: '2d991a69ed34cbaeb8db9e1e6830d8f6') in 0.023286508 seconds
Number of updated asset objects reloaded before import = 0Number of asset objects unloaded after import = 3

========================================================================
Received Import Request.
  Time since last request: 0.000052 seconds.
  path: Assets/SpriteSheets/kenney_top-down-shooter/PNG/Tiles/tile_137.png
  artifactKey: Guid(123c7b60724104e06a4b4c3e7734c56f) Importer(815301076,1909f56bfc062723c751e8b465ee728b)
Start importing Assets/SpriteSheets/kenney_top-down-shooter/PNG/Tiles/tile_137.png using Guid(123c7b60724104e06a4b4c3e7734c56f) Importer(815301076,1909f56bfc062723c751e8b465ee728b) (PreviewImporter) -> (artifact id: '257faf8664c96183b2bf17ef1b091c08') in 0.010019117 seconds
Number of updated asset objects reloaded before import = 0Number of asset objects unloaded after import = 3

========================================================================
Received Import Request.
  Time since last request: 0.000116 seconds.
  path: Assets/SpriteSheets/kenney_top-down-shooter/PNG/Tiles/tile_204.png
  artifactKey: Guid(b684f485308d140fbabb1c9474eb0805) Importer(815301076,1909f56bfc062723c751e8b465ee728b)
Start importing Assets/SpriteSheets/kenney_top-down-shooter/PNG/Tiles/tile_204.png using Guid(b684f485308d140fbabb1c9474eb0805) Importer(815301076,1909f56bfc062723c751e8b465ee728b) (PreviewImporter) -> (artifact id: 'c990cffa368dea5196fa5c6a9a1a0953') in 0.020350756 seconds
Number of updated asset objects reloaded before import = 0Number of asset objects unloaded after import = 3

========================================================================
Received Import Request.
  Time since last request: 0.000069 seconds.
  path: Assets/SpriteSheets/kenney_top-down-shooter/PNG/Tiles/tile_23.png
  artifactKey: Guid(42469a6768b8543238e0237675614603) Importer(815301076,1909f56bfc062723c751e8b465ee728b)
Start importing Assets/SpriteSheets/kenney_top-down-shooter/PNG/Tiles/tile_23.png using Guid(42469a6768b8543238e0237675614603) Importer(815301076,1909f56bfc062723c751e8b465ee728b) (PreviewImporter) -> (artifact id: 'a6130a2ea84dd6c0f7f0ce460d8dafdc') in 0.027007698 seconds
Number of updated asset objects reloaded before import = 0Number of asset objects unloaded after import = 3

========================================================================
Received Import Request.
  Time since last request: 0.000076 seconds.
  path: Assets/SpriteSheets/kenney_top-down-shooter/PNG/Tiles/tile_37.png
  artifactKey: Guid(e24d6ad3ad5164242986804151c75128) Importer(815301076,1909f56bfc062723c751e8b465ee728b)
Start importing Assets/SpriteSheets/kenney_top-down-shooter/PNG/Tiles/tile_37.png using Guid(e24d6ad3ad5164242986804151c75128) Importer(815301076,1909f56bfc062723c751e8b465ee728b) (PreviewImporter) -> (artifact id: '56a4f605ba839edff7c133327e4c5a42') in 0.011496018 seconds
Number of updated asset objects reloaded before import = 0Number of asset objects unloaded after import = 3

========================================================================
Received Import Request.
  Time since last request: 0.000091 seconds.
  path: Assets/SpriteSheets/kenney_top-down-shooter/PNG/Tiles/tile_85.png
  artifactKey: Guid(997929e2a8a15491ca35dda674f7872b) Importer(815301076,1909f56bfc062723c751e8b465ee728b)
Start importing Assets/SpriteSheets/kenney_top-down-shooter/PNG/Tiles/tile_85.png using Guid(997929e2a8a15491ca35dda674f7872b) Importer(815301076,1909f56bfc062723c751e8b465ee728b) (PreviewImporter) -> (artifact id: '21002d2a64ad010cbd7be1db99fa30f3') in 0.016582199 seconds
Number of updated asset objects reloaded before import = 0Number of asset objects unloaded after import = 3

========================================================================
Received Import Request.
  Time since last request: 0.000074 seconds.
  path: Assets/SpriteSheets/kenney_top-down-shooter/PNG/Tiles/tile_32.png
  artifactKey: Guid(3913fd1a313d34e3a9d39e3a900038ce) Importer(815301076,1909f56bfc062723c751e8b465ee728b)
Start importing Assets/SpriteSheets/kenney_top-down-shooter/PNG/Tiles/tile_32.png using Guid(3913fd1a313d34e3a9d39e3a900038ce) Importer(815301076,1909f56bfc062723c751e8b465ee728b) (PreviewImporter) -> (artifact id: 'ad0efdf10dc984fe95c6eb7e0649dc3d') in 0.028012924 seconds
Number of updated asset objects reloaded before import = 0Number of asset objects unloaded after import = 3

========================================================================
Received Import Request.
  Time since last request: 0.227999 seconds.
  path: Assets/SpriteSheets/kenney_top-down-shooter/PNG/Tiles/tile_252.png
  artifactKey: Guid(1e65c94ae8c3849e49a54d69554fec08) Importer(815301076,1909f56bfc062723c751e8b465ee728b)
Start importing Assets/SpriteSheets/kenney_top-down-shooter/PNG/Tiles/tile_252.png using Guid(1e65c94ae8c3849e49a54d69554fec08) Importer(815301076,1909f56bfc062723c751e8b465ee728b) (PreviewImporter) -> (artifact id: '9ccc6c7bee1c4158db6a829365b5484c') in 0.027034293 seconds
Number of updated asset objects reloaded before import = 0Number of asset objects unloaded after import = 3

========================================================================
Received Import Request.
  Time since last request: 0.000068 seconds.
  path: Assets/SpriteSheets/kenney_top-down-shooter/PNG/Tiles/tile_254.png
  artifactKey: Guid(614dc00b60dda4ba2bd56ccf8bd26016) Importer(815301076,1909f56bfc062723c751e8b465ee728b)
Start importing Assets/SpriteSheets/kenney_top-down-shooter/PNG/Tiles/tile_254.png using Guid(614dc00b60dda4ba2bd56ccf8bd26016) Importer(815301076,1909f56bfc062723c751e8b465ee728b) (PreviewImporter) -> (artifact id: 'b4be827b9b25bef05f319015d987ca4b') in 0.010668238 seconds
Number of updated asset objects reloaded before import = 0Number of asset objects unloaded after import = 3

========================================================================
Received Import Request.
  Time since last request: 0.000060 seconds.
  path: Assets/SpriteSheets/kenney_top-down-shooter/PNG/Tiles/tile_262.png
  artifactKey: Guid(68870277873cc444b8d18268f711beb6) Importer(815301076,1909f56bfc062723c751e8b465ee728b)
Start importing Assets/SpriteSheets/kenney_top-down-shooter/PNG/Tiles/tile_262.png using Guid(68870277873cc444b8d18268f711beb6) Importer(815301076,1909f56bfc062723c751e8b465ee728b) (PreviewImporter) -> (artifact id: '4512dbf299b5ac4f1b0bfed32edf50ba') in 0.029871544 seconds
Number of updated asset objects reloaded before import = 0Number of asset objects unloaded after import = 4

========================================================================
Received Import Request.
  Time since last request: 0.000083 seconds.
  path: Assets/SpriteSheets/kenney_top-down-shooter/PNG/Tiles/tile_277.png
  artifactKey: Guid(da13abe9aa32f4d53bc48d65d458b03a) Importer(815301076,1909f56bfc062723c751e8b465ee728b)
Start importing Assets/SpriteSheets/kenney_top-down-shooter/PNG/Tiles/tile_277.png using Guid(da13abe9aa32f4d53bc48d65d458b03a) Importer(815301076,1909f56bfc062723c751e8b465ee728b) (PreviewImporter) -> (artifact id: '7e3b3eee612ac8cf46b4eb1acb1c023f') in 0.028557522 seconds
Number of updated asset objects reloaded before import = 0Number of asset objects unloaded after import = 3

========================================================================
Received Import Request.
  Time since last request: 0.000059 seconds.
  path: Assets/SpriteSheets/kenney_top-down-shooter/PNG/Tiles/tile_269.png
  artifactKey: Guid(1eec3ca2a355243499ae87200506cda2) Importer(815301076,1909f56bfc062723c751e8b465ee728b)
Start importing Assets/SpriteSheets/kenney_top-down-shooter/PNG/Tiles/tile_269.png using Guid(1eec3ca2a355243499ae87200506cda2) Importer(815301076,1909f56bfc062723c751e8b465ee728b) (PreviewImporter) -> (artifact id: '0bb20bb32968457d6d6c976cab7d41b1') in 0.018058728 seconds
Number of updated asset objects reloaded before import = 0Number of asset objects unloaded after import = 3

========================================================================
Received Import Request.
  Time since last request: 0.000061 seconds.
  path: Assets/SpriteSheets/kenney_top-down-shooter/PNG/Tiles/tile_270.png
  artifactKey: Guid(9ce6cf459b8964dab81abde73c7660b5) Importer(815301076,1909f56bfc062723c751e8b465ee728b)
Start importing Assets/SpriteSheets/kenney_top-down-shooter/PNG/Tiles/tile_270.png using Guid(9ce6cf459b8964dab81abde73c7660b5) Importer(815301076,1909f56bfc062723c751e8b465ee728b) (PreviewImporter) -> (artifact id: '88ac72fa9834df6e2bf9880eef46802a') in 0.011363286 seconds
Number of updated asset objects reloaded before import = 0Number of asset objects unloaded after import = 3

========================================================================
Received Import Request.
  Time since last request: 0.000077 seconds.
  path: Assets/SpriteSheets/kenney_top-down-shooter/PNG/Tiles/tile_256.png
  artifactKey: Guid(0a0eed1633ed146198eca59bd2950011) Importer(815301076,1909f56bfc062723c751e8b465ee728b)
Start importing Assets/SpriteSheets/kenney_top-down-shooter/PNG/Tiles/tile_256.png using Guid(0a0eed1633ed146198eca59bd2950011) Importer(815301076,1909f56bfc062723c751e8b465ee728b) (PreviewImporter) -> (artifact id: 'eb5eaf355503ae4d47acddc624f5b679') in 0.020516448 seconds
Number of updated asset objects reloaded before import = 0Number of asset objects unloaded after import = 3

========================================================================
Received Import Request.
  Time since last request: 0.000061 seconds.
  path: Assets/SpriteSheets/kenney_top-down-shooter/PNG/Tiles/tile_274.png
  artifactKey: Guid(36471c0b97f04471b99efcbd98190817) Importer(815301076,1909f56bfc062723c751e8b465ee728b)
Start importing Assets/SpriteSheets/kenney_top-down-shooter/PNG/Tiles/tile_274.png using Guid(36471c0b97f04471b99efcbd98190817) Importer(815301076,1909f56bfc062723c751e8b465ee728b) (PreviewImporter) -> (artifact id: '992f774e1f7c73db6397bc1c03757063') in 0.01153442 seconds
Number of updated asset objects reloaded before import = 0Number of asset objects unloaded after import = 3

========================================================================
Received Import Request.
  Time since last request: 0.000063 seconds.
  path: Assets/SpriteSheets/kenney_top-down-shooter/PNG/Tiles/tile_278.png
  artifactKey: Guid(93a5501ab9c394cfda4e2dde068f5651) Importer(815301076,1909f56bfc062723c751e8b465ee728b)
Start importing Assets/SpriteSheets/kenney_top-down-shooter/PNG/Tiles/tile_278.png using Guid(93a5501ab9c394cfda4e2dde068f5651) Importer(815301076,1909f56bfc062723c751e8b465ee728b) (PreviewImporter) -> (artifact id: '5ea25b1e1efa738eada432085ffa553a') in 0.022761045 seconds
Number of updated asset objects reloaded before import = 0Number of asset objects unloaded after import = 3

========================================================================
Received Import Request.
  Time since last request: 0.000131 seconds.
  path: Assets/SpriteSheets/kenney_top-down-shooter/PNG/Tiles/tile_294.png
  artifactKey: Guid(c02178011e5dd4959a19491688a654b3) Importer(815301076,1909f56bfc062723c751e8b465ee728b)
Start importing Assets/SpriteSheets/kenney_top-down-shooter/PNG/Tiles/tile_294.png using Guid(c02178011e5dd4959a19491688a654b3) Importer(815301076,1909f56bfc062723c751e8b465ee728b) (PreviewImporter) -> (artifact id: 'ea1a55fb598544807cb146916dfb644b') in 0.028692095 seconds
Number of updated asset objects reloaded before import = 0Number of asset objects unloaded after import = 3

========================================================================
Received Import Request.
  Time since last request: 0.000057 seconds.
  path: Assets/SpriteSheets/kenney_top-down-shooter/PNG/Tiles/tile_308.png
  artifactKey: Guid(364c9f6af5f1443e2b28de1720c8bfd0) Importer(815301076,1909f56bfc062723c751e8b465ee728b)
Start importing Assets/SpriteSheets/kenney_top-down-shooter/PNG/Tiles/tile_308.png using Guid(364c9f6af5f1443e2b28de1720c8bfd0) Importer(815301076,1909f56bfc062723c751e8b465ee728b) (PreviewImporter) -> (artifact id: '167c31efee8f2d60d25740434346353e') in 0.017225074 seconds
Number of updated asset objects reloaded before import = 0Number of asset objects unloaded after import = 3

========================================================================
Received Import Request.
  Time since last request: 0.000076 seconds.
  path: Assets/SpriteSheets/kenney_top-down-shooter/PNG/Tiles/tile_309.png
  artifactKey: Guid(3ba30908ed3864300804dfd686ca1dfb) Importer(815301076,1909f56bfc062723c751e8b465ee728b)
Start importing Assets/SpriteSheets/kenney_top-down-shooter/PNG/Tiles/tile_309.png using Guid(3ba30908ed3864300804dfd686ca1dfb) Importer(815301076,1909f56bfc062723c751e8b465ee728b) (PreviewImporter) -> (artifact id: '36430604c15c77d622c8073306efd7f3') in 0.024085892 seconds
Number of updated asset objects reloaded before import = 0Number of asset objects unloaded after import = 3

========================================================================
Received Import Request.
  Time since last request: 0.000081 seconds.
  path: Assets/SpriteSheets/kenney_top-down-shooter/PNG/Tiles/tile_303.png
  artifactKey: Guid(2c9d0905d64d142939918f0855b1148b) Importer(815301076,1909f56bfc062723c751e8b465ee728b)
Start importing Assets/SpriteSheets/kenney_top-down-shooter/PNG/Tiles/tile_303.png using Guid(2c9d0905d64d142939918f0855b1148b) Importer(815301076,1909f56bfc062723c751e8b465ee728b) (PreviewImporter) -> (artifact id: '5a1b76d64b0e74150b19565e7cbcd699') in 0.019554848 seconds
Number of updated asset objects reloaded before import = 0Number of asset objects unloaded after import = 3

========================================================================
Received Import Request.
  Time since last request: 0.000097 seconds.
  path: Assets/SpriteSheets/kenney_top-down-shooter/PNG/Tiles/tile_284.png
  artifactKey: Guid(e1872f1f96e27465280a609d1f3b880d) Importer(815301076,1909f56bfc062723c751e8b465ee728b)
Start importing Assets/SpriteSheets/kenney_top-down-shooter/PNG/Tiles/tile_284.png using Guid(e1872f1f96e27465280a609d1f3b880d) Importer(815301076,1909f56bfc062723c751e8b465ee728b) (PreviewImporter) -> (artifact id: '960c32e32f7caf032bb8263dc0519b6a') in 0.010946639 seconds
Number of updated asset objects reloaded before import = 0Number of asset objects unloaded after import = 3

========================================================================
Received Import Request.
  Time since last request: 0.000078 seconds.
  path: Assets/SpriteSheets/kenney_top-down-shooter/PNG/Tiles/tile_297.png
  artifactKey: Guid(83e67358e8c8841c190ac759b648a40c) Importer(815301076,1909f56bfc062723c751e8b465ee728b)
Start importing Assets/SpriteSheets/kenney_top-down-shooter/PNG/Tiles/tile_297.png using Guid(83e67358e8c8841c190ac759b648a40c) Importer(815301076,1909f56bfc062723c751e8b465ee728b) (PreviewImporter) -> (artifact id: 'f0017d9bab27ae9f7bb04c4c9eeb0d59') in 0.016642707 seconds
Number of updated asset objects reloaded before import = 0Number of asset objects unloaded after import = 3

========================================================================
Received Import Request.
  Time since last request: 0.000059 seconds.
  path: Assets/SpriteSheets/kenney_top-down-shooter/PNG/Tiles/tile_307.png
  artifactKey: Guid(169b7237d6a9c4dc3a8a30f1b93f4963) Importer(815301076,1909f56bfc062723c751e8b465ee728b)
Start importing Assets/SpriteSheets/kenney_top-down-shooter/PNG/Tiles/tile_307.png using Guid(169b7237d6a9c4dc3a8a30f1b93f4963) Importer(815301076,1909f56bfc062723c751e8b465ee728b) (PreviewImporter) -> (artifact id: '26c20e5450bfdd272233edd01319ebd1') in 0.024955725 seconds
Number of updated asset objects reloaded before import = 0Number of asset objects unloaded after import = 3

========================================================================
Received Import Request.
  Time since last request: 0.000102 seconds.
  path: Assets/SpriteSheets/kenney_top-down-shooter/PNG/Tiles/tile_304.png
  artifactKey: Guid(b3a3184f0236c4be6bc3209e4eecf190) Importer(815301076,1909f56bfc062723c751e8b465ee728b)
Start importing Assets/SpriteSheets/kenney_top-down-shooter/PNG/Tiles/tile_304.png using Guid(b3a3184f0236c4be6bc3209e4eecf190) Importer(815301076,1909f56bfc062723c751e8b465ee728b) (PreviewImporter) -> (artifact id: '65805c081d68f3441005f1835247bdb2') in 0.016196657 seconds
Number of updated asset objects reloaded before import = 0Number of asset objects unloaded after import = 3

========================================================================
Received Import Request.
  Time since last request: 0.000076 seconds.
  path: Assets/SpriteSheets/kenney_top-down-shooter/PNG/Tiles/tile_287.png
  artifactKey: Guid(836a06f590a5e441e960e1deb3b7a137) Importer(815301076,1909f56bfc062723c751e8b465ee728b)
Start importing Assets/SpriteSheets/kenney_top-down-shooter/PNG/Tiles/tile_287.png using Guid(836a06f590a5e441e960e1deb3b7a137) Importer(815301076,1909f56bfc062723c751e8b465ee728b) (PreviewImporter) -> (artifact id: '32520d634ae9eecc3459a29787009aed') in 0.024647105 seconds
Number of updated asset objects reloaded before import = 0Number of asset objects unloaded after import = 3

========================================================================
Received Import Request.
  Time since last request: 0.000054 seconds.
  path: Assets/SpriteSheets/kenney_top-down-shooter/PNG/Tiles/tile_323.png
  artifactKey: Guid(9d97e0cce26e44e52959e4a6e90037a4) Importer(815301076,1909f56bfc062723c751e8b465ee728b)
Start importing Assets/SpriteSheets/kenney_top-down-shooter/PNG/Tiles/tile_323.png using Guid(9d97e0cce26e44e52959e4a6e90037a4) Importer(815301076,1909f56bfc062723c751e8b465ee728b) (PreviewImporter) -> (artifact id: 'ecc1322ed183f30e78a1a62ad5a40050') in 0.017062648 seconds
Number of updated asset objects reloaded before import = 0Number of asset objects unloaded after import = 3

========================================================================
Received Import Request.
  Time since last request: 0.000074 seconds.
  path: Assets/SpriteSheets/kenney_top-down-shooter/PNG/Tiles/tile_312.png
  artifactKey: Guid(2b32e656e340d460abbdab572ebae278) Importer(815301076,1909f56bfc062723c751e8b465ee728b)
Start importing Assets/SpriteSheets/kenney_top-down-shooter/PNG/Tiles/tile_312.png using Guid(2b32e656e340d460abbdab572ebae278) Importer(815301076,1909f56bfc062723c751e8b465ee728b) (PreviewImporter) -> (artifact id: '19016ed4d4bf22bde4909c308c218510') in 0.064740547 seconds
Number of updated asset objects reloaded before import = 0Number of asset objects unloaded after import = 3

========================================================================
Received Import Request.
  Time since last request: 0.000076 seconds.
  path: Assets/SpriteSheets/kenney_top-down-shooter/PNG/Tiles/tile_322.png
  artifactKey: Guid(d35d1dbb6e721491eaa12b603a0c4de5) Importer(815301076,1909f56bfc062723c751e8b465ee728b)
Start importing Assets/SpriteSheets/kenney_top-down-shooter/PNG/Tiles/tile_322.png using Guid(d35d1dbb6e721491eaa12b603a0c4de5) Importer(815301076,1909f56bfc062723c751e8b465ee728b) (PreviewImporter) -> (artifact id: '836c2c53da2ace2cafe0a94e4c2c1ca7') in 0.010446631 seconds
Number of updated asset objects reloaded before import = 0Number of asset objects unloaded after import = 3

========================================================================
Received Import Request.
  Time since last request: 0.000081 seconds.
  path: Assets/SpriteSheets/kenney_top-down-shooter/PNG/Tiles/tile_317.png
  artifactKey: Guid(4650f8d3e9af34017b7e208687e33e60) Importer(815301076,1909f56bfc062723c751e8b465ee728b)
Start importing Assets/SpriteSheets/kenney_top-down-shooter/PNG/Tiles/tile_317.png using Guid(4650f8d3e9af34017b7e208687e33e60) Importer(815301076,1909f56bfc062723c751e8b465ee728b) (PreviewImporter) -> (artifact id: '03cd2c138986edc9bc75f4845f31d70b') in 0.018119411 seconds
Number of updated asset objects reloaded before import = 0Number of asset objects unloaded after import = 3

========================================================================
Received Import Request.
  Time since last request: 0.000054 seconds.
  path: Assets/SpriteSheets/kenney_top-down-shooter/PNG/Tiles/tile_267.png
  artifactKey: Guid(331f728ac1589426983beb64d362bf58) Importer(815301076,1909f56bfc062723c751e8b465ee728b)
Start importing Assets/SpriteSheets/kenney_top-down-shooter/PNG/Tiles/tile_267.png using Guid(331f728ac1589426983beb64d362bf58) Importer(815301076,1909f56bfc062723c751e8b465ee728b) (PreviewImporter) -> (artifact id: '73c58ac3ed2aa403b315d21089d4d117') in 0.011235499 seconds
Number of updated asset objects reloaded before import = 0Number of asset objects unloaded after import = 3

========================================================================
Received Import Request.
  Time since last request: 0.000068 seconds.
  path: Assets/SpriteSheets/kenney_top-down-shooter/PNG/Tiles/tile_280.png
  artifactKey: Guid(265f929c8642e44de889b4796f270163) Importer(815301076,1909f56bfc062723c751e8b465ee728b)
Start importing Assets/SpriteSheets/kenney_top-down-shooter/PNG/Tiles/tile_280.png using Guid(265f929c8642e44de889b4796f270163) Importer(815301076,1909f56bfc062723c751e8b465ee728b) (PreviewImporter) -> (artifact id: '85192236fa09345a4c426a9f9f6fb494') in 0.024427621 seconds
Number of updated asset objects reloaded before import = 0Number of asset objects unloaded after import = 3

========================================================================
Received Import Request.
  Time since last request: 0.000072 seconds.
  path: Assets/SpriteSheets/kenney_top-down-shooter/PNG/Tiles/tile_260.png
  artifactKey: Guid(d56b89819649446cabdba1885c8fba41) Importer(815301076,1909f56bfc062723c751e8b465ee728b)
Start importing Assets/SpriteSheets/kenney_top-down-shooter/PNG/Tiles/tile_260.png using Guid(d56b89819649446cabdba1885c8fba41) Importer(815301076,1909f56bfc062723c751e8b465ee728b) (PreviewImporter) -> (artifact id: '165e461d158048bbb24ff51c68d98a72') in 0.02885616 seconds
Number of updated asset objects reloaded before import = 0Number of asset objects unloaded after import = 3

========================================================================
Received Import Request.
  Time since last request: 0.000089 seconds.
  path: Assets/SpriteSheets/kenney_top-down-shooter/PNG/Tiles/tile_325.png
  artifactKey: Guid(cd35468dba93e46b1a9d78d9cb73b4be) Importer(815301076,1909f56bfc062723c751e8b465ee728b)
Start importing Assets/SpriteSheets/kenney_top-down-shooter/PNG/Tiles/tile_325.png using Guid(cd35468dba93e46b1a9d78d9cb73b4be) Importer(815301076,1909f56bfc062723c751e8b465ee728b) (PreviewImporter) -> (artifact id: 'a9ee3668b92b613205fb6860d690f7c9') in 0.033223505 seconds
Number of updated asset objects reloaded before import = 0Number of asset objects unloaded after import = 3

========================================================================
Received Import Request.
  Time since last request: 0.000063 seconds.
  path: Assets/SpriteSheets/kenney_top-down-shooter/PNG/Tiles/tile_346.png
  artifactKey: Guid(0315c283e5f134e739b3b398fc8c81d8) Importer(815301076,1909f56bfc062723c751e8b465ee728b)
Start importing Assets/SpriteSheets/kenney_top-down-shooter/PNG/Tiles/tile_346.png using Guid(0315c283e5f134e739b3b398fc8c81d8) Importer(815301076,1909f56bfc062723c751e8b465ee728b) (PreviewImporter) -> (artifact id: 'c45f72360ad4038cff538583e6bef4f4') in 0.013503802 seconds
Number of updated asset objects reloaded before import = 0Number of asset objects unloaded after import = 3

========================================================================
Received Import Request.
  Time since last request: 0.000058 seconds.
  path: Assets/SpriteSheets/kenney_top-down-shooter/PNG/Tiles/tile_343.png
  artifactKey: Guid(cf3ce54714efb4821ba81ecc870345fc) Importer(815301076,1909f56bfc062723c751e8b465ee728b)
Start importing Assets/SpriteSheets/kenney_top-down-shooter/PNG/Tiles/tile_343.png using Guid(cf3ce54714efb4821ba81ecc870345fc) Importer(815301076,1909f56bfc062723c751e8b465ee728b) (PreviewImporter) -> (artifact id: 'eaddf6be67de57afc46907eb21a1a42b') in 0.021759042 seconds
Number of updated asset objects reloaded before import = 0Number of asset objects unloaded after import = 3

========================================================================
Received Import Request.
  Time since last request: 0.000098 seconds.
  path: Assets/SpriteSheets/kenney_top-down-shooter/PNG/Tiles/tile_348.png
  artifactKey: Guid(050a9bff70fea4b5a84fca6a74aa5a1c) Importer(815301076,1909f56bfc062723c751e8b465ee728b)
Start importing Assets/SpriteSheets/kenney_top-down-shooter/PNG/Tiles/tile_348.png using Guid(050a9bff70fea4b5a84fca6a74aa5a1c) Importer(815301076,1909f56bfc062723c751e8b465ee728b) (PreviewImporter) -> (artifact id: '3798634f8056d72f2b9ee676d29c5de9') in 0.025571558 seconds
Number of updated asset objects reloaded before import = 0Number of asset objects unloaded after import = 3

========================================================================
Received Import Request.
  Time since last request: 0.000054 seconds.
  path: Assets/SpriteSheets/kenney_top-down-shooter/PNG/Tiles/tile_340.png
  artifactKey: Guid(3deb4fd8a375347c89da7c90d178fbab) Importer(815301076,1909f56bfc062723c751e8b465ee728b)
Start importing Assets/SpriteSheets/kenney_top-down-shooter/PNG/Tiles/tile_340.png using Guid(3deb4fd8a375347c89da7c90d178fbab) Importer(815301076,1909f56bfc062723c751e8b465ee728b) (PreviewImporter) -> (artifact id: 'e8a712036a66edd5c6347746d6ed76c2') in 0.011520195 seconds
Number of updated asset objects reloaded before import = 0Number of asset objects unloaded after import = 3

========================================================================
Received Import Request.
  Time since last request: 0.000063 seconds.
  path: Assets/SpriteSheets/kenney_top-down-shooter/PNG/Tiles/tile_329.png
  artifactKey: Guid(30d44f6ca3f60406d95f4ca18c0aad81) Importer(815301076,1909f56bfc062723c751e8b465ee728b)
Start importing Assets/SpriteSheets/kenney_top-down-shooter/PNG/Tiles/tile_329.png using Guid(30d44f6ca3f60406d95f4ca18c0aad81) Importer(815301076,1909f56bfc062723c751e8b465ee728b) (PreviewImporter) -> (artifact id: '77c874fb1f987ed6789c1d2d72b572ef') in 0.024052013 seconds
Number of updated asset objects reloaded before import = 0Number of asset objects unloaded after import = 3

========================================================================
Received Import Request.
  Time since last request: 0.000068 seconds.
  path: Assets/SpriteSheets/kenney_top-down-shooter/PNG/Tiles/tile_341.png
  artifactKey: Guid(09dda84f068d644f299e60063f986c60) Importer(815301076,1909f56bfc062723c751e8b465ee728b)
Start importing Assets/SpriteSheets/kenney_top-down-shooter/PNG/Tiles/tile_341.png using Guid(09dda84f068d644f299e60063f986c60) Importer(815301076,1909f56bfc062723c751e8b465ee728b) (PreviewImporter) -> (artifact id: '00ad2df34719f261f28dd1daa2e46109') in 0.0113469 seconds
Number of updated asset objects reloaded before import = 0Number of asset objects unloaded after import = 3

========================================================================
Received Import Request.
  Time since last request: 0.000059 seconds.
  path: Assets/SpriteSheets/kenney_top-down-shooter/PNG/Tiles/tile_344.png
  artifactKey: Guid(de4fa41fc0fdd47fca5aa14074e12d38) Importer(815301076,1909f56bfc062723c751e8b465ee728b)
Start importing Assets/SpriteSheets/kenney_top-down-shooter/PNG/Tiles/tile_344.png using Guid(de4fa41fc0fdd47fca5aa14074e12d38) Importer(815301076,1909f56bfc062723c751e8b465ee728b) (PreviewImporter) -> (artifact id: 'd0d55f67c2c4c82311bf219642eebcc6') in 0.031303929 seconds
Number of updated asset objects reloaded before import = 0Number of asset objects unloaded after import = 3

========================================================================
Received Import Request.
  Time since last request: 0.000091 seconds.
  path: Assets/SpriteSheets/kenney_top-down-shooter/PNG/Tiles/tile_355.png
  artifactKey: Guid(67e3946b1a3cc445d8339c1397c457fd) Importer(815301076,1909f56bfc062723c751e8b465ee728b)
Start importing Assets/SpriteSheets/kenney_top-down-shooter/PNG/Tiles/tile_355.png using Guid(67e3946b1a3cc445d8339c1397c457fd) Importer(815301076,1909f56bfc062723c751e8b465ee728b) (PreviewImporter) -> (artifact id: '0ae1677633e9c35ba2851d16cba16a15') in 0.025704715 seconds
Number of updated asset objects reloaded before import = 0Number of asset objects unloaded after import = 3

========================================================================
Received Import Request.
  Time since last request: 0.000058 seconds.
  path: Assets/SpriteSheets/kenney_top-down-shooter/PNG/Tiles/tile_364.png
  artifactKey: Guid(1a4f8f360ba4f4e45b186b8d846b5e7b) Importer(815301076,1909f56bfc062723c751e8b465ee728b)
Start importing Assets/SpriteSheets/kenney_top-down-shooter/PNG/Tiles/tile_364.png using Guid(1a4f8f360ba4f4e45b186b8d846b5e7b) Importer(815301076,1909f56bfc062723c751e8b465ee728b) (PreviewImporter) -> (artifact id: '35809e96f311983306759e18f118d4e3') in 0.01605576 seconds
Number of updated asset objects reloaded before import = 0Number of asset objects unloaded after import = 3

========================================================================
Received Import Request.
  Time since last request: 0.000060 seconds.
  path: Assets/SpriteSheets/kenney_top-down-shooter/PNG/Tiles/tile_368.png
  artifactKey: Guid(d1693aff7af9e40c78e2ef40bea7c49b) Importer(815301076,1909f56bfc062723c751e8b465ee728b)
Start importing Assets/SpriteSheets/kenney_top-down-shooter/PNG/Tiles/tile_368.png using Guid(d1693aff7af9e40c78e2ef40bea7c49b) Importer(815301076,1909f56bfc062723c751e8b465ee728b) (PreviewImporter) -> (artifact id: '3923aab5cf4704ebda4b7086b34b22bc') in 0.011648911 seconds
Number of updated asset objects reloaded before import = 0Number of asset objects unloaded after import = 3

========================================================================
Received Import Request.
  Time since last request: 0.000064 seconds.
  path: Assets/SpriteSheets/kenney_top-down-shooter/PNG/Tiles/tile_360.png
  artifactKey: Guid(d978969b9fc14495da718b051c11e6b4) Importer(815301076,1909f56bfc062723c751e8b465ee728b)
Start importing Assets/SpriteSheets/kenney_top-down-shooter/PNG/Tiles/tile_360.png using Guid(d978969b9fc14495da718b051c11e6b4) Importer(815301076,1909f56bfc062723c751e8b465ee728b) (PreviewImporter) -> (artifact id: 'f672e272b04cca34548569b504408426') in 0.023776833 seconds
Number of updated asset objects reloaded before import = 0Number of asset objects unloaded after import = 3

========================================================================
Received Import Request.
  Time since last request: 0.000062 seconds.
  path: Assets/SpriteSheets/kenney_top-down-shooter/PNG/Tiles/tile_332.png
  artifactKey: Guid(acad6a079133a4136805ade6caacfa7f) Importer(815301076,1909f56bfc062723c751e8b465ee728b)
Start importing Assets/SpriteSheets/kenney_top-down-shooter/PNG/Tiles/tile_332.png using Guid(acad6a079133a4136805ade6caacfa7f) Importer(815301076,1909f56bfc062723c751e8b465ee728b) (PreviewImporter) -> (artifact id: '81760d8df14f8449a75062f307e1d6f3') in 0.009557239 seconds
Number of updated asset objects reloaded before import = 0Number of asset objects unloaded after import = 3

========================================================================
Received Import Request.
  Time since last request: 0.000057 seconds.
  path: Assets/SpriteSheets/kenney_top-down-shooter/PNG/Tiles/tile_367.png
  artifactKey: Guid(d665efd5af3374dad9eedf02ee61bf68) Importer(815301076,1909f56bfc062723c751e8b465ee728b)
Start importing Assets/SpriteSheets/kenney_top-down-shooter/PNG/Tiles/tile_367.png using Guid(d665efd5af3374dad9eedf02ee61bf68) Importer(815301076,1909f56bfc062723c751e8b465ee728b) (PreviewImporter) -> (artifact id: '40b2c5674823436ba78c7e0d6b3a69f5') in 0.023080075 seconds
Number of updated asset objects reloaded before import = 0Number of asset objects unloaded after import = 3

========================================================================
Received Import Request.
  Time since last request: 0.000085 seconds.
  path: Assets/SpriteSheets/kenney_top-down-shooter/PNG/Tiles/tile_370.png
  artifactKey: Guid(0fa19a81dfafd44109f003105fdad3c7) Importer(815301076,1909f56bfc062723c751e8b465ee728b)
Start importing Assets/SpriteSheets/kenney_top-down-shooter/PNG/Tiles/tile_370.png using Guid(0fa19a81dfafd44109f003105fdad3c7) Importer(815301076,1909f56bfc062723c751e8b465ee728b) (PreviewImporter) -> (artifact id: '9a42c91498847db28ad240a742810f2d') in 0.015751185 seconds
Number of updated asset objects reloaded before import = 0Number of asset objects unloaded after import = 3

========================================================================
Received Import Request.
  Time since last request: 0.000078 seconds.
  path: Assets/SpriteSheets/kenney_top-down-shooter/PNG/Tiles/tile_383.png
  artifactKey: Guid(0a5b74d4ca1114173b5e1b0504749868) Importer(815301076,1909f56bfc062723c751e8b465ee728b)
Start importing Assets/SpriteSheets/kenney_top-down-shooter/PNG/Tiles/tile_383.png using Guid(0a5b74d4ca1114173b5e1b0504749868) Importer(815301076,1909f56bfc062723c751e8b465ee728b) (PreviewImporter) -> (artifact id: 'b61b930b0fdc71feb900263c7326c915') in 0.032581653 seconds
Number of updated asset objects reloaded before import = 0Number of asset objects unloaded after import = 3

========================================================================
Received Import Request.
  Time since last request: 0.000072 seconds.
  path: Assets/SpriteSheets/kenney_top-down-shooter/PNG/Tiles/tile_397.png
  artifactKey: Guid(bef1d243a474e45fa91db57fc0881788) Importer(815301076,1909f56bfc062723c751e8b465ee728b)
Start importing Assets/SpriteSheets/kenney_top-down-shooter/PNG/Tiles/tile_397.png using Guid(bef1d243a474e45fa91db57fc0881788) Importer(815301076,1909f56bfc062723c751e8b465ee728b) (PreviewImporter) -> (artifact id: 'b5171e7427cafd7f753b43f32f7b8246') in 0.026183624 seconds
Number of updated asset objects reloaded before import = 0Number of asset objects unloaded after import = 3

========================================================================
Received Import Request.
  Time since last request: 0.000078 seconds.
  path: Assets/SpriteSheets/kenney_top-down-shooter/PNG/Tiles/tile_391.png
  artifactKey: Guid(e27c025a8936c4150be6788bf56015cf) Importer(815301076,1909f56bfc062723c751e8b465ee728b)
Start importing Assets/SpriteSheets/kenney_top-down-shooter/PNG/Tiles/tile_391.png using Guid(e27c025a8936c4150be6788bf56015cf) Importer(815301076,1909f56bfc062723c751e8b465ee728b) (PreviewImporter) -> (artifact id: 'f4a40a0d8a2206daf54fc81efd6486aa') in 0.054511393 seconds
Number of updated asset objects reloaded before import = 0Number of asset objects unloaded after import = 3

========================================================================
Received Import Request.
  Time since last request: 0.000072 seconds.
  path: Assets/SpriteSheets/kenney_top-down-shooter/PNG/Tiles/tile_380.png
  artifactKey: Guid(f912f90263ee648ab9f4c58c099d7114) Importer(815301076,1909f56bfc062723c751e8b465ee728b)
Start importing Assets/SpriteSheets/kenney_top-down-shooter/PNG/Tiles/tile_380.png using Guid(f912f90263ee648ab9f4c58c099d7114) Importer(815301076,1909f56bfc062723c751e8b465ee728b) (PreviewImporter) -> (artifact id: 'eb3720b71cc7f57e00b432576761ccc4') in 0.011697115 seconds
Number of updated asset objects reloaded before import = 0Number of asset objects unloaded after import = 3

========================================================================
Received Import Request.
  Time since last request: 0.000072 seconds.
  path: Assets/SpriteSheets/kenney_top-down-shooter/PNG/Tiles/tile_399.png
  artifactKey: Guid(158c7415ab25c421f84875d05d9bb3ce) Importer(815301076,1909f56bfc062723c751e8b465ee728b)
Start importing Assets/SpriteSheets/kenney_top-down-shooter/PNG/Tiles/tile_399.png using Guid(158c7415ab25c421f84875d05d9bb3ce) Importer(815301076,1909f56bfc062723c751e8b465ee728b) (PreviewImporter) -> (artifact id: '2cc58c11994b2cf5ef8f073db2a5972d') in 0.016546573 seconds
Number of updated asset objects reloaded before import = 0Number of asset objects unloaded after import = 3

========================================================================
Received Import Request.
  Time since last request: 0.000084 seconds.
  path: Assets/SpriteSheets/kenney_top-down-shooter/PNG/Tiles/tile_374.png
  artifactKey: Guid(26362c47ed38a43de9e2579b90855709) Importer(815301076,1909f56bfc062723c751e8b465ee728b)
Start importing Assets/SpriteSheets/kenney_top-down-shooter/PNG/Tiles/tile_374.png using Guid(26362c47ed38a43de9e2579b90855709) Importer(815301076,1909f56bfc062723c751e8b465ee728b) (PreviewImporter) -> (artifact id: '60dded517be8d6a817ce55ff9982308e') in 0.02740177 seconds
Number of updated asset objects reloaded before import = 0Number of asset objects unloaded after import = 3

========================================================================
Received Import Request.
  Time since last request: 0.000083 seconds.
  path: Assets/SpriteSheets/kenney_top-down-shooter/PNG/Tiles/tile_396.png
  artifactKey: Guid(093b07003a6ce467895eec302c834ab0) Importer(815301076,1909f56bfc062723c751e8b465ee728b)
Start importing Assets/SpriteSheets/kenney_top-down-shooter/PNG/Tiles/tile_396.png using Guid(093b07003a6ce467895eec302c834ab0) Importer(815301076,1909f56bfc062723c751e8b465ee728b) (PreviewImporter) -> (artifact id: 'e83e20f879ca48907fd73f1a42da0104') in 0.010163725 seconds
Number of updated asset objects reloaded before import = 0Number of asset objects unloaded after import = 3

========================================================================
Received Import Request.
  Time since last request: 0.000062 seconds.
  path: Assets/SpriteSheets/kenney_top-down-shooter/PNG/Tiles/tile_377.png
  artifactKey: Guid(256928081811a42db9fe09aa0568ba5c) Importer(815301076,1909f56bfc062723c751e8b465ee728b)
Start importing Assets/SpriteSheets/kenney_top-down-shooter/PNG/Tiles/tile_377.png using Guid(256928081811a42db9fe09aa0568ba5c) Importer(815301076,1909f56bfc062723c751e8b465ee728b) (PreviewImporter) -> (artifact id: '3de9de230e016c312d021a6c4ccdb3c9') in 0.02470425 seconds
Number of updated asset objects reloaded before import = 0Number of asset objects unloaded after import = 3

========================================================================
Received Import Request.
  Time since last request: 0.000061 seconds.
  path: Assets/SpriteSheets/kenney_top-down-shooter/PNG/Tiles/tile_394.png
  artifactKey: Guid(727bd64342eba4a10a749b3adf177881) Importer(815301076,1909f56bfc062723c751e8b465ee728b)
Start importing Assets/SpriteSheets/kenney_top-down-shooter/PNG/Tiles/tile_394.png using Guid(727bd64342eba4a10a749b3adf177881) Importer(815301076,1909f56bfc062723c751e8b465ee728b) (PreviewImporter) -> (artifact id: '78e25e708b9c42ad2784bf4722bed5af') in 0.025393826 seconds
Number of updated asset objects reloaded before import = 0Number of asset objects unloaded after import = 3

========================================================================
Received Import Request.
  Time since last request: 0.000066 seconds.
  path: Assets/SpriteSheets/kenney_top-down-shooter/PNG/Tiles/tile_349.png
  artifactKey: Guid(539436034c41944e08d8d7e8174669b0) Importer(815301076,1909f56bfc062723c751e8b465ee728b)
Start importing Assets/SpriteSheets/kenney_top-down-shooter/PNG/Tiles/tile_349.png using Guid(539436034c41944e08d8d7e8174669b0) Importer(815301076,1909f56bfc062723c751e8b465ee728b) (PreviewImporter) -> (artifact id: '417dc224711a3aa72b02f56e6cc33578') in 0.011923113 seconds
Number of updated asset objects reloaded before import = 0Number of asset objects unloaded after import = 3

========================================================================
Received Import Request.
  Time since last request: 0.000067 seconds.
  path: Assets/SpriteSheets/kenney_top-down-shooter/PNG/Tiles/tile_401.png
  artifactKey: Guid(849c6f7d1f1764352a0bd6e14824db35) Importer(815301076,1909f56bfc062723c751e8b465ee728b)
Start importing Assets/SpriteSheets/kenney_top-down-shooter/PNG/Tiles/tile_401.png using Guid(849c6f7d1f1764352a0bd6e14824db35) Importer(815301076,1909f56bfc062723c751e8b465ee728b) (PreviewImporter) -> (artifact id: 'e46b0f71804fe056c64c42544460c615') in 0.029578071 seconds
Number of updated asset objects reloaded before import = 0Number of asset objects unloaded after import = 3

========================================================================
Received Import Request.
  Time since last request: 0.000051 seconds.
  path: Assets/SpriteSheets/kenney_top-down-shooter/PNG/Tiles/tile_424.png
  artifactKey: Guid(34250ef1e992146d6ae10d42727ba925) Importer(815301076,1909f56bfc062723c751e8b465ee728b)
Start importing Assets/SpriteSheets/kenney_top-down-shooter/PNG/Tiles/tile_424.png using Guid(34250ef1e992146d6ae10d42727ba925) Importer(815301076,1909f56bfc062723c751e8b465ee728b) (PreviewImporter) -> (artifact id: 'e0a4a0fd3d654b51a19fa4c624223b36') in 0.023133409 seconds
Number of updated asset objects reloaded before import = 0Number of asset objects unloaded after import = 3

========================================================================
Received Import Request.
  Time since last request: 0.000070 seconds.
  path: Assets/SpriteSheets/kenney_top-down-shooter/PNG/Tiles/tile_420.png
  artifactKey: Guid(67e1e2bd770c6470c8f54188deea9204) Importer(815301076,1909f56bfc062723c751e8b465ee728b)
Start importing Assets/SpriteSheets/kenney_top-down-shooter/PNG/Tiles/tile_420.png using Guid(67e1e2bd770c6470c8f54188deea9204) Importer(815301076,1909f56bfc062723c751e8b465ee728b) (PreviewImporter) -> (artifact id: 'a0b3ad79cef8fbe2965ed16ac960a311') in 0.011591648 seconds
Number of updated asset objects reloaded before import = 0Number of asset objects unloaded after import = 3

========================================================================
Received Import Request.
  Time since last request: 0.000060 seconds.
  path: Assets/SpriteSheets/kenney_top-down-shooter/PNG/Tiles/tile_414.png
  artifactKey: Guid(8dde181acc31a4f8aaa6af130a7c985f) Importer(815301076,1909f56bfc062723c751e8b465ee728b)
Start importing Assets/SpriteSheets/kenney_top-down-shooter/PNG/Tiles/tile_414.png using Guid(8dde181acc31a4f8aaa6af130a7c985f) Importer(815301076,1909f56bfc062723c751e8b465ee728b) (PreviewImporter) -> (artifact id: 'e1132c3b2a64e223734016892b608023') in 0.026106158 seconds
Number of updated asset objects reloaded before import = 0Number of asset objects unloaded after import = 3

========================================================================
Received Import Request.
  Time since last request: 0.000069 seconds.
  path: Assets/SpriteSheets/kenney_top-down-shooter/PNG/Tiles/tile_425.png
  artifactKey: Guid(0b2b86432f8a4424ea2e14a7f45fdd09) Importer(815301076,1909f56bfc062723c751e8b465ee728b)
Start importing Assets/SpriteSheets/kenney_top-down-shooter/PNG/Tiles/tile_425.png using Guid(0b2b86432f8a4424ea2e14a7f45fdd09) Importer(815301076,1909f56bfc062723c751e8b465ee728b) (PreviewImporter) -> (artifact id: '1367e1ef3e9b7c98d584b4e5331dfe9b') in 0.011201433 seconds
Number of updated asset objects reloaded before import = 0Number of asset objects unloaded after import = 3

========================================================================
Received Import Request.
  Time since last request: 0.000064 seconds.
  path: Assets/SpriteSheets/kenney_top-down-shooter/PNG/Tiles/tile_405.png
  artifactKey: Guid(6d254f59279e740bba4fb6c9a3bbb23b) Importer(815301076,1909f56bfc062723c751e8b465ee728b)
Start importing Assets/SpriteSheets/kenney_top-down-shooter/PNG/Tiles/tile_405.png using Guid(6d254f59279e740bba4fb6c9a3bbb23b) Importer(815301076,1909f56bfc062723c751e8b465ee728b) (PreviewImporter) -> (artifact id: 'bb4923e241b850ffc39da15726f03266') in 0.018971904 seconds
Number of updated asset objects reloaded before import = 0Number of asset objects unloaded after import = 3

========================================================================
Received Import Request.
  Time since last request: 0.000054 seconds.
  path: Assets/SpriteSheets/kenney_top-down-shooter/PNG/Tiles/tile_416.png
  artifactKey: Guid(e6c553022c7154b9f9c3f185baf7ec93) Importer(815301076,1909f56bfc062723c751e8b465ee728b)
Start importing Assets/SpriteSheets/kenney_top-down-shooter/PNG/Tiles/tile_416.png using Guid(e6c553022c7154b9f9c3f185baf7ec93) Importer(815301076,1909f56bfc062723c751e8b465ee728b) (PreviewImporter) -> (artifact id: '1f6f844285b76eb145a8e10a6b5e4935') in 0.030243804 seconds
Number of updated asset objects reloaded before import = 0Number of asset objects unloaded after import = 3

========================================================================
Received Import Request.
  Time since last request: 0.000072 seconds.
  path: Assets/SpriteSheets/kenney_top-down-shooter/PNG/Tiles/tile_434.png
  artifactKey: Guid(a15112af0329c4e7a8ecdf92e0bc374e) Importer(815301076,1909f56bfc062723c751e8b465ee728b)
Start importing Assets/SpriteSheets/kenney_top-down-shooter/PNG/Tiles/tile_434.png using Guid(a15112af0329c4e7a8ecdf92e0bc374e) Importer(815301076,1909f56bfc062723c751e8b465ee728b) (PreviewImporter) -> (artifact id: '400b442c3d91bbbe933e1456c56720df') in 0.030509772 seconds
Number of updated asset objects reloaded before import = 0Number of asset objects unloaded after import = 3

========================================================================
Received Import Request.
  Time since last request: 0.000064 seconds.
  path: Assets/SpriteSheets/kenney_top-down-shooter/PNG/Tiles/tile_422.png
  artifactKey: Guid(28f60c642661e456d80d6a1c077dc1e0) Importer(815301076,1909f56bfc062723c751e8b465ee728b)
Start importing Assets/SpriteSheets/kenney_top-down-shooter/PNG/Tiles/tile_422.png using Guid(28f60c642661e456d80d6a1c077dc1e0) Importer(815301076,1909f56bfc062723c751e8b465ee728b) (PreviewImporter) -> (artifact id: '59bf7c64aa6de131b2f322a6885ed4ad') in 0.038500059 seconds
Number of updated asset objects reloaded before import = 0Number of asset objects unloaded after import = 3

========================================================================
Received Import Request.
  Time since last request: 0.000121 seconds.
  path: Assets/SpriteSheets/kenney_top-down-shooter/PNG/Tiles/tile_460.png
  artifactKey: Guid(2648e027f3e5048d29582ca1a985f7b5) Importer(815301076,1909f56bfc062723c751e8b465ee728b)
Start importing Assets/SpriteSheets/kenney_top-down-shooter/PNG/Tiles/tile_460.png using Guid(2648e027f3e5048d29582ca1a985f7b5) Importer(815301076,1909f56bfc062723c751e8b465ee728b) (PreviewImporter) -> (artifact id: '6d87e1222b70e5bcbfa7f33826af0a1a') in 0.022885257 seconds
Number of updated asset objects reloaded before import = 0Number of asset objects unloaded after import = 3

========================================================================
Received Import Request.
  Time since last request: 0.000070 seconds.
  path: Assets/SpriteSheets/kenney_top-down-shooter/PNG/Tiles/tile_440.png
  artifactKey: Guid(a570c407a7f7e489cac5584b858fbd10) Importer(815301076,1909f56bfc062723c751e8b465ee728b)
Start importing Assets/SpriteSheets/kenney_top-down-shooter/PNG/Tiles/tile_440.png using Guid(a570c407a7f7e489cac5584b858fbd10) Importer(815301076,1909f56bfc062723c751e8b465ee728b) (PreviewImporter) -> (artifact id: '0ad3a79908416f25997d35478570493d') in 0.011521315 seconds
Number of updated asset objects reloaded before import = 0Number of asset objects unloaded after import = 3

========================================================================
Received Import Request.
  Time since last request: 0.000060 seconds.
  path: Assets/SpriteSheets/kenney_top-down-shooter/PNG/Tiles/tile_430.png
  artifactKey: Guid(cfc98b0aeebf14164bdce1c5b492aa0d) Importer(815301076,1909f56bfc062723c751e8b465ee728b)
Start importing Assets/SpriteSheets/kenney_top-down-shooter/PNG/Tiles/tile_430.png using Guid(cfc98b0aeebf14164bdce1c5b492aa0d) Importer(815301076,1909f56bfc062723c751e8b465ee728b) (PreviewImporter) -> (artifact id: 'd2b9a5137437b36a2ca2c5e225e3caaa') in 0.02174322 seconds
Number of updated asset objects reloaded before import = 0Number of asset objects unloaded after import = 3

========================================================================
Received Import Request.
  Time since last request: 0.000064 seconds.
  path: Assets/SpriteSheets/kenney_top-down-shooter/PNG/Tiles/tile_456.png
  artifactKey: Guid(653642433852944bc9297b9abe108610) Importer(815301076,1909f56bfc062723c751e8b465ee728b)
Start importing Assets/SpriteSheets/kenney_top-down-shooter/PNG/Tiles/tile_456.png using Guid(653642433852944bc9297b9abe108610) Importer(815301076,1909f56bfc062723c751e8b465ee728b) (PreviewImporter) -> (artifact id: '5a5caaac43128522a85def90e5ec6b73') in 0.011585209 seconds
Number of updated asset objects reloaded before import = 0Number of asset objects unloaded after import = 3

========================================================================
Received Import Request.
  Time since last request: 0.000056 seconds.
  path: Assets/SpriteSheets/kenney_top-down-shooter/PNG/Tiles/tile_402.png
  artifactKey: Guid(943f73e3353e0446bae5de9cab402271) Importer(815301076,1909f56bfc062723c751e8b465ee728b)
Start importing Assets/SpriteSheets/kenney_top-down-shooter/PNG/Tiles/tile_402.png using Guid(943f73e3353e0446bae5de9cab402271) Importer(815301076,1909f56bfc062723c751e8b465ee728b) (PreviewImporter) -> (artifact id: '3ea68188bfeaaa05c9510f5f50c9a987') in 0.019410246 seconds
Number of updated asset objects reloaded before import = 0Number of asset objects unloaded after import = 3

========================================================================
Received Import Request.
  Time since last request: 0.000073 seconds.
  path: Assets/SpriteSheets/kenney_top-down-shooter/PNG/Tiles/tile_409.png
  artifactKey: Guid(3369f425a52f04ece877d8d07a56a28b) Importer(815301076,1909f56bfc062723c751e8b465ee728b)
Start importing Assets/SpriteSheets/kenney_top-down-shooter/PNG/Tiles/tile_409.png using Guid(3369f425a52f04ece877d8d07a56a28b) Importer(815301076,1909f56bfc062723c751e8b465ee728b) (PreviewImporter) -> (artifact id: 'bead911699817f681ccfe4aee7a5c3c9') in 0.027879106 seconds
Number of updated asset objects reloaded before import = 0Number of asset objects unloaded after import = 3

========================================================================
Received Import Request.
  Time since last request: 0.000111 seconds.
  path: Assets/SpriteSheets/kenney_top-down-shooter/PNG/Tiles/tile_450.png
  artifactKey: Guid(745ba2ad598384e54b4fb78ab19d59f1) Importer(815301076,1909f56bfc062723c751e8b465ee728b)
Start importing Assets/SpriteSheets/kenney_top-down-shooter/PNG/Tiles/tile_450.png using Guid(745ba2ad598384e54b4fb78ab19d59f1) Importer(815301076,1909f56bfc062723c751e8b465ee728b) (PreviewImporter) -> (artifact id: 'cbd40b18c3d2d36eb687114c64d7ab5b') in 0.015899256 seconds
Number of updated asset objects reloaded before import = 0Number of asset objects unloaded after import = 3

========================================================================
Received Import Request.
  Time since last request: 0.000068 seconds.
  path: Assets/SpriteSheets/kenney_top-down-shooter/PNG/Tiles/tile_448.png
  artifactKey: Guid(2028bd0567b7241aa97f8adb54f22045) Importer(815301076,1909f56bfc062723c751e8b465ee728b)
Start importing Assets/SpriteSheets/kenney_top-down-shooter/PNG/Tiles/tile_448.png using Guid(2028bd0567b7241aa97f8adb54f22045) Importer(815301076,1909f56bfc062723c751e8b465ee728b) (PreviewImporter) -> (artifact id: '7e8f7b6db18bc861b91e443edec9e160') in 0.039785388 seconds
Number of updated asset objects reloaded before import = 0Number of asset objects unloaded after import = 3

========================================================================
Received Import Request.
  Time since last request: 0.000056 seconds.
  path: Assets/SpriteSheets/kenney_top-down-shooter/PNG/Tiles/tile_474.png
  artifactKey: Guid(25ad1595a1dc44955a9209e8ad25bde3) Importer(815301076,1909f56bfc062723c751e8b465ee728b)
Start importing Assets/SpriteSheets/kenney_top-down-shooter/PNG/Tiles/tile_474.png using Guid(25ad1595a1dc44955a9209e8ad25bde3) Importer(815301076,1909f56bfc062723c751e8b465ee728b) (PreviewImporter) -> (artifact id: '25bb1e2c813df7a7bec92e4e60de0783') in 0.028364261 seconds
Number of updated asset objects reloaded before import = 0Number of asset objects unloaded after import = 3

========================================================================
Received Import Request.
  Time since last request: 0.000072 seconds.
  path: Assets/SpriteSheets/kenney_top-down-shooter/PNG/Tiles/tile_479.png
  artifactKey: Guid(9ed623fe17b614df49a02d1a42af2155) Importer(815301076,1909f56bfc062723c751e8b465ee728b)
Start importing Assets/SpriteSheets/kenney_top-down-shooter/PNG/Tiles/tile_479.png using Guid(9ed623fe17b614df49a02d1a42af2155) Importer(815301076,1909f56bfc062723c751e8b465ee728b) (PreviewImporter) -> (artifact id: '298cb300f966535883a2bda058d5c67b') in 0.027378271 seconds
Number of updated asset objects reloaded before import = 0Number of asset objects unloaded after import = 3

========================================================================
Received Import Request.
  Time since last request: 0.000061 seconds.
  path: Assets/SpriteSheets/kenney_top-down-shooter/PNG/Tiles/tile_478.png
  artifactKey: Guid(7ab95e4cc10d1441591710cda8a15c52) Importer(815301076,1909f56bfc062723c751e8b465ee728b)
Start importing Assets/SpriteSheets/kenney_top-down-shooter/PNG/Tiles/tile_478.png using Guid(7ab95e4cc10d1441591710cda8a15c52) Importer(815301076,1909f56bfc062723c751e8b465ee728b) (PreviewImporter) -> (artifact id: '70cd99a8bbe8575bb473da4ce49e05f0') in 0.02166929 seconds
Number of updated asset objects reloaded before import = 0Number of asset objects unloaded after import = 3

========================================================================
Received Import Request.
  Time since last request: 0.000071 seconds.
  path: Assets/SpriteSheets/kenney_top-down-shooter/PNG/Tiles/tile_480.png
  artifactKey: Guid(2949b29b1507c466b98b2b7309b486b6) Importer(815301076,1909f56bfc062723c751e8b465ee728b)
Start importing Assets/SpriteSheets/kenney_top-down-shooter/PNG/Tiles/tile_480.png using Guid(2949b29b1507c466b98b2b7309b486b6) Importer(815301076,1909f56bfc062723c751e8b465ee728b) (PreviewImporter) -> (artifact id: '7d89c4da2a19bd36312b8ce26d9921bd') in 0.029643845 seconds
Number of updated asset objects reloaded before import = 0Number of asset objects unloaded after import = 3

========================================================================
Received Import Request.
  Time since last request: 0.000057 seconds.
  path: Assets/SpriteSheets/kenney_top-down-shooter/PNG/Tiles/tile_492.png
  artifactKey: Guid(b79d51dc65717479a9272b8e40add108) Importer(815301076,1909f56bfc062723c751e8b465ee728b)
Start importing Assets/SpriteSheets/kenney_top-down-shooter/PNG/Tiles/tile_492.png using Guid(b79d51dc65717479a9272b8e40add108) Importer(815301076,1909f56bfc062723c751e8b465ee728b) (PreviewImporter) -> (artifact id: '217444a3a70224d0feda16b8a9f5c526') in 0.03135375 seconds
Number of updated asset objects reloaded before import = 0Number of asset objects unloaded after import = 3

========================================================================
Received Import Request.
  Time since last request: 0.000099 seconds.
  path: Assets/SpriteSheets/kenney_top-down-shooter/PNG/Tiles/tile_464.png
  artifactKey: Guid(e4e3e4eb5b1e9458bbcbe4dbcfdf9b62) Importer(815301076,1909f56bfc062723c751e8b465ee728b)
Start importing Assets/SpriteSheets/kenney_top-down-shooter/PNG/Tiles/tile_464.png using Guid(e4e3e4eb5b1e9458bbcbe4dbcfdf9b62) Importer(815301076,1909f56bfc062723c751e8b465ee728b) (PreviewImporter) -> (artifact id: '2d441d59584d9244aa75770c48735d96') in 0.015331585 seconds
Number of updated asset objects reloaded before import = 0Number of asset objects unloaded after import = 3

========================================================================
Received Import Request.
  Time since last request: 0.000068 seconds.
  path: Assets/SpriteSheets/kenney_top-down-shooter/PNG/Tiles/tile_482.png
  artifactKey: Guid(ffbc293ad596740bc8bd79d9b25b86da) Importer(815301076,1909f56bfc062723c751e8b465ee728b)
Start importing Assets/SpriteSheets/kenney_top-down-shooter/PNG/Tiles/tile_482.png using Guid(ffbc293ad596740bc8bd79d9b25b86da) Importer(815301076,1909f56bfc062723c751e8b465ee728b) (PreviewImporter) -> (artifact id: '1c1f25bd15e76aea117f0babbb43dfe0') in 0.012991057 seconds
Number of updated asset objects reloaded before import = 0Number of asset objects unloaded after import = 3

========================================================================
Received Import Request.
  Time since last request: 0.000050 seconds.
  path: Assets/SpriteSheets/kenney_top-down-shooter/PNG/Tiles/tile_469.png
  artifactKey: Guid(92cf4484cfb2d48e78141e7afa5a8319) Importer(815301076,1909f56bfc062723c751e8b465ee728b)
Start importing Assets/SpriteSheets/kenney_top-down-shooter/PNG/Tiles/tile_469.png using Guid(92cf4484cfb2d48e78141e7afa5a8319) Importer(815301076,1909f56bfc062723c751e8b465ee728b) (PreviewImporter) -> (artifact id: 'bd44f623791858c96f3962d9e02667f8') in 0.023405253 seconds
Number of updated asset objects reloaded before import = 0Number of asset objects unloaded after import = 3

========================================================================
Received Import Request.
  Time since last request: 0.000048 seconds.
  path: Assets/SpriteSheets/kenney_top-down-shooter/PNG/Tiles/tile_484.png
  artifactKey: Guid(69dd1a0ec3402420ab77a63079b30230) Importer(815301076,1909f56bfc062723c751e8b465ee728b)
Start importing Assets/SpriteSheets/kenney_top-down-shooter/PNG/Tiles/tile_484.png using Guid(69dd1a0ec3402420ab77a63079b30230) Importer(815301076,1909f56bfc062723c751e8b465ee728b) (PreviewImporter) -> (artifact id: 'f71abe011ab88245e074d2a4891afca4') in 0.011795175 seconds
Number of updated asset objects reloaded before import = 0Number of asset objects unloaded after import = 3

========================================================================
Received Import Request.
  Time since last request: 0.000059 seconds.
  path: Assets/SpriteSheets/kenney_top-down-shooter/PNG/Tiles/tile_446.png
  artifactKey: Guid(cda5405c79e754a9d8697a20728fd609) Importer(815301076,1909f56bfc062723c751e8b465ee728b)
Start importing Assets/SpriteSheets/kenney_top-down-shooter/PNG/Tiles/tile_446.png using Guid(cda5405c79e754a9d8697a20728fd609) Importer(815301076,1909f56bfc062723c751e8b465ee728b) (PreviewImporter) -> (artifact id: 'a8164d60bc3ff68c271cc81820f3a18e') in 0.04160088 seconds
Number of updated asset objects reloaded before import = 0Number of asset objects unloaded after import = 3

========================================================================
Received Import Request.
  Time since last request: 0.000097 seconds.
  path: Assets/SpriteSheets/kenney_top-down-shooter/PNG/Tiles/tile_501.png
  artifactKey: Guid(4a3dd8915ad694fcc947ed1731b3383c) Importer(815301076,1909f56bfc062723c751e8b465ee728b)
Start importing Assets/SpriteSheets/kenney_top-down-shooter/PNG/Tiles/tile_501.png using Guid(4a3dd8915ad694fcc947ed1731b3383c) Importer(815301076,1909f56bfc062723c751e8b465ee728b) (PreviewImporter) -> (artifact id: 'c1f97aefb24d376911ddf87022120a6c') in 0.023911036 seconds
Number of updated asset objects reloaded before import = 0Number of asset objects unloaded after import = 3

========================================================================
Received Import Request.
  Time since last request: 0.000065 seconds.
  path: Assets/SpriteSheets/kenney_top-down-shooter/PNG/Tiles/tile_504.png
  artifactKey: Guid(2910b9a7c9f0147cdbdbf6ffbb3141e5) Importer(815301076,1909f56bfc062723c751e8b465ee728b)
Start importing Assets/SpriteSheets/kenney_top-down-shooter/PNG/Tiles/tile_504.png using Guid(2910b9a7c9f0147cdbdbf6ffbb3141e5) Importer(815301076,1909f56bfc062723c751e8b465ee728b) (PreviewImporter) -> (artifact id: '33058c04174fdaf45d1e411e1e578f6a') in 0.014127138 seconds
Number of updated asset objects reloaded before import = 0Number of asset objects unloaded after import = 3

========================================================================
Received Import Request.
  Time since last request: 0.000089 seconds.
  path: Assets/SpriteSheets/kenney_top-down-shooter/PNG/Tiles/tile_502.png
  artifactKey: Guid(a42282d9ae55b408b9a194fdffaeb4d5) Importer(815301076,1909f56bfc062723c751e8b465ee728b)
Start importing Assets/SpriteSheets/kenney_top-down-shooter/PNG/Tiles/tile_502.png using Guid(a42282d9ae55b408b9a194fdffaeb4d5) Importer(815301076,1909f56bfc062723c751e8b465ee728b) (PreviewImporter) -> (artifact id: 'ffda6f059dd86ffe96e770d1371c741d') in 0.018487933 seconds
Number of updated asset objects reloaded before import = 0Number of asset objects unloaded after import = 3

========================================================================
Received Import Request.
  Time since last request: 0.000120 seconds.
  path: Assets/SpriteSheets/kenney_top-down-shooter/PNG/Tiles/tile_514.png
  artifactKey: Guid(9165065af518546eb9b4837513a8126a) Importer(815301076,1909f56bfc062723c751e8b465ee728b)
Start importing Assets/SpriteSheets/kenney_top-down-shooter/PNG/Tiles/tile_514.png using Guid(9165065af518546eb9b4837513a8126a) Importer(815301076,1909f56bfc062723c751e8b465ee728b) (PreviewImporter) -> (artifact id: 'b6b45a86453eacdc87c44a3372af8a34') in 0.029544324 seconds
Number of updated asset objects reloaded before import = 0Number of asset objects unloaded after import = 3

========================================================================
Received Import Request.
  Time since last request: 0.000077 seconds.
  path: Assets/SpriteSheets/kenney_top-down-shooter/PNG/Tiles/tile_520.png
  artifactKey: Guid(6d52eb81894764a4594bc8e55c56bae1) Importer(815301076,1909f56bfc062723c751e8b465ee728b)
Start importing Assets/SpriteSheets/kenney_top-down-shooter/PNG/Tiles/tile_520.png using Guid(6d52eb81894764a4594bc8e55c56bae1) Importer(815301076,1909f56bfc062723c751e8b465ee728b) (PreviewImporter) -> (artifact id: '9fc06b712f1166ce6139d1168c3f7b9b') in 0.020428768 seconds
Number of updated asset objects reloaded before import = 0Number of asset objects unloaded after import = 3

========================================================================
Received Import Request.
  Time since last request: 0.000075 seconds.
  path: Assets/SpriteSheets/kenney_top-down-shooter/PNG/Tiles/tile_517.png
  artifactKey: Guid(8db7d0aaeada643118892632c98d8f8a) Importer(815301076,1909f56bfc062723c751e8b465ee728b)
Start importing Assets/SpriteSheets/kenney_top-down-shooter/PNG/Tiles/tile_517.png using Guid(8db7d0aaeada643118892632c98d8f8a) Importer(815301076,1909f56bfc062723c751e8b465ee728b) (PreviewImporter) -> (artifact id: 'b793031b0fbda459318250d07cfdd261') in 0.013606887 seconds
Number of updated asset objects reloaded before import = 0Number of asset objects unloaded after import = 3

========================================================================
Received Import Request.
  Time since last request: 0.000067 seconds.
  path: Assets/SpriteSheets/kenney_top-down-shooter/PNG/Tiles/tile_533.png
  artifactKey: Guid(5f95960368cb64355bb7e46f0b514f34) Importer(815301076,1909f56bfc062723c751e8b465ee728b)
Start importing Assets/SpriteSheets/kenney_top-down-shooter/PNG/Tiles/tile_533.png using Guid(5f95960368cb64355bb7e46f0b514f34) Importer(815301076,1909f56bfc062723c751e8b465ee728b) (PreviewImporter) -> (artifact id: 'bb0e4efa86221ea99e62eb6f203929b0') in 0.017551306 seconds
Number of updated asset objects reloaded before import = 0Number of asset objects unloaded after import = 3

========================================================================
Received Import Request.
  Time since last request: 0.000053 seconds.
  path: Assets/SpriteSheets/kenney_top-down-shooter/PNG/Tiles/tile_525.png
  artifactKey: Guid(20d75642ce01543329fad4f3cc7483ba) Importer(815301076,1909f56bfc062723c751e8b465ee728b)
Start importing Assets/SpriteSheets/kenney_top-down-shooter/PNG/Tiles/tile_525.png using Guid(20d75642ce01543329fad4f3cc7483ba) Importer(815301076,1909f56bfc062723c751e8b465ee728b) (PreviewImporter) -> (artifact id: 'ce9035e3ca505c4c4ae0fdfbc80887fd') in 0.022232021 seconds
Number of updated asset objects reloaded before import = 0Number of asset objects unloaded after import = 3

========================================================================
Received Import Request.
  Time since last request: 0.000075 seconds.
  path: Assets/SpriteSheets/kenney_top-down-shooter/PNG/Tiles/tile_534.png
  artifactKey: Guid(b6f6fadd94ded4c738e028ede85ae0f4) Importer(815301076,1909f56bfc062723c751e8b465ee728b)
Start importing Assets/SpriteSheets/kenney_top-down-shooter/PNG/Tiles/tile_534.png using Guid(b6f6fadd94ded4c738e028ede85ae0f4) Importer(815301076,1909f56bfc062723c751e8b465ee728b) (PreviewImporter) -> (artifact id: 'dab2cc8a452be973e5d71d474c549d71') in 0.034977331 seconds
Number of updated asset objects reloaded before import = 0Number of asset objects unloaded after import = 3

========================================================================
Received Import Request.
  Time since last request: 0.000085 seconds.
  path: Assets/SpriteSheets/kenney_top-down-shooter/PNG/Tiles/tile_516.png
  artifactKey: Guid(bdeffcc8aa8cd4c168307d577b6766aa) Importer(815301076,1909f56bfc062723c751e8b465ee728b)
Start importing Assets/SpriteSheets/kenney_top-down-shooter/PNG/Tiles/tile_516.png using Guid(bdeffcc8aa8cd4c168307d577b6766aa) Importer(815301076,1909f56bfc062723c751e8b465ee728b) (PreviewImporter) -> (artifact id: '389a321198b869c9c252b3a83aa8222c') in 0.038495674 seconds
Number of updated asset objects reloaded before import = 0Number of asset objects unloaded after import = 3

========================================================================
Received Import Request.
  Time since last request: 0.000077 seconds.
  path: Assets/SpriteSheets/kenney_top-down-shooter/PNG/Tiles/tile_522.png
  artifactKey: Guid(7937a58391390407aa035e2ae5569599) Importer(815301076,1909f56bfc062723c751e8b465ee728b)
Start importing Assets/SpriteSheets/kenney_top-down-shooter/PNG/Tiles/tile_522.png using Guid(7937a58391390407aa035e2ae5569599) Importer(815301076,1909f56bfc062723c751e8b465ee728b) (PreviewImporter) -> (artifact id: '6f2a66e587620455d0e4463d91c4548a') in 0.02624488 seconds
Number of updated asset objects reloaded before import = 0Number of asset objects unloaded after import = 3

========================================================================
Received Import Request.
  Time since last request: 0.000069 seconds.
  path: Assets/SpriteSheets/kenney_top-down-shooter/PNG/Tiles/tile_500.png
  artifactKey: Guid(3bdfc34d63e804ce8805d22702193278) Importer(815301076,1909f56bfc062723c751e8b465ee728b)
Start importing Assets/SpriteSheets/kenney_top-down-shooter/PNG/Tiles/tile_500.png using Guid(3bdfc34d63e804ce8805d22702193278) Importer(815301076,1909f56bfc062723c751e8b465ee728b) (PreviewImporter) -> (artifact id: 'b8ce20b9af479342036dcc07d18f498a') in 0.011253609 seconds
Number of updated asset objects reloaded before import = 0Number of asset objects unloaded after import = 3

========================================================================
Received Import Request.
  Time since last request: 0.000056 seconds.
  path: Assets/SpriteSheets/kenney_top-down-shooter/PNG/Tiles/tile_495.png
  artifactKey: Guid(d3863a144d72b417fb9d1814d95a5b55) Importer(815301076,1909f56bfc062723c751e8b465ee728b)
Start importing Assets/SpriteSheets/kenney_top-down-shooter/PNG/Tiles/tile_495.png using Guid(d3863a144d72b417fb9d1814d95a5b55) Importer(815301076,1909f56bfc062723c751e8b465ee728b) (PreviewImporter) -> (artifact id: '3b354479a21b7d832d57a056276116f8') in 0.027860709 seconds
Number of updated asset objects reloaded before import = 0Number of asset objects unloaded after import = 3

========================================================================
Received Import Request.
  Time since last request: 0.000072 seconds.
  path: Assets/SpriteSheets/kenney_top-down-shooter/PNG/Tiles/tile_536.png
  artifactKey: Guid(2dc9113e3f47e4aa0be388d9c638ef8f) Importer(815301076,1909f56bfc062723c751e8b465ee728b)
Start importing Assets/SpriteSheets/kenney_top-down-shooter/PNG/Tiles/tile_536.png using Guid(2dc9113e3f47e4aa0be388d9c638ef8f) Importer(815301076,1909f56bfc062723c751e8b465ee728b) (PreviewImporter) -> (artifact id: '419d39b551f974cad82caced33822401') in 0.029508613 seconds
Number of updated asset objects reloaded before import = 0Number of asset objects unloaded after import = 3

========================================================================
Received Import Request.
  Time since last request: 0.000054 seconds.
  path: Assets/SpriteSheets/kenney_top-down-shooter/PNG/Tiles/tile_407.png
  artifactKey: Guid(cffb37cf769ef4a01be8ffad75b4ef31) Importer(815301076,1909f56bfc062723c751e8b465ee728b)
Start importing Assets/SpriteSheets/kenney_top-down-shooter/PNG/Tiles/tile_407.png using Guid(cffb37cf769ef4a01be8ffad75b4ef31) Importer(815301076,1909f56bfc062723c751e8b465ee728b) (PreviewImporter) -> (artifact id: 'bbd5ad9a3b0f98e926d8c66bc7f2514f') in 0.018189116 seconds
Number of updated asset objects reloaded before import = 0Number of asset objects unloaded after import = 3

========================================================================
Received Import Request.
  Time since last request: 0.000066 seconds.
  path: Assets/SpriteSheets/kenney_top-down-shooter/PNG/Tiles/tile_415.png
  artifactKey: Guid(d8194312aea52457caa3c6ab916f0663) Importer(815301076,1909f56bfc062723c751e8b465ee728b)
Start importing Assets/SpriteSheets/kenney_top-down-shooter/PNG/Tiles/tile_415.png using Guid(d8194312aea52457caa3c6ab916f0663) Importer(815301076,1909f56bfc062723c751e8b465ee728b) (PreviewImporter) -> (artifact id: '0927bad609d4fc49a47671f0273bb39e') in 0.031050391 seconds
Number of updated asset objects reloaded before import = 0Number of asset objects unloaded after import = 3

========================================================================
Received Import Request.
  Time since last request: 0.000053 seconds.
  path: Assets/SpriteSheets/kenney_top-down-shooter/PNG/Tiles/tile_452.png
  artifactKey: Guid(a2d72accb7fd049cab44bdff96d1995a) Importer(815301076,1909f56bfc062723c751e8b465ee728b)
Start importing Assets/SpriteSheets/kenney_top-down-shooter/PNG/Tiles/tile_452.png using Guid(a2d72accb7fd049cab44bdff96d1995a) Importer(815301076,1909f56bfc062723c751e8b465ee728b) (PreviewImporter) -> (artifact id: 'ee1326e44d9651ae897a722099a33a77') in 0.020162617 seconds
Number of updated asset objects reloaded before import = 0Number of asset objects unloaded after import = 3

========================================================================
Received Import Request.
  Time since last request: 0.000060 seconds.
  path: Assets/SpriteSheets/kenney_top-down-shooter/PNG/Tiles/tile_481.png
  artifactKey: Guid(0ae0ad3426f1f440ab216923948026c4) Importer(815301076,1909f56bfc062723c751e8b465ee728b)
Start importing Assets/SpriteSheets/kenney_top-down-shooter/PNG/Tiles/tile_481.png using Guid(0ae0ad3426f1f440ab216923948026c4) Importer(815301076,1909f56bfc062723c751e8b465ee728b) (PreviewImporter) -> (artifact id: 'd7d581e12a9d97d7055bc445d01bff7d') in 0.009456553 seconds
Number of updated asset objects reloaded before import = 0Number of asset objects unloaded after import = 3

========================================================================
Received Import Request.
  Time since last request: 2.539283 seconds.
  path: Assets/SpriteSheets/kenney_top-down-shooter/PNG/Woman Green/womanGreen_machine.png
  artifactKey: Guid(1edae15b136304a60badf0e9fbf16af4) Importer(815301076,1909f56bfc062723c751e8b465ee728b)
Start importing Assets/SpriteSheets/kenney_top-down-shooter/PNG/Woman Green/womanGreen_machine.png using Guid(1edae15b136304a60badf0e9fbf16af4) Importer(815301076,1909f56bfc062723c751e8b465ee728b) (PreviewImporter) -> (artifact id: '00a222dd41c3a877432ef94b1e7cfc2f') in 0.034838425 seconds
Number of updated asset objects reloaded before import = 0Number of asset objects unloaded after import = 3

========================================================================
Received Import Request.
  Time since last request: 0.000053 seconds.
  path: Assets/SpriteSheets/kenney_top-down-shooter/PNG/Woman Green/womanGreen_silencer.png
  artifactKey: Guid(25c2786d1aa6449c8b7e67da5c46ad57) Importer(815301076,1909f56bfc062723c751e8b465ee728b)
Start importing Assets/SpriteSheets/kenney_top-down-shooter/PNG/Woman Green/womanGreen_silencer.png using Guid(25c2786d1aa6449c8b7e67da5c46ad57) Importer(815301076,1909f56bfc062723c751e8b465ee728b) (PreviewImporter) -> (artifact id: 'dbc6fd08b37dcda6bfcab3160a662947') in 0.019699047 seconds
Number of updated asset objects reloaded before import = 0Number of asset objects unloaded after import = 3

========================================================================
Received Import Request.
  Time since last request: 0.906176 seconds.
  path: Assets/SpriteSheets/kenney_top-down-shooter/PNG/Zombie 1/zoimbie1_machine.png
  artifactKey: Guid(783ff7d3d6c804160b9290c4f02f92d4) Importer(815301076,1909f56bfc062723c751e8b465ee728b)
Start importing Assets/SpriteSheets/kenney_top-down-shooter/PNG/Zombie 1/zoimbie1_machine.png using Guid(783ff7d3d6c804160b9290c4f02f92d4) Importer(815301076,1909f56bfc062723c751e8b465ee728b) (PreviewImporter) -> (artifact id: 'be637a8d7e4fb4084b6d4327a9328209') in 0.03086776 seconds
Number of updated asset objects reloaded before import = 0Number of asset objects unloaded after import = 3

========================================================================
Received Import Request.
  Time since last request: 0.000063 seconds.
  path: Assets/SpriteSheets/kenney_top-down-shooter/PNG/Zombie 1/zoimbie1_stand.png
  artifactKey: Guid(2b2686ede5e5e4f43bc0a52039bbf0ee) Importer(815301076,1909f56bfc062723c751e8b465ee728b)
Start importing Assets/SpriteSheets/kenney_top-down-shooter/PNG/Zombie 1/zoimbie1_stand.png using Guid(2b2686ede5e5e4f43bc0a52039bbf0ee) Importer(815301076,1909f56bfc062723c751e8b465ee728b) (PreviewImporter) -> (artifact id: '19107064ed5e5e625d3fdd758d71f24c') in 0.014050275 seconds
Number of updated asset objects reloaded before import = 0Number of asset objects unloaded after import = 3

========================================================================
Received Import Request.
  Time since last request: 126.713027 seconds.
  path: Packages/com.unity.2d.sprite/Editor/ObjectMenuCreation/DefaultAssets/Textures/Circle.png
  artifactKey: Guid(ebe73ca9363db456bacf42c025bb4847) Importer(815301076,1909f56bfc062723c751e8b465ee728b)
Start importing Packages/com.unity.2d.sprite/Editor/ObjectMenuCreation/DefaultAssets/Textures/Circle.png using Guid(ebe73ca9363db456bacf42c025bb4847) Importer(815301076,1909f56bfc062723c751e8b465ee728b) (PreviewImporter) -> (artifact id: '2e481252af9862a23d01fed4206cd347') in 0.025178672 seconds
Number of updated asset objects reloaded before import = 0Number of asset objects unloaded after import = 3

========================================================================
Received Import Request.
  Time since last request: 0.000097 seconds.
  path: Packages/com.unity.2d.sprite/Editor/ObjectMenuCreation/DefaultAssets/Textures/CircleWithBorder.png
  artifactKey: Guid(4adeaf2d2b1c7417e89f026626d8264f) Importer(815301076,1909f56bfc062723c751e8b465ee728b)
Start importing Packages/com.unity.2d.sprite/Editor/ObjectMenuCreation/DefaultAssets/Textures/CircleWithBorder.png using Guid(4adeaf2d2b1c7417e89f026626d8264f) Importer(815301076,1909f56bfc062723c751e8b465ee728b) (PreviewImporter) -> (artifact id: 'ebde82ab1a4fe42aa9ef9eafd705a5fc') in 0.026222212 seconds
Number of updated asset objects reloaded before import = 0Number of asset objects unloaded after import = 3

========================================================================
Received Import Request.
  Time since last request: 0.000052 seconds.
  path: Packages/com.unity.2d.sprite/Editor/ObjectMenuCreation/DefaultAssets/Textures/v2/Circle.png
  artifactKey: Guid(a86470a33a6bf42c4b3595704624658b) Importer(815301076,1909f56bfc062723c751e8b465ee728b)
Start importing Packages/com.unity.2d.sprite/Editor/ObjectMenuCreation/DefaultAssets/Textures/v2/Circle.png using Guid(a86470a33a6bf42c4b3595704624658b) Importer(815301076,1909f56bfc062723c751e8b465ee728b) (PreviewImporter) -> (artifact id: '568542fe60191958cd721473d8e8ac63') in 0.012600701 seconds
Number of updated asset objects reloaded before import = 0Number of asset objects unloaded after import = 3

========================================================================
Received Import Request.
  Time since last request: 2.730834 seconds.
  path: Assets/SpriteSheets/kenney_platformer-art-deluxe/Candy expansion/Tiles/cookiePink.png
  artifactKey: Guid(197cc940a078744b3862afa644a8578d) Importer(815301076,1909f56bfc062723c751e8b465ee728b)
Start importing Assets/SpriteSheets/kenney_platformer-art-deluxe/Candy expansion/Tiles/cookiePink.png using Guid(197cc940a078744b3862afa644a8578d) Importer(815301076,1909f56bfc062723c751e8b465ee728b) (PreviewImporter) -> (artifact id: 'b025927a6b0889de8beaa903890ff8f0') in 0.027288354 seconds
Number of updated asset objects reloaded before import = 0Number of asset objects unloaded after import = 3

========================================================================
Received Import Request.
  Time since last request: 0.000062 seconds.
  path: Packages/com.unity.2d.animation/Editor/Assets/EditorIcons/Light/Copy.png
  artifactKey: Guid(42f4b048501996743958df91513f824a) Importer(815301076,1909f56bfc062723c751e8b465ee728b)
Start importing Packages/com.unity.2d.animation/Editor/Assets/EditorIcons/Light/Copy.png using Guid(42f4b048501996743958df91513f824a) Importer(815301076,1909f56bfc062723c751e8b465ee728b) (PreviewImporter) -> (artifact id: '09a336bcb8bec6486e366061c9d809ef') in 0.018462111 seconds
Number of updated asset objects reloaded before import = 0Number of asset objects unloaded after import = 3

========================================================================
Received Import Request.
  Time since last request: 0.000080 seconds.
  path: Packages/com.unity.2d.animation/Editor/Assets/EditorIcons/Selected/Copy@2x.png
  artifactKey: Guid(6cc5103edc9f0dd4f80e8274c73dfeac) Importer(815301076,1909f56bfc062723c751e8b465ee728b)
Start importing Packages/com.unity.2d.animation/Editor/Assets/EditorIcons/Selected/Copy@2x.png using Guid(6cc5103edc9f0dd4f80e8274c73dfeac) Importer(815301076,1909f56bfc062723c751e8b465ee728b) (PreviewImporter) -> (artifact id: '8ed4f1ae138263d1e4632798e3aa40fa') in 0.010450713 seconds
Number of updated asset objects reloaded before import = 0Number of asset objects unloaded after import = 3

========================================================================
Received Import Request.
  Time since last request: 0.000046 seconds.
  path: Packages/com.unity.2d.animation/Editor/Assets/EditorIcons/Light/Copy@3x.png
  artifactKey: Guid(55ad4b6109677be42b239f450ce98c29) Importer(815301076,1909f56bfc062723c751e8b465ee728b)
Start importing Packages/com.unity.2d.animation/Editor/Assets/EditorIcons/Light/Copy@3x.png using Guid(55ad4b6109677be42b239f450ce98c29) Importer(815301076,1909f56bfc062723c751e8b465ee728b) (PreviewImporter) -> (artifact id: '50fd7c119945ed55903f32a7467474dd') in 0.029014197 seconds
Number of updated asset objects reloaded before import = 0Number of asset objects unloaded after import = 3

========================================================================
Received Import Request.
  Time since last request: 0.000055 seconds.
  path: Packages/com.unity.2d.animation/Editor/Assets/EditorIcons/Selected/Copy@4x.png
  artifactKey: Guid(b6a96c7c65795c94abf54a62adbf5c38) Importer(815301076,1909f56bfc062723c751e8b465ee728b)
Start importing Packages/com.unity.2d.animation/Editor/Assets/EditorIcons/Selected/Copy@4x.png using Guid(b6a96c7c65795c94abf54a62adbf5c38) Importer(815301076,1909f56bfc062723c751e8b465ee728b) (PreviewImporter) -> (artifact id: '8365258d9b054c624ac0a6582dbcd0d7') in 0.012789858 seconds
Number of updated asset objects reloaded before import = 0Number of asset objects unloaded after import = 3

========================================================================
Received Import Request.
  Time since last request: 0.207589 seconds.
  path: Assets/SpriteSheets/kenney_platformer-art-deluxe/Candy expansion/Tiles/creamMocca.png
  artifactKey: Guid(4e1917b4806cd400e80c6ff4d9137109) Importer(815301076,1909f56bfc062723c751e8b465ee728b)
Start importing Assets/SpriteSheets/kenney_platformer-art-deluxe/Candy expansion/Tiles/creamMocca.png using Guid(4e1917b4806cd400e80c6ff4d9137109) Importer(815301076,1909f56bfc062723c751e8b465ee728b) (PreviewImporter) -> (artifact id: '885e403e8f4ec84c98f845832326765a') in 0.022307379 seconds
Number of updated asset objects reloaded before import = 0Number of asset objects unloaded after import = 3

========================================================================
Received Import Request.
  Time since last request: 0.000067 seconds.
  path: Assets/SpriteSheets/kenney_platformer-art-deluxe/Candy expansion/Tiles/creamVanilla.png
  artifactKey: Guid(f10321b9b4b154c1bad4ab44e0ff5d65) Importer(815301076,1909f56bfc062723c751e8b465ee728b)
Start importing Assets/SpriteSheets/kenney_platformer-art-deluxe/Candy expansion/Tiles/creamVanilla.png using Guid(f10321b9b4b154c1bad4ab44e0ff5d65) Importer(815301076,1909f56bfc062723c751e8b465ee728b) (PreviewImporter) -> (artifact id: '9b8b7031196449fed215f5af1a699c6b') in 0.026072467 seconds
Number of updated asset objects reloaded before import = 0Number of asset objects unloaded after import = 3

========================================================================
Received Import Request.
  Time since last request: 0.000063 seconds.
  path: Packages/com.unity.2d.animation/Editor/Assets/EditorIcons/Selected/Create Bones.png
  artifactKey: Guid(7b86a539750e1a44ca7ec5b7f690babd) Importer(815301076,1909f56bfc062723c751e8b465ee728b)
Start importing Packages/com.unity.2d.animation/Editor/Assets/EditorIcons/Selected/Create Bones.png using Guid(7b86a539750e1a44ca7ec5b7f690babd) Importer(815301076,1909f56bfc062723c751e8b465ee728b) (PreviewImporter) -> (artifact id: '59a5934b7ed8be09fe2aca5eab9e9db3') in 0.016748639 seconds
Number of updated asset objects reloaded before import = 0Number of asset objects unloaded after import = 3

========================================================================
Received Import Request.
  Time since last request: 0.022989 seconds.
  path: Packages/com.unity.2d.animation/Editor/Assets/EditorIcons/Selected/Create Bones@2x.png
  artifactKey: Guid(5b7f664b515582d458717c354f6be292) Importer(815301076,1909f56bfc062723c751e8b465ee728b)
Start importing Packages/com.unity.2d.animation/Editor/Assets/EditorIcons/Selected/Create Bones@2x.png using Guid(5b7f664b515582d458717c354f6be292) Importer(815301076,1909f56bfc062723c751e8b465ee728b) (PreviewImporter) -> (artifact id: 'ffccc3db84eebe639cf3962f0ccf59e9') in 0.023576506 seconds
Number of updated asset objects reloaded before import = 0Number of asset objects unloaded after import = 3

========================================================================
Received Import Request.
  Time since last request: 0.000072 seconds.
  path: Packages/com.unity.2d.animation/Editor/Assets/EditorIcons/Light/Create Bones@3x.png
  artifactKey: Guid(803b0b9bfc1fd824aae8423bfbab83b4) Importer(815301076,1909f56bfc062723c751e8b465ee728b)
Start importing Packages/com.unity.2d.animation/Editor/Assets/EditorIcons/Light/Create Bones@3x.png using Guid(803b0b9bfc1fd824aae8423bfbab83b4) Importer(815301076,1909f56bfc062723c751e8b465ee728b) (PreviewImporter) -> (artifact id: '649e8e99403b3599f5f9a5a2a6afa6b2') in 0.011987946 seconds
Number of updated asset objects reloaded before import = 0Number of asset objects unloaded after import = 3

========================================================================
Received Import Request.
  Time since last request: 0.000068 seconds.
  path: Packages/com.unity.2d.animation/Editor/Assets/EditorIcons/Selected/Create Bones@4x.png
  artifactKey: Guid(61ac40b257b3a994f841856ad38b2b6b) Importer(815301076,1909f56bfc062723c751e8b465ee728b)
Start importing Packages/com.unity.2d.animation/Editor/Assets/EditorIcons/Selected/Create Bones@4x.png using Guid(61ac40b257b3a994f841856ad38b2b6b) Importer(815301076,1909f56bfc062723c751e8b465ee728b) (PreviewImporter) -> (artifact id: 'e30710558cb6b21def842a62f56a14d2') in 0.024902464 seconds
Number of updated asset objects reloaded before import = 0Number of asset objects unloaded after import = 3

========================================================================
Received Import Request.
  Time since last request: 0.000065 seconds.
  path: Packages/com.unity.2d.animation/Editor/Assets/EditorIcons/Selected/Create_Edge@2x.png
  artifactKey: Guid(e5da66fa63839274dbffb877e43e888b) Importer(815301076,1909f56bfc062723c751e8b465ee728b)
Start importing Packages/com.unity.2d.animation/Editor/Assets/EditorIcons/Selected/Create_Edge@2x.png using Guid(e5da66fa63839274dbffb877e43e888b) Importer(815301076,1909f56bfc062723c751e8b465ee728b) (PreviewImporter) -> (artifact id: '7edff64ed17de1a1fd51b5412470aafc') in 0.012663667 seconds
Number of updated asset objects reloaded before import = 0Number of asset objects unloaded after import = 3

========================================================================
Received Import Request.
  Time since last request: 0.000061 seconds.
  path: Packages/com.unity.2d.animation/Editor/Assets/EditorIcons/Selected/Create_Edge@3x.png
  artifactKey: Guid(374643871a39dd44880f1c0eff14f46c) Importer(815301076,1909f56bfc062723c751e8b465ee728b)
Start importing Packages/com.unity.2d.animation/Editor/Assets/EditorIcons/Selected/Create_Edge@3x.png using Guid(374643871a39dd44880f1c0eff14f46c) Importer(815301076,1909f56bfc062723c751e8b465ee728b) (PreviewImporter) -> (artifact id: '6f8a574d4aa66cfec91a6ad78859b4b7') in 0.021372025 seconds
Number of updated asset objects reloaded before import = 0Number of asset objects unloaded after import = 3

========================================================================
Received Import Request.
  Time since last request: 0.000075 seconds.
  path: Packages/com.unity.2d.animation/Editor/Assets/EditorIcons/Light/Create_Edge@3x.png
  artifactKey: Guid(0da63bf69e254aa4a83c345c3de497c8) Importer(815301076,1909f56bfc062723c751e8b465ee728b)
Start importing Packages/com.unity.2d.animation/Editor/Assets/EditorIcons/Light/Create_Edge@3x.png using Guid(0da63bf69e254aa4a83c345c3de497c8) Importer(815301076,1909f56bfc062723c751e8b465ee728b) (PreviewImporter) -> (artifact id: 'a9c2d75021a9d4f98ce807c443f9051e') in 0.02920334 seconds
Number of updated asset objects reloaded before import = 0Number of asset objects unloaded after import = 3

========================================================================
Received Import Request.
  Time since last request: 0.000058 seconds.
  path: Packages/com.unity.2d.animation/Editor/Assets/EditorIcons/Light/Create_Edge@4x.png
  artifactKey: Guid(1f21190ca9d1e8540b2a3a2e46002685) Importer(815301076,1909f56bfc062723c751e8b465ee728b)
Start importing Packages/com.unity.2d.animation/Editor/Assets/EditorIcons/Light/Create_Edge@4x.png using Guid(1f21190ca9d1e8540b2a3a2e46002685) Importer(815301076,1909f56bfc062723c751e8b465ee728b) (PreviewImporter) -> (artifact id: 'fe3397260b118040bb9efd221f0f3a2f') in 0.021745399 seconds
Number of updated asset objects reloaded before import = 0Number of asset objects unloaded after import = 3

========================================================================
Received Import Request.
  Time since last request: 0.000072 seconds.
  path: Packages/com.unity.2d.animation/Editor/Assets/EditorIcons/Light/Create_Vertex.png
  artifactKey: Guid(31f371f2dfe50c34081023094aed72c3) Importer(815301076,1909f56bfc062723c751e8b465ee728b)
Start importing Packages/com.unity.2d.animation/Editor/Assets/EditorIcons/Light/Create_Vertex.png using Guid(31f371f2dfe50c34081023094aed72c3) Importer(815301076,1909f56bfc062723c751e8b465ee728b) (PreviewImporter) -> (artifact id: 'afda902e1089d9d90a7c59a4793a1ed1') in 0.013806022 seconds
Number of updated asset objects reloaded before import = 0Number of asset objects unloaded after import = 3

========================================================================
Received Import Request.
  Time since last request: 0.000089 seconds.
  path: Packages/com.unity.2d.animation/Editor/Assets/EditorIcons/Light/Create_Vertex@2x.png
  artifactKey: Guid(a0c33b3a6e0728343b29883d739f1322) Importer(815301076,1909f56bfc062723c751e8b465ee728b)
Start importing Packages/com.unity.2d.animation/Editor/Assets/EditorIcons/Light/Create_Vertex@2x.png using Guid(a0c33b3a6e0728343b29883d739f1322) Importer(815301076,1909f56bfc062723c751e8b465ee728b) (PreviewImporter) -> (artifact id: '248e0482e1fa86d3b82fa0b8454a9386') in 0.027972342 seconds
Number of updated asset objects reloaded before import = 0Number of asset objects unloaded after import = 3

========================================================================
Received Import Request.
  Time since last request: 1.210979 seconds.
  path: Packages/com.unity.2d.animation/Editor/Assets/EditorIcons/Selected/Create_Vertex@3x.png
  artifactKey: Guid(47fe565904dc6b1419e9acc62b99812e) Importer(815301076,1909f56bfc062723c751e8b465ee728b)
Start importing Packages/com.unity.2d.animation/Editor/Assets/EditorIcons/Selected/Create_Vertex@3x.png using Guid(47fe565904dc6b1419e9acc62b99812e) Importer(815301076,1909f56bfc062723c751e8b465ee728b) (PreviewImporter) -> (artifact id: 'cc9c5baec98aff21bdc4130c57406846') in 0.022139485 seconds
Number of updated asset objects reloaded before import = 0Number of asset objects unloaded after import = 3

========================================================================
Received Import Request.
  Time since last request: 0.000055 seconds.
  path: Packages/com.unity.2d.animation/Editor/Assets/EditorIcons/Selected/Create_Vertex@4x.png
  artifactKey: Guid(6a7ac9e8c26b12440bf2b1da2ca97794) Importer(815301076,1909f56bfc062723c751e8b465ee728b)
Start importing Packages/com.unity.2d.animation/Editor/Assets/EditorIcons/Selected/Create_Vertex@4x.png using Guid(6a7ac9e8c26b12440bf2b1da2ca97794) Importer(815301076,1909f56bfc062723c751e8b465ee728b) (PreviewImporter) -> (artifact id: '8e0193b7e944999bb038cd3fbf71fad6') in 0.010665933 seconds
Number of updated asset objects reloaded before import = 0Number of asset objects unloaded after import = 3

========================================================================
Received Import Request.
  Time since last request: 0.185057 seconds.
  path: Packages/com.unity.render-pipelines.core/Editor/LookDev/Icons/d_Add@2x.png
  artifactKey: Guid(daa49a1f06460a04b9827dd6f0bace08) Importer(815301076,1909f56bfc062723c751e8b465ee728b)
Start importing Packages/com.unity.render-pipelines.core/Editor/LookDev/Icons/d_Add@2x.png using Guid(daa49a1f06460a04b9827dd6f0bace08) Importer(815301076,1909f56bfc062723c751e8b465ee728b) (PreviewImporter) -> (artifact id: 'c532516a11ca204af4ce0923ecbd4458') in 0.010414584 seconds
Number of updated asset objects reloaded before import = 0Number of asset objects unloaded after import = 3

========================================================================
Received Import Request.
  Time since last request: 0.000062 seconds.
  path: Packages/com.unity.2d.animation/Editor/Assets/ComponentIcons/d_Animation.IKCCD.png
  artifactKey: Guid(9fa9bae87905c44afb14ac13c8e481d1) Importer(815301076,1909f56bfc062723c751e8b465ee728b)
Start importing Packages/com.unity.2d.animation/Editor/Assets/ComponentIcons/d_Animation.IKCCD.png using Guid(9fa9bae87905c44afb14ac13c8e481d1) Importer(815301076,1909f56bfc062723c751e8b465ee728b) (PreviewImporter) -> (artifact id: '26ee3754d7dc33fa7d744f029b73646c') in 0.024593673 seconds
Number of updated asset objects reloaded before import = 0Number of asset objects unloaded after import = 3

========================================================================
Received Import Request.
  Time since last request: 0.000059 seconds.
  path: Packages/com.unity.2d.animation/Editor/Assets/ComponentIcons/d_Animation.IKCCD@256.png
  artifactKey: Guid(f2df2ca130cfb4705ae418741cb26ff7) Importer(815301076,1909f56bfc062723c751e8b465ee728b)
Start importing Packages/com.unity.2d.animation/Editor/Assets/ComponentIcons/d_Animation.IKCCD@256.png using Guid(f2df2ca130cfb4705ae418741cb26ff7) Importer(815301076,1909f56bfc062723c751e8b465ee728b) (PreviewImporter) -> (artifact id: '3ee83749c67368aad188fca7f028da16') in 0.027265346 seconds
Number of updated asset objects reloaded before import = 0Number of asset objects unloaded after import = 3

========================================================================
Received Import Request.
  Time since last request: 0.000068 seconds.
  path: Packages/com.unity.2d.animation/Editor/Assets/ComponentIcons/d_Animation.IKCCD@128.png
  artifactKey: Guid(aee4d1ab3c8e8444aaeb344c96f2dc3a) Importer(815301076,1909f56bfc062723c751e8b465ee728b)
Start importing Packages/com.unity.2d.animation/Editor/Assets/ComponentIcons/d_Animation.IKCCD@128.png using Guid(aee4d1ab3c8e8444aaeb344c96f2dc3a) Importer(815301076,1909f56bfc062723c751e8b465ee728b) (PreviewImporter) -> (artifact id: '5d949ddbbdcf0a309bced2819b8df40c') in 0.018716587 seconds
Number of updated asset objects reloaded before import = 0Number of asset objects unloaded after import = 3

========================================================================
Received Import Request.
  Time since last request: 0.000071 seconds.
  path: Packages/com.unity.2d.animation/Editor/Assets/ComponentIcons/d_Animation.IKFabrik@64.png
  artifactKey: Guid(8dfc24821a9794200b8d54e906e4b6da) Importer(815301076,1909f56bfc062723c751e8b465ee728b)
Start importing Packages/com.unity.2d.animation/Editor/Assets/ComponentIcons/d_Animation.IKFabrik@64.png using Guid(8dfc24821a9794200b8d54e906e4b6da) Importer(815301076,1909f56bfc062723c751e8b465ee728b) (PreviewImporter) -> (artifact id: '848b9d6ceae3f2a50a42d72ba5771368') in 0.026004188 seconds
Number of updated asset objects reloaded before import = 0Number of asset objects unloaded after import = 3

========================================================================
Received Import Request.
  Time since last request: 0.000074 seconds.
  path: Packages/com.unity.2d.animation/Editor/Assets/ComponentIcons/d_Animation.IKFabrik@128.png
  artifactKey: Guid(af77273b34edb4bacbace0efd118bf1a) Importer(815301076,1909f56bfc062723c751e8b465ee728b)
Start importing Packages/com.unity.2d.animation/Editor/Assets/ComponentIcons/d_Animation.IKFabrik@128.png using Guid(af77273b34edb4bacbace0efd118bf1a) Importer(815301076,1909f56bfc062723c751e8b465ee728b) (PreviewImporter) -> (artifact id: 'f9bb37ecf43952b8477994b48c5621cd') in 0.01301748 seconds
Number of updated asset objects reloaded before import = 0Number of asset objects unloaded after import = 3

========================================================================
Received Import Request.
  Time since last request: 0.000065 seconds.
  path: Packages/com.unity.2d.animation/Editor/Assets/ComponentIcons/d_Animation.IKFabrik@256.png
  artifactKey: Guid(a0c5bb965b60545b79734ffd6ec9f124) Importer(815301076,1909f56bfc062723c751e8b465ee728b)
Start importing Packages/com.unity.2d.animation/Editor/Assets/ComponentIcons/d_Animation.IKFabrik@256.png using Guid(a0c5bb965b60545b79734ffd6ec9f124) Importer(815301076,1909f56bfc062723c751e8b465ee728b) (PreviewImporter) -> (artifact id: '9b99316a467d81bcb284095d7b5282af') in 0.029385074 seconds
Number of updated asset objects reloaded before import = 0Number of asset objects unloaded after import = 3

========================================================================
Received Import Request.
  Time since last request: 0.000150 seconds.
  path: Packages/com.unity.2d.animation/Editor/Assets/ComponentIcons/d_Animation.IKLimb@128.png
  artifactKey: Guid(4328211baea95405ab6b8d24456fcbc9) Importer(815301076,1909f56bfc062723c751e8b465ee728b)
Start importing Packages/com.unity.2d.animation/Editor/Assets/ComponentIcons/d_Animation.IKLimb@128.png using Guid(4328211baea95405ab6b8d24456fcbc9) Importer(815301076,1909f56bfc062723c751e8b465ee728b) (PreviewImporter) -> (artifact id: 'f7633900dedc828fc69dbd1bc963aba9') in 0.025997564 seconds
Number of updated asset objects reloaded before import = 0Number of asset objects unloaded after import = 3

========================================================================
Received Import Request.
  Time since last request: 0.011317 seconds.
  path: Packages/com.unity.2d.animation/Editor/Assets/ComponentIcons/d_Animation.IKManager.png
  artifactKey: Guid(a220630d238d744a5a2cb385602d2498) Importer(815301076,1909f56bfc062723c751e8b465ee728b)
Start importing Packages/com.unity.2d.animation/Editor/Assets/ComponentIcons/d_Animation.IKManager.png using Guid(a220630d238d744a5a2cb385602d2498) Importer(815301076,1909f56bfc062723c751e8b465ee728b) (PreviewImporter) -> (artifact id: '7234f6cd66b94bb14fd481307808299e') in 0.015779574 seconds
Number of updated asset objects reloaded before import = 0Number of asset objects unloaded after import = 3

========================================================================
Received Import Request.
  Time since last request: 0.212109 seconds.
  path: Packages/com.unity.2d.animation/Editor/Assets/ComponentIcons/d_Animation.IKManager@64.png
  artifactKey: Guid(5ab572b9a7b33426c83f5ed08ca8c798) Importer(815301076,1909f56bfc062723c751e8b465ee728b)
Start importing Packages/com.unity.2d.animation/Editor/Assets/ComponentIcons/d_Animation.IKManager@64.png using Guid(5ab572b9a7b33426c83f5ed08ca8c798) Importer(815301076,1909f56bfc062723c751e8b465ee728b) (PreviewImporter) -> (artifact id: '44c5ebe1f19a0c4cfd67a6907f8c2620') in 0.023510979 seconds
Number of updated asset objects reloaded before import = 0Number of asset objects unloaded after import = 3

========================================================================
Received Import Request.
  Time since last request: 0.205436 seconds.
  path: Packages/com.unity.2d.animation/Editor/Assets/ComponentIcons/d_Animation.IKManager@256.png
  artifactKey: Guid(ae40df8c9f7d34e72ac6a5232cb18366) Importer(815301076,1909f56bfc062723c751e8b465ee728b)
Start importing Packages/com.unity.2d.animation/Editor/Assets/ComponentIcons/d_Animation.IKManager@256.png using Guid(ae40df8c9f7d34e72ac6a5232cb18366) Importer(815301076,1909f56bfc062723c751e8b465ee728b) (PreviewImporter) -> (artifact id: '60b58ae2dc3cf16902b9b22e6190449e') in 0.030165683 seconds
Number of updated asset objects reloaded before import = 0Number of asset objects unloaded after import = 3

========================================================================
Received Import Request.
  Time since last request: 4.927382 seconds.
  path: Packages/com.unity.2d.sprite/Editor/ObjectMenuCreation/DefaultAssets/Textures/9-SlicedWithBorder.png
  artifactKey: Guid(cc35afd292fc349128b36a291fb3a165) Importer(815301076,1909f56bfc062723c751e8b465ee728b)
Start importing Packages/com.unity.2d.sprite/Editor/ObjectMenuCreation/DefaultAssets/Textures/9-SlicedWithBorder.png using Guid(cc35afd292fc349128b36a291fb3a165) Importer(815301076,1909f56bfc062723c751e8b465ee728b) (PreviewImporter) -> (artifact id: 'c192bbf99c3da0c154f6cdfce55547b7') in 0.02929092 seconds
Number of updated asset objects reloaded before import = 0Number of asset objects unloaded after import = 3

========================================================================
Received Import Request.
  Time since last request: 1.633986 seconds.
  path: Assets/SpriteSheets/kenney_ui-pack/PNG/Red/Double/check_round_grey_circle.png
  artifactKey: Guid(16430042365e9485e955ef151ba006cf) Importer(815301076,1909f56bfc062723c751e8b465ee728b)
Start importing Assets/SpriteSheets/kenney_ui-pack/PNG/Red/Double/check_round_grey_circle.png using Guid(16430042365e9485e955ef151ba006cf) Importer(815301076,1909f56bfc062723c751e8b465ee728b) (PreviewImporter) -> (artifact id: '1278374e8c17b9cccca28603935981d8') in 0.030105268 seconds
Number of updated asset objects reloaded before import = 0Number of asset objects unloaded after import = 3

Editor requested this worker to shutdown with reason: Scaling down because of idle timeout
AssetImportWorkerClient::OnTransportError - code=2 error=End of file
AssetImportWorker is now disconnected from the server
Process exiting
