Unity Editor version:    6000.0.36f1 (9fe3b5f71dbb)
Branch:                  6000.0/staging
Build type:              Release
Batch mode:              YES
macOS version:           Version 15.3.2 (Build 24D81)
Darwin version:          24.3.0
Architecture:            x86_64
Running under Rosetta:   NO
Available memory:        32768 MB
Using pre-set license
Pro License: YES

COMMAND LINE ARGUMENTS:
/Applications/Unity/Hub/Editor/6000.0.36f1/Unity.app/Contents/MacOS/Unity
-adb2
-batchMode
-noUpm
-name
AssetImportWorker4
-projectPath
/Users/loganpruitt/Documents/Game Development/Pruitt-Billionare/Billionare
-logFile
Logs/AssetImportWorker4.log
-srvPort
55000
-job-worker-count
5
-background-job-worker-count
8
-gc-helper-count
1
Successfully changed project path to: /Users/loganpruitt/Documents/Game Development/Pruitt-Billionare/Billionare
/Users/loganpruitt/Documents/Game Development/Pruitt-Billionare/Billionare
[UnityMemory] Configuration Parameters - Can be set up in boot.config
    "memorysetup-bucket-allocator-granularity=16"
    "memorysetup-bucket-allocator-bucket-count=8"
    "memorysetup-bucket-allocator-block-size=33554432"
    "memorysetup-bucket-allocator-block-count=8"
    "memorysetup-main-allocator-block-size=16777216"
    "memorysetup-thread-allocator-block-size=16777216"
    "memorysetup-gfx-main-allocator-block-size=16777216"
    "memorysetup-gfx-thread-allocator-block-size=16777216"
    "memorysetup-cache-allocator-block-size=4194304"
    "memorysetup-typetree-allocator-block-size=2097152"
    "memorysetup-profiler-bucket-allocator-granularity=16"
    "memorysetup-profiler-bucket-allocator-bucket-count=8"
    "memorysetup-profiler-bucket-allocator-block-size=33554432"
    "memorysetup-profiler-bucket-allocator-block-count=8"
    "memorysetup-profiler-allocator-block-size=16777216"
    "memorysetup-profiler-editor-allocator-block-size=1048576"
    "memorysetup-temp-allocator-size-main=16777216"
    "memorysetup-job-temp-allocator-block-size=2097152"
    "memorysetup-job-temp-allocator-block-size-background=1048576"
    "memorysetup-job-temp-allocator-reduction-small-platforms=262144"
    "memorysetup-allocator-temp-initial-block-size-main=262144"
    "memorysetup-allocator-temp-initial-block-size-worker=262144"
    "memorysetup-temp-allocator-size-background-worker=32768"
    "memorysetup-temp-allocator-size-job-worker=262144"
    "memorysetup-temp-allocator-size-preload-manager=33554432"
    "memorysetup-temp-allocator-size-nav-mesh-worker=65536"
    "memorysetup-temp-allocator-size-audio-worker=65536"
    "memorysetup-temp-allocator-size-cloud-worker=32768"
    "memorysetup-temp-allocator-size-gi-baking-worker=262144"
    "memorysetup-temp-allocator-size-gi-baking-worker=262144"
    "memorysetup-temp-allocator-size-gi-baking-worker=262144"
    "memorysetup-temp-allocator-size-gi-baking-worker=262144"
    "memorysetup-temp-allocator-size-gi-baking-worker=262144"
    "memorysetup-temp-allocator-size-gfx=262144"
Player connection [140704500099840]  Target information:

Player connection [140704500099840]  * "[IP] 10.20.175.142 [Port] 0 [Flags] 2 [Guid] 1416733650 [EditorId] 1416733650 [Version] 1048832 [Id] OSXEditor(0,CORE-C02G7BGMMD6R) [Debug] 1 [PackageName] OSXEditor [ProjectName] Editor" 

Player connection [140704500099840] Host joined multi-casting on [225.0.0.222:54997]...
Player connection [140704500099840] Host joined alternative multi-casting on [225.0.0.222:34997]...
JobSystem: Creating JobQueue using job-worker-count value 5
Input System module state changed to: Initialized.
[Physics::Module] Initialized fallback backend.
[Physics::Module] Id: 0xdecafbad
Library Redirect Path: Library/
[Physics::Module] Selected backend.
[Physics::Module] Name: PhysX
[Physics::Module] Id: 0xf2b8ea05
[Physics::Module] SDK Version: 4.1.2
[Physics::Module] Integration Version: 1.0.0
[Physics::Module] Threading Mode: Multi-Threaded
Refreshing native plugins compatible for Editor in 14.44 ms, found 3 plugins.
Preloading 0 native plugins for Editor in 0.00 ms.
Initialize engine version: 6000.0.36f1 (9fe3b5f71dbb)
[Subsystems] Discovering subsystems at path /Applications/Unity/Hub/Editor/6000.0.36f1/Unity.app/Contents/Resources/UnitySubsystems
[Subsystems] Discovering subsystems at path /Users/loganpruitt/Documents/Game Development/Pruitt-Billionare/Billionare/Assets
GfxDevice: creating device client; kGfxThreadingModeNonThreaded
Color LCD preferred device: AMD Radeon Pro 5500M (high power)
Metal devices available: 2
0: AMD Radeon Pro 5500M (high power)
1: Intel(R) UHD Graphics 630 (low power)
Using device AMD Radeon Pro 5500M (high power)
Initializing Metal device caps: AMD Radeon Pro 5500M
Initialize mono
Mono path[0] = '/Applications/Unity/Hub/Editor/6000.0.36f1/Unity.app/Contents/Managed'
Mono path[1] = '/Applications/Unity/Hub/Editor/6000.0.36f1/Unity.app/Contents/MonoBleedingEdge/lib/mono/unityjit-macos'
Mono config path = '/Applications/Unity/Hub/Editor/6000.0.36f1/Unity.app/Contents/MonoBleedingEdge/etc'
Using monoOptions --debugger-agent=transport=dt_socket,embedding=1,server=y,suspend=n,address=127.0.0.1:56484
Begin MonoManager ReloadAssembly
Registering precompiled unity dll's ...
Register platform support module: /Applications/Unity/Hub/Editor/6000.0.36f1/PlaybackEngines/WebGLSupport/UnityEditor.WebGL.Extensions.dll
Register platform support module: /Applications/Unity/Hub/Editor/6000.0.36f1/Unity.app/Contents/PlaybackEngines/MacStandaloneSupport/UnityEditor.OSXStandalone.Extensions.dll
Registered in 0.007974 seconds.
- Loaded All Assemblies, in  1.067 seconds
Native extension for OSXStandalone target not found
Native extension for WebGL target not found
Mono: successfully reloaded assembly
- Finished resetting the current domain, in  0.674 seconds
Domain Reload Profiling: 1741ms
	BeginReloadAssembly (347ms)
		ExecutionOrderSort (0ms)
		DisableScriptedObjects (0ms)
		BackupInstance (0ms)
		ReleaseScriptingObjects (0ms)
		CreateAndSetChildDomain (1ms)
	RebuildCommonClasses (126ms)
	RebuildNativeTypeToScriptingClass (24ms)
	initialDomainReloadingComplete (93ms)
	LoadAllAssembliesAndSetupDomain (476ms)
		LoadAssemblies (350ms)
		RebuildTransferFunctionScriptingTraits (0ms)
		AnalyzeDomain (467ms)
			TypeCache.Refresh (464ms)
				TypeCache.ScanAssembly (439ms)
			BuildScriptInfoCaches (0ms)
			ResolveRequiredComponents (1ms)
	FinalizeReload (675ms)
		ReleaseScriptCaches (0ms)
		RebuildScriptCaches (0ms)
		SetupLoadedEditorAssemblies (587ms)
			LogAssemblyErrors (0ms)
			InitializePlatformSupportModulesInManaged (91ms)
			SetLoadedEditorAssemblies (8ms)
			BeforeProcessingInitializeOnLoad (111ms)
			ProcessInitializeOnLoadAttributes (249ms)
			ProcessInitializeOnLoadMethodAttributes (128ms)
			AfterProcessingInitializeOnLoad (0ms)
			EditorAssembliesLoaded (0ms)
		ExecutionOrderSort2 (0ms)
		AwakeInstancesAfterBackupRestoration (0ms)
========================================================================
Worker process is ready to serve import requests
Import Worker Mode flag is 0x00
Begin MonoManager ReloadAssembly
- Loaded All Assemblies, in  2.120 seconds
Refreshing native plugins compatible for Editor in 5.76 ms, found 3 plugins.
Native extension for OSXStandalone target not found
Native extension for WebGL target not found
Mono: successfully reloaded assembly
- Finished resetting the current domain, in  1.677 seconds
Domain Reload Profiling: 3796ms
	BeginReloadAssembly (317ms)
		ExecutionOrderSort (0ms)
		DisableScriptedObjects (11ms)
		BackupInstance (0ms)
		ReleaseScriptingObjects (0ms)
		CreateAndSetChildDomain (68ms)
	RebuildCommonClasses (83ms)
	RebuildNativeTypeToScriptingClass (24ms)
	initialDomainReloadingComplete (81ms)
	LoadAllAssembliesAndSetupDomain (1614ms)
		LoadAssemblies (1229ms)
		RebuildTransferFunctionScriptingTraits (0ms)
		AnalyzeDomain (564ms)
			TypeCache.Refresh (422ms)
				TypeCache.ScanAssembly (382ms)
			BuildScriptInfoCaches (113ms)
			ResolveRequiredComponents (22ms)
	FinalizeReload (1678ms)
		ReleaseScriptCaches (0ms)
		RebuildScriptCaches (0ms)
		SetupLoadedEditorAssemblies (1376ms)
			LogAssemblyErrors (0ms)
			InitializePlatformSupportModulesInManaged (7ms)
			SetLoadedEditorAssemblies (10ms)
			BeforeProcessingInitializeOnLoad (196ms)
			ProcessInitializeOnLoadAttributes (934ms)
			ProcessInitializeOnLoadMethodAttributes (228ms)
			AfterProcessingInitializeOnLoad (2ms)
			EditorAssembliesLoaded (0ms)
		ExecutionOrderSort2 (0ms)
		AwakeInstancesAfterBackupRestoration (6ms)
Launching external process: /Applications/Unity/Hub/Editor/6000.0.36f1/Unity.app/Contents/Tools/UnityShaderCompiler
Launched and connected shader compiler UnityShaderCompiler after 0.17 seconds
Refreshing native plugins compatible for Editor in 5.44 ms, found 3 plugins.
Preloading 0 native plugins for Editor in 0.00 ms.
Unloading 206 Unused Serialized files (Serialized files now loaded: 0)
Unloading 6537 unused Assets / (4.5 MB). Loaded Objects now: 7236.
Memory consumption went from 175.1 MB to 170.6 MB.
Total: 12.943764 ms (FindLiveObjects: 0.738118 ms CreateObjectMapping: 1.307436 ms MarkObjects: 8.069460 ms  DeleteObjects: 2.827660 ms)

========================================================================
Received Import Request.
  Time since last request: 36875.481399 seconds.
  path: Assets/Prefabs/ufoYellow_0 1.prefab
  artifactKey: Guid(3400f83655c684d7bb2949f458323c67) Importer(815301076,1909f56bfc062723c751e8b465ee728b)
Start importing Assets/Prefabs/ufoYellow_0 1.prefab using Guid(3400f83655c684d7bb2949f458323c67) Importer(815301076,1909f56bfc062723c751e8b465ee728b) (PreviewImporter) -> (artifact id: 'b486f34cdf7dc3165b66d7a9615da52b') in 0.887774461 seconds
Number of updated asset objects reloaded before import = 0Number of asset objects unloaded after import = 39

========================================================================
Received Prepare
Begin MonoManager ReloadAssembly
- Loaded All Assemblies, in  2.811 seconds
Refreshing native plugins compatible for Editor in 14.15 ms, found 3 plugins.
Native extension for OSXStandalone target not found
Native extension for WebGL target not found
Mono: successfully reloaded assembly
- Finished resetting the current domain, in  2.615 seconds
Domain Reload Profiling: 5430ms
	BeginReloadAssembly (476ms)
		ExecutionOrderSort (0ms)
		DisableScriptedObjects (48ms)
		BackupInstance (0ms)
		ReleaseScriptingObjects (0ms)
		CreateAndSetChildDomain (160ms)
	RebuildCommonClasses (86ms)
	RebuildNativeTypeToScriptingClass (27ms)
	initialDomainReloadingComplete (55ms)
	LoadAllAssembliesAndSetupDomain (2171ms)
		LoadAssemblies (1648ms)
		RebuildTransferFunctionScriptingTraits (0ms)
		AnalyzeDomain (727ms)
			TypeCache.Refresh (13ms)
				TypeCache.ScanAssembly (0ms)
			BuildScriptInfoCaches (681ms)
			ResolveRequiredComponents (24ms)
	FinalizeReload (2616ms)
		ReleaseScriptCaches (0ms)
		RebuildScriptCaches (0ms)
		SetupLoadedEditorAssemblies (1647ms)
			LogAssemblyErrors (0ms)
			InitializePlatformSupportModulesInManaged (13ms)
			SetLoadedEditorAssemblies (20ms)
			BeforeProcessingInitializeOnLoad (289ms)
			ProcessInitializeOnLoadAttributes (1142ms)
			ProcessInitializeOnLoadMethodAttributes (180ms)
			AfterProcessingInitializeOnLoad (2ms)
			EditorAssembliesLoaded (1ms)
		ExecutionOrderSort2 (0ms)
		AwakeInstancesAfterBackupRestoration (27ms)
Refreshing native plugins compatible for Editor in 7.99 ms, found 3 plugins.
Preloading 0 native plugins for Editor in 0.00 ms.
Unloading 14 Unused Serialized files (Serialized files now loaded: 0)
Unloading 6536 unused Assets / (4.1 MB). Loaded Objects now: 7273.
Memory consumption went from 160.4 MB to 156.2 MB.
Total: 16.730950 ms (FindLiveObjects: 0.844629 ms CreateObjectMapping: 1.911769 ms MarkObjects: 10.613492 ms  DeleteObjects: 3.359481 ms)

Prepare: number of updated asset objects reloaded= 0
========================================================================
Received Prepare
Refreshing native plugins compatible for Editor in 7.06 ms, found 3 plugins.
Preloading 0 native plugins for Editor in 0.00 ms.
Unloading 14 Unused Serialized files (Serialized files now loaded: 0)
Unloading 6525 unused Assets / (4.1 MB). Loaded Objects now: 7273.
Memory consumption went from 149.5 MB to 145.3 MB.
Total: 14.513552 ms (FindLiveObjects: 0.842413 ms CreateObjectMapping: 1.414909 ms MarkObjects: 8.904342 ms  DeleteObjects: 3.350595 ms)

Prepare: number of updated asset objects reloaded= 0
========================================================================
Received Import Request.
  Time since last request: 237.445510 seconds.
  path: Assets/Prefabs/YellowBillion 1.prefab
  artifactKey: Guid(9c2c41eff4aec4941a53703beecd64d9) Importer(815301076,1909f56bfc062723c751e8b465ee728b)
Start importing Assets/Prefabs/YellowBillion 1.prefab using Guid(9c2c41eff4aec4941a53703beecd64d9) Importer(815301076,1909f56bfc062723c751e8b465ee728b) (PreviewImporter) -> (artifact id: '691d290c58d376079a769a65a74885b1') in 0.913240738 seconds
Number of updated asset objects reloaded before import = 0Number of asset objects unloaded after import = 39

========================================================================
Received Import Request.
  Time since last request: 0.000085 seconds.
  path: Assets/Prefabs/Bluebillion.prefab
  artifactKey: Guid(c5ac31c651ea04b59b09dd36ac16b570) Importer(815301076,1909f56bfc062723c751e8b465ee728b)
Start importing Assets/Prefabs/Bluebillion.prefab using Guid(c5ac31c651ea04b59b09dd36ac16b570) Importer(815301076,1909f56bfc062723c751e8b465ee728b) (PreviewImporter) -> (artifact id: '1a95a945730182ac1ca12112e154cd60') in 0.036103307 seconds
Number of updated asset objects reloaded before import = 0Number of asset objects unloaded after import = 39

========================================================================
Received Import Request.
  Time since last request: 0.000082 seconds.
  path: Assets/Prefabs/ufoBlue_0.prefab
  artifactKey: Guid(9e595ff65a7894a988fec53888174e78) Importer(815301076,1909f56bfc062723c751e8b465ee728b)
Start importing Assets/Prefabs/ufoBlue_0.prefab using Guid(9e595ff65a7894a988fec53888174e78) Importer(815301076,1909f56bfc062723c751e8b465ee728b) (PreviewImporter) -> (artifact id: '0567cd77af35f89cf8d6cc938c08927b') in 0.020621686 seconds
Number of updated asset objects reloaded before import = 0Number of asset objects unloaded after import = 39

========================================================================
Received Import Request.
  Time since last request: 0.000128 seconds.
  path: Assets/Prefabs/RedBillion.prefab
  artifactKey: Guid(014ea5968ff3649a1a9ae9c96e2e3e09) Importer(815301076,1909f56bfc062723c751e8b465ee728b)
Start importing Assets/Prefabs/RedBillion.prefab using Guid(014ea5968ff3649a1a9ae9c96e2e3e09) Importer(815301076,1909f56bfc062723c751e8b465ee728b) (PreviewImporter) -> (artifact id: 'bdac5d19f9d399885058c4a0bc702e4b') in 0.020888656 seconds
Number of updated asset objects reloaded before import = 0Number of asset objects unloaded after import = 39

========================================================================
Received Prepare
Begin MonoManager ReloadAssembly
- Loaded All Assemblies, in  3.139 seconds
Refreshing native plugins compatible for Editor in 5.96 ms, found 3 plugins.
Native extension for OSXStandalone target not found
Native extension for WebGL target not found
Mono: successfully reloaded assembly
- Finished resetting the current domain, in  1.672 seconds
Domain Reload Profiling: 4812ms
	BeginReloadAssembly (501ms)
		ExecutionOrderSort (0ms)
		DisableScriptedObjects (58ms)
		BackupInstance (0ms)
		ReleaseScriptingObjects (0ms)
		CreateAndSetChildDomain (177ms)
	RebuildCommonClasses (153ms)
	RebuildNativeTypeToScriptingClass (47ms)
	initialDomainReloadingComplete (107ms)
	LoadAllAssembliesAndSetupDomain (2332ms)
		LoadAssemblies (2081ms)
		RebuildTransferFunctionScriptingTraits (0ms)
		AnalyzeDomain (453ms)
			TypeCache.Refresh (17ms)
				TypeCache.ScanAssembly (0ms)
			BuildScriptInfoCaches (405ms)
			ResolveRequiredComponents (23ms)
	FinalizeReload (1673ms)
		ReleaseScriptCaches (0ms)
		RebuildScriptCaches (0ms)
		SetupLoadedEditorAssemblies (1283ms)
			LogAssemblyErrors (0ms)
			InitializePlatformSupportModulesInManaged (7ms)
			SetLoadedEditorAssemblies (11ms)
			BeforeProcessingInitializeOnLoad (238ms)
			ProcessInitializeOnLoadAttributes (879ms)
			ProcessInitializeOnLoadMethodAttributes (146ms)
			AfterProcessingInitializeOnLoad (1ms)
			EditorAssembliesLoaded (0ms)
		ExecutionOrderSort2 (0ms)
		AwakeInstancesAfterBackupRestoration (20ms)
Refreshing native plugins compatible for Editor in 5.95 ms, found 3 plugins.
Preloading 0 native plugins for Editor in 0.00 ms.
Unloading 14 Unused Serialized files (Serialized files now loaded: 0)
Unloading 6536 unused Assets / (4.0 MB). Loaded Objects now: 7298.
Memory consumption went from 160.9 MB to 156.9 MB.
Total: 16.740681 ms (FindLiveObjects: 1.154650 ms CreateObjectMapping: 1.919649 ms MarkObjects: 8.648877 ms  DeleteObjects: 5.016097 ms)

Prepare: number of updated asset objects reloaded= 0
========================================================================
Received Import Request.
  Time since last request: 36.822351 seconds.
  path: Assets/Prefabs/YellowBillion 1.prefab
  artifactKey: Guid(9c2c41eff4aec4941a53703beecd64d9) Importer(815301076,1909f56bfc062723c751e8b465ee728b)
Start importing Assets/Prefabs/YellowBillion 1.prefab using Guid(9c2c41eff4aec4941a53703beecd64d9) Importer(815301076,1909f56bfc062723c751e8b465ee728b) (PreviewImporter) -> (artifact id: '9452bb54f6754cf6a7318b6981d15c11') in 0.913419724 seconds
Number of updated asset objects reloaded before import = 0Number of asset objects unloaded after import = 39

========================================================================
Received Import Request.
  Time since last request: 0.000086 seconds.
  path: Assets/Prefabs/Bluebillion.prefab
  artifactKey: Guid(c5ac31c651ea04b59b09dd36ac16b570) Importer(815301076,1909f56bfc062723c751e8b465ee728b)
Start importing Assets/Prefabs/Bluebillion.prefab using Guid(c5ac31c651ea04b59b09dd36ac16b570) Importer(815301076,1909f56bfc062723c751e8b465ee728b) (PreviewImporter) -> (artifact id: '4bb24adb52ff6d4f71553fd8936b9649') in 0.017984138 seconds
Number of updated asset objects reloaded before import = 0Number of asset objects unloaded after import = 39

========================================================================
Received Import Request.
  Time since last request: 0.000074 seconds.
  path: Assets/Prefabs/RedBillion.prefab
  artifactKey: Guid(014ea5968ff3649a1a9ae9c96e2e3e09) Importer(815301076,1909f56bfc062723c751e8b465ee728b)
Start importing Assets/Prefabs/RedBillion.prefab using Guid(014ea5968ff3649a1a9ae9c96e2e3e09) Importer(815301076,1909f56bfc062723c751e8b465ee728b) (PreviewImporter) -> (artifact id: '8caca727bb0e518147617cdbaa82d1b0') in 0.016875248 seconds
Number of updated asset objects reloaded before import = 0Number of asset objects unloaded after import = 39

========================================================================
Received Prepare
Begin MonoManager ReloadAssembly
- Loaded All Assemblies, in  2.448 seconds
Refreshing native plugins compatible for Editor in 6.27 ms, found 3 plugins.
Native extension for OSXStandalone target not found
Native extension for WebGL target not found
Mono: successfully reloaded assembly
- Finished resetting the current domain, in  2.205 seconds
Domain Reload Profiling: 4658ms
	BeginReloadAssembly (459ms)
		ExecutionOrderSort (0ms)
		DisableScriptedObjects (44ms)
		BackupInstance (0ms)
		ReleaseScriptingObjects (0ms)
		CreateAndSetChildDomain (158ms)
	RebuildCommonClasses (82ms)
	RebuildNativeTypeToScriptingClass (25ms)
	initialDomainReloadingComplete (54ms)
	LoadAllAssembliesAndSetupDomain (1833ms)
		LoadAssemblies (1535ms)
		RebuildTransferFunctionScriptingTraits (0ms)
		AnalyzeDomain (494ms)
			TypeCache.Refresh (14ms)
				TypeCache.ScanAssembly (0ms)
			BuildScriptInfoCaches (440ms)
			ResolveRequiredComponents (31ms)
	FinalizeReload (2206ms)
		ReleaseScriptCaches (0ms)
		RebuildScriptCaches (0ms)
		SetupLoadedEditorAssemblies (1715ms)
			LogAssemblyErrors (0ms)
			InitializePlatformSupportModulesInManaged (10ms)
			SetLoadedEditorAssemblies (13ms)
			BeforeProcessingInitializeOnLoad (319ms)
			ProcessInitializeOnLoadAttributes (1186ms)
			ProcessInitializeOnLoadMethodAttributes (185ms)
			AfterProcessingInitializeOnLoad (2ms)
			EditorAssembliesLoaded (0ms)
		ExecutionOrderSort2 (0ms)
		AwakeInstancesAfterBackupRestoration (31ms)
Refreshing native plugins compatible for Editor in 8.13 ms, found 3 plugins.
Preloading 0 native plugins for Editor in 0.00 ms.
Unloading 14 Unused Serialized files (Serialized files now loaded: 0)
Unloading 6536 unused Assets / (4.0 MB). Loaded Objects now: 7322.
Memory consumption went from 162.4 MB to 158.4 MB.
Total: 17.752217 ms (FindLiveObjects: 1.062111 ms CreateObjectMapping: 2.239025 ms MarkObjects: 10.322979 ms  DeleteObjects: 4.126529 ms)

Prepare: number of updated asset objects reloaded= 0
========================================================================
Received Prepare
Begin MonoManager ReloadAssembly
- Loaded All Assemblies, in  1.916 seconds
Refreshing native plugins compatible for Editor in 5.68 ms, found 3 plugins.
Native extension for OSXStandalone target not found
Native extension for WebGL target not found
Mono: successfully reloaded assembly
- Finished resetting the current domain, in  1.882 seconds
Domain Reload Profiling: 3802ms
	BeginReloadAssembly (390ms)
		ExecutionOrderSort (0ms)
		DisableScriptedObjects (27ms)
		BackupInstance (0ms)
		ReleaseScriptingObjects (0ms)
		CreateAndSetChildDomain (133ms)
	RebuildCommonClasses (81ms)
	RebuildNativeTypeToScriptingClass (24ms)
	initialDomainReloadingComplete (50ms)
	LoadAllAssembliesAndSetupDomain (1373ms)
		LoadAssemblies (1140ms)
		RebuildTransferFunctionScriptingTraits (0ms)
		AnalyzeDomain (402ms)
			TypeCache.Refresh (11ms)
				TypeCache.ScanAssembly (0ms)
			BuildScriptInfoCaches (361ms)
			ResolveRequiredComponents (22ms)
	FinalizeReload (1883ms)
		ReleaseScriptCaches (0ms)
		RebuildScriptCaches (0ms)
		SetupLoadedEditorAssemblies (1448ms)
			LogAssemblyErrors (0ms)
			InitializePlatformSupportModulesInManaged (9ms)
			SetLoadedEditorAssemblies (11ms)
			BeforeProcessingInitializeOnLoad (267ms)
			ProcessInitializeOnLoadAttributes (1002ms)
			ProcessInitializeOnLoadMethodAttributes (157ms)
			AfterProcessingInitializeOnLoad (2ms)
			EditorAssembliesLoaded (1ms)
		ExecutionOrderSort2 (0ms)
		AwakeInstancesAfterBackupRestoration (26ms)
Refreshing native plugins compatible for Editor in 6.84 ms, found 3 plugins.
Preloading 0 native plugins for Editor in 0.00 ms.
Unloading 14 Unused Serialized files (Serialized files now loaded: 0)
Unloading 6536 unused Assets / (4.1 MB). Loaded Objects now: 7324.
Memory consumption went from 158.4 MB to 154.3 MB.
Total: 16.516396 ms (FindLiveObjects: 0.979173 ms CreateObjectMapping: 2.133411 ms MarkObjects: 9.833929 ms  DeleteObjects: 3.568066 ms)

Prepare: number of updated asset objects reloaded= 0
========================================================================
Received Import Request.
  Time since last request: 118.830266 seconds.
  path: Assets/Prefabs/Bluebillion.prefab
  artifactKey: Guid(c5ac31c651ea04b59b09dd36ac16b570) Importer(815301076,1909f56bfc062723c751e8b465ee728b)
Start importing Assets/Prefabs/Bluebillion.prefab using Guid(c5ac31c651ea04b59b09dd36ac16b570) Importer(815301076,1909f56bfc062723c751e8b465ee728b) (PreviewImporter) -> (artifact id: 'e953be89755ec3157d35975a80074b5f') in 0.912634523 seconds
Number of updated asset objects reloaded before import = 0Number of asset objects unloaded after import = 39

========================================================================
Received Import Request.
  Time since last request: 0.000089 seconds.
  path: Assets/Prefabs/Bluebillion.prefab
  artifactKey: Guid(c5ac31c651ea04b59b09dd36ac16b570) Importer(815301076,1909f56bfc062723c751e8b465ee728b)
Start importing Assets/Prefabs/Bluebillion.prefab using Guid(c5ac31c651ea04b59b09dd36ac16b570) Importer(815301076,1909f56bfc062723c751e8b465ee728b) (PreviewImporter) -> (artifact id: '4cff69b1a60268a407c7d76f8f8abcdd') in 0.018553182 seconds
Number of updated asset objects reloaded before import = 0Number of asset objects unloaded after import = 39

========================================================================
Received Import Request.
  Time since last request: 2.079098 seconds.
  path: Assets/Prefabs/Bluebillion.prefab
  artifactKey: Guid(c5ac31c651ea04b59b09dd36ac16b570) Importer(815301076,1909f56bfc062723c751e8b465ee728b)
Start importing Assets/Prefabs/Bluebillion.prefab using Guid(c5ac31c651ea04b59b09dd36ac16b570) Importer(815301076,1909f56bfc062723c751e8b465ee728b) (PreviewImporter) -> (artifact id: '57e2d1872a452fa391385ed45855071f') in 0.021436968 seconds
Number of updated asset objects reloaded before import = 0Number of asset objects unloaded after import = 39

========================================================================
Received Import Request.
  Time since last request: 7.308347 seconds.
  path: Assets/Prefabs/GreenBillion.prefab
  artifactKey: Guid(d550eaa00326e42d1989591084ce60c0) Importer(815301076,1909f56bfc062723c751e8b465ee728b)
Start importing Assets/Prefabs/GreenBillion.prefab using Guid(d550eaa00326e42d1989591084ce60c0) Importer(815301076,1909f56bfc062723c751e8b465ee728b) (PreviewImporter) -> (artifact id: '777e8d6ac8185608c93c9db5845b3306') in 0.030369082 seconds
Number of updated asset objects reloaded before import = 0Number of asset objects unloaded after import = 39

========================================================================
Received Import Request.
  Time since last request: 1.352753 seconds.
  path: Assets/Prefabs/GreenBillion.prefab
  artifactKey: Guid(d550eaa00326e42d1989591084ce60c0) Importer(815301076,1909f56bfc062723c751e8b465ee728b)
Start importing Assets/Prefabs/GreenBillion.prefab using Guid(d550eaa00326e42d1989591084ce60c0) Importer(815301076,1909f56bfc062723c751e8b465ee728b) (PreviewImporter) -> (artifact id: 'de1a57d5e693e476739223257e0e4dfc') in 0.032125848 seconds
Number of updated asset objects reloaded before import = 0Number of asset objects unloaded after import = 39

========================================================================
Received Import Request.
  Time since last request: 0.702210 seconds.
  path: Assets/Prefabs/GreenBillion.prefab
  artifactKey: Guid(d550eaa00326e42d1989591084ce60c0) Importer(815301076,1909f56bfc062723c751e8b465ee728b)
Start importing Assets/Prefabs/GreenBillion.prefab using Guid(d550eaa00326e42d1989591084ce60c0) Importer(815301076,1909f56bfc062723c751e8b465ee728b) (PreviewImporter) -> (artifact id: '36ed1c55d9d63056c2fd38a81bf9e9c6') in 0.0310507 seconds
Number of updated asset objects reloaded before import = 0Number of asset objects unloaded after import = 39

========================================================================
Received Import Request.
  Time since last request: 7.265914 seconds.
  path: Assets/Prefabs/RedBillion.prefab
  artifactKey: Guid(014ea5968ff3649a1a9ae9c96e2e3e09) Importer(815301076,1909f56bfc062723c751e8b465ee728b)
Start importing Assets/Prefabs/RedBillion.prefab using Guid(014ea5968ff3649a1a9ae9c96e2e3e09) Importer(815301076,1909f56bfc062723c751e8b465ee728b) (PreviewImporter) -> (artifact id: 'a8222e391c4c9831d3d93aaab8190584') in 0.021899999 seconds
Number of updated asset objects reloaded before import = 0Number of asset objects unloaded after import = 39

========================================================================
Received Import Request.
  Time since last request: 1.554352 seconds.
  path: Assets/Prefabs/RedBillion.prefab
  artifactKey: Guid(014ea5968ff3649a1a9ae9c96e2e3e09) Importer(815301076,1909f56bfc062723c751e8b465ee728b)
Start importing Assets/Prefabs/RedBillion.prefab using Guid(014ea5968ff3649a1a9ae9c96e2e3e09) Importer(815301076,1909f56bfc062723c751e8b465ee728b) (PreviewImporter) -> (artifact id: 'b972aff97412bd4bff106ec35adbe43b') in 0.026745581 seconds
Number of updated asset objects reloaded before import = 0Number of asset objects unloaded after import = 39

========================================================================
Received Import Request.
  Time since last request: 0.808674 seconds.
  path: Assets/Prefabs/RedBillion.prefab
  artifactKey: Guid(014ea5968ff3649a1a9ae9c96e2e3e09) Importer(815301076,1909f56bfc062723c751e8b465ee728b)
Start importing Assets/Prefabs/RedBillion.prefab using Guid(014ea5968ff3649a1a9ae9c96e2e3e09) Importer(815301076,1909f56bfc062723c751e8b465ee728b) (PreviewImporter) -> (artifact id: 'b3f2dbe84dc038b09acb77e9049f2d4b') in 0.019574922 seconds
Number of updated asset objects reloaded before import = 0Number of asset objects unloaded after import = 39

========================================================================
Received Import Request.
  Time since last request: 12.827363 seconds.
  path: Assets/Prefabs/ufoYellow_0 1.prefab
  artifactKey: Guid(3400f83655c684d7bb2949f458323c67) Importer(815301076,1909f56bfc062723c751e8b465ee728b)
Start importing Assets/Prefabs/ufoYellow_0 1.prefab using Guid(3400f83655c684d7bb2949f458323c67) Importer(815301076,1909f56bfc062723c751e8b465ee728b) (PreviewImporter) -> (artifact id: '8e9a8a041935e3a1bb0a894b2216f243') in 0.020649028 seconds
Number of updated asset objects reloaded before import = 0Number of asset objects unloaded after import = 39

========================================================================
Received Import Request.
  Time since last request: 5.479435 seconds.
  path: Assets/Prefabs/ufoYellow_0 1.prefab
  artifactKey: Guid(3400f83655c684d7bb2949f458323c67) Importer(815301076,1909f56bfc062723c751e8b465ee728b)
Start importing Assets/Prefabs/ufoYellow_0 1.prefab using Guid(3400f83655c684d7bb2949f458323c67) Importer(815301076,1909f56bfc062723c751e8b465ee728b) (PreviewImporter) -> (artifact id: '0dce59007a21e3b01f01e666dc5f5c07') in 0.021642167 seconds
Number of updated asset objects reloaded before import = 0Number of asset objects unloaded after import = 39

========================================================================
Received Import Request.
  Time since last request: 1.079853 seconds.
  path: Assets/Prefabs/ufoYellow_0 1.prefab
  artifactKey: Guid(3400f83655c684d7bb2949f458323c67) Importer(815301076,1909f56bfc062723c751e8b465ee728b)
Start importing Assets/Prefabs/ufoYellow_0 1.prefab using Guid(3400f83655c684d7bb2949f458323c67) Importer(815301076,1909f56bfc062723c751e8b465ee728b) (PreviewImporter) -> (artifact id: '18ca9e9e70fe3bcc174e72700271b53c') in 0.022347371 seconds
Number of updated asset objects reloaded before import = 0Number of asset objects unloaded after import = 39

========================================================================
Received Prepare
Begin MonoManager ReloadAssembly
- Loaded All Assemblies, in  1.925 seconds
Refreshing native plugins compatible for Editor in 5.94 ms, found 3 plugins.
Native extension for OSXStandalone target not found
Native extension for WebGL target not found
Mono: successfully reloaded assembly
- Finished resetting the current domain, in  1.848 seconds
Domain Reload Profiling: 3777ms
	BeginReloadAssembly (424ms)
		ExecutionOrderSort (0ms)
		DisableScriptedObjects (44ms)
		BackupInstance (0ms)
		ReleaseScriptingObjects (0ms)
		CreateAndSetChildDomain (154ms)
	RebuildCommonClasses (80ms)
	RebuildNativeTypeToScriptingClass (25ms)
	initialDomainReloadingComplete (51ms)
	LoadAllAssembliesAndSetupDomain (1348ms)
		LoadAssemblies (1114ms)
		RebuildTransferFunctionScriptingTraits (0ms)
		AnalyzeDomain (403ms)
			TypeCache.Refresh (11ms)
				TypeCache.ScanAssembly (0ms)
			BuildScriptInfoCaches (359ms)
			ResolveRequiredComponents (22ms)
	FinalizeReload (1849ms)
		ReleaseScriptCaches (0ms)
		RebuildScriptCaches (0ms)
		SetupLoadedEditorAssemblies (1386ms)
			LogAssemblyErrors (0ms)
			InitializePlatformSupportModulesInManaged (9ms)
			SetLoadedEditorAssemblies (11ms)
			BeforeProcessingInitializeOnLoad (277ms)
			ProcessInitializeOnLoadAttributes (940ms)
			ProcessInitializeOnLoadMethodAttributes (146ms)
			AfterProcessingInitializeOnLoad (2ms)
			EditorAssembliesLoaded (0ms)
		ExecutionOrderSort2 (0ms)
		AwakeInstancesAfterBackupRestoration (28ms)
Refreshing native plugins compatible for Editor in 6.59 ms, found 3 plugins.
Preloading 0 native plugins for Editor in 0.00 ms.
Unloading 14 Unused Serialized files (Serialized files now loaded: 0)
Unloading 6536 unused Assets / (4.1 MB). Loaded Objects now: 7348.
Memory consumption went from 160.0 MB to 155.9 MB.
Total: 13.282074 ms (FindLiveObjects: 0.861602 ms CreateObjectMapping: 1.409159 ms MarkObjects: 8.169446 ms  DeleteObjects: 2.840884 ms)

Prepare: number of updated asset objects reloaded= 0
========================================================================
Received Prepare
Begin MonoManager ReloadAssembly
- Loaded All Assemblies, in  2.354 seconds
Refreshing native plugins compatible for Editor in 7.47 ms, found 3 plugins.
Native extension for OSXStandalone target not found
Native extension for WebGL target not found
Mono: successfully reloaded assembly
- Finished resetting the current domain, in  1.710 seconds
Domain Reload Profiling: 4067ms
	BeginReloadAssembly (400ms)
		ExecutionOrderSort (0ms)
		DisableScriptedObjects (29ms)
		BackupInstance (0ms)
		ReleaseScriptingObjects (0ms)
		CreateAndSetChildDomain (135ms)
	RebuildCommonClasses (157ms)
	RebuildNativeTypeToScriptingClass (51ms)
	initialDomainReloadingComplete (102ms)
	LoadAllAssembliesAndSetupDomain (1646ms)
		LoadAssemblies (1410ms)
		RebuildTransferFunctionScriptingTraits (0ms)
		AnalyzeDomain (409ms)
			TypeCache.Refresh (16ms)
				TypeCache.ScanAssembly (0ms)
			BuildScriptInfoCaches (360ms)
			ResolveRequiredComponents (22ms)
	FinalizeReload (1711ms)
		ReleaseScriptCaches (0ms)
		RebuildScriptCaches (0ms)
		SetupLoadedEditorAssemblies (1318ms)
			LogAssemblyErrors (0ms)
			InitializePlatformSupportModulesInManaged (7ms)
			SetLoadedEditorAssemblies (10ms)
			BeforeProcessingInitializeOnLoad (265ms)
			ProcessInitializeOnLoadAttributes (902ms)
			ProcessInitializeOnLoadMethodAttributes (132ms)
			AfterProcessingInitializeOnLoad (2ms)
			EditorAssembliesLoaded (0ms)
		ExecutionOrderSort2 (0ms)
		AwakeInstancesAfterBackupRestoration (26ms)
Refreshing native plugins compatible for Editor in 6.64 ms, found 3 plugins.
Preloading 0 native plugins for Editor in 0.00 ms.
Unloading 14 Unused Serialized files (Serialized files now loaded: 0)
Unloading 6536 unused Assets / (3.9 MB). Loaded Objects now: 7350.
Memory consumption went from 159.7 MB to 155.9 MB.
Total: 14.127148 ms (FindLiveObjects: 0.850134 ms CreateObjectMapping: 1.438334 ms MarkObjects: 8.845826 ms  DeleteObjects: 2.991538 ms)

Prepare: number of updated asset objects reloaded= 0
========================================================================
Received Prepare
Begin MonoManager ReloadAssembly
- Loaded All Assemblies, in  2.105 seconds
Refreshing native plugins compatible for Editor in 7.28 ms, found 3 plugins.
Native extension for OSXStandalone target not found
Native extension for WebGL target not found
Mono: successfully reloaded assembly
- Finished resetting the current domain, in  1.814 seconds
Domain Reload Profiling: 3923ms
	BeginReloadAssembly (389ms)
		ExecutionOrderSort (0ms)
		DisableScriptedObjects (27ms)
		BackupInstance (0ms)
		ReleaseScriptingObjects (0ms)
		CreateAndSetChildDomain (128ms)
	RebuildCommonClasses (93ms)
	RebuildNativeTypeToScriptingClass (29ms)
	initialDomainReloadingComplete (56ms)
	LoadAllAssembliesAndSetupDomain (1540ms)
		LoadAssemblies (1296ms)
		RebuildTransferFunctionScriptingTraits (0ms)
		AnalyzeDomain (419ms)
			TypeCache.Refresh (12ms)
				TypeCache.ScanAssembly (0ms)
			BuildScriptInfoCaches (377ms)
			ResolveRequiredComponents (22ms)
	FinalizeReload (1815ms)
		ReleaseScriptCaches (0ms)
		RebuildScriptCaches (0ms)
		SetupLoadedEditorAssemblies (1378ms)
			LogAssemblyErrors (0ms)
			InitializePlatformSupportModulesInManaged (8ms)
			SetLoadedEditorAssemblies (11ms)
			BeforeProcessingInitializeOnLoad (255ms)
			ProcessInitializeOnLoadAttributes (957ms)
			ProcessInitializeOnLoadMethodAttributes (145ms)
			AfterProcessingInitializeOnLoad (2ms)
			EditorAssembliesLoaded (0ms)
		ExecutionOrderSort2 (0ms)
		AwakeInstancesAfterBackupRestoration (29ms)
Refreshing native plugins compatible for Editor in 6.95 ms, found 3 plugins.
Preloading 0 native plugins for Editor in 0.00 ms.
Unloading 14 Unused Serialized files (Serialized files now loaded: 0)
Unloading 6536 unused Assets / (3.7 MB). Loaded Objects now: 7352.
Memory consumption went from 159.7 MB to 156.0 MB.
Total: 16.298687 ms (FindLiveObjects: 1.095893 ms CreateObjectMapping: 1.845353 ms MarkObjects: 10.150745 ms  DeleteObjects: 3.205317 ms)

Prepare: number of updated asset objects reloaded= 0
========================================================================
Received Import Request.
  Time since last request: 193.166463 seconds.
  path: Assets/Prefabs/ufoRed_0.prefab
  artifactKey: Guid(a547c1f627a154978bb66382d41eece0) Importer(815301076,1909f56bfc062723c751e8b465ee728b)
Start importing Assets/Prefabs/ufoRed_0.prefab using Guid(a547c1f627a154978bb66382d41eece0) Importer(815301076,1909f56bfc062723c751e8b465ee728b) (PreviewImporter) -> (artifact id: 'df51224128c133519a818a594494fcda') in 0.925535745 seconds
Number of updated asset objects reloaded before import = 0Number of asset objects unloaded after import = 39

========================================================================
Received Import Request.
  Time since last request: 0.000069 seconds.
  path: Assets/Prefabs/YellowBillion 1.prefab
  artifactKey: Guid(9c2c41eff4aec4941a53703beecd64d9) Importer(815301076,1909f56bfc062723c751e8b465ee728b)
Start importing Assets/Prefabs/YellowBillion 1.prefab using Guid(9c2c41eff4aec4941a53703beecd64d9) Importer(815301076,1909f56bfc062723c751e8b465ee728b) (PreviewImporter) -> (artifact id: 'c16604cae66f4b619c96c1d210dee0a3') in 0.066792638 seconds
Number of updated asset objects reloaded before import = 0Number of asset objects unloaded after import = 39

========================================================================
Received Import Request.
  Time since last request: 0.000101 seconds.
  path: Assets/Prefabs/GreenBillion.prefab
  artifactKey: Guid(d550eaa00326e42d1989591084ce60c0) Importer(815301076,1909f56bfc062723c751e8b465ee728b)
Start importing Assets/Prefabs/GreenBillion.prefab using Guid(d550eaa00326e42d1989591084ce60c0) Importer(815301076,1909f56bfc062723c751e8b465ee728b) (PreviewImporter) -> (artifact id: '4770cabb634e09edafed90253f38ba17') in 0.018334419 seconds
Number of updated asset objects reloaded before import = 0Number of asset objects unloaded after import = 39

========================================================================
Received Import Request.
  Time since last request: 0.000082 seconds.
  path: Assets/Prefabs/Bluebillion.prefab
  artifactKey: Guid(c5ac31c651ea04b59b09dd36ac16b570) Importer(815301076,1909f56bfc062723c751e8b465ee728b)
Start importing Assets/Prefabs/Bluebillion.prefab using Guid(c5ac31c651ea04b59b09dd36ac16b570) Importer(815301076,1909f56bfc062723c751e8b465ee728b) (PreviewImporter) -> (artifact id: 'caca7952237fb022d8accc09aab22d34') in 0.02179149 seconds
Number of updated asset objects reloaded before import = 0Number of asset objects unloaded after import = 39

========================================================================
Received Import Request.
  Time since last request: 0.000070 seconds.
  path: Assets/Prefabs/ufoBlue_0.prefab
  artifactKey: Guid(9e595ff65a7894a988fec53888174e78) Importer(815301076,1909f56bfc062723c751e8b465ee728b)
Start importing Assets/Prefabs/ufoBlue_0.prefab using Guid(9e595ff65a7894a988fec53888174e78) Importer(815301076,1909f56bfc062723c751e8b465ee728b) (PreviewImporter) -> (artifact id: '26e486c4d32e295e0f681f05ccb959fa') in 0.020257423 seconds
Number of updated asset objects reloaded before import = 0Number of asset objects unloaded after import = 39

========================================================================
Received Import Request.
  Time since last request: 0.000100 seconds.
  path: Assets/Prefabs/ufoYellow_0 1.prefab
  artifactKey: Guid(3400f83655c684d7bb2949f458323c67) Importer(815301076,1909f56bfc062723c751e8b465ee728b)
Start importing Assets/Prefabs/ufoYellow_0 1.prefab using Guid(3400f83655c684d7bb2949f458323c67) Importer(815301076,1909f56bfc062723c751e8b465ee728b) (PreviewImporter) -> (artifact id: '0989c85e84f1ddac631e02df05139de3') in 0.019810813 seconds
Number of updated asset objects reloaded before import = 0Number of asset objects unloaded after import = 39

========================================================================
Received Import Request.
  Time since last request: 0.000082 seconds.
  path: Assets/Prefabs/RedBillion.prefab
  artifactKey: Guid(014ea5968ff3649a1a9ae9c96e2e3e09) Importer(815301076,1909f56bfc062723c751e8b465ee728b)
Start importing Assets/Prefabs/RedBillion.prefab using Guid(014ea5968ff3649a1a9ae9c96e2e3e09) Importer(815301076,1909f56bfc062723c751e8b465ee728b) (PreviewImporter) -> (artifact id: 'e4c3a57a179af5ac1b09e73d55edb282') in 0.021801081 seconds
Number of updated asset objects reloaded before import = 0Number of asset objects unloaded after import = 39

========================================================================
Received Import Request.
  Time since last request: 0.000125 seconds.
  path: Assets/Prefabs/ufoGreen_0 1.prefab
  artifactKey: Guid(69c19e44f85a349d0bed408a1ebcaeb7) Importer(815301076,1909f56bfc062723c751e8b465ee728b)
Start importing Assets/Prefabs/ufoGreen_0 1.prefab using Guid(69c19e44f85a349d0bed408a1ebcaeb7) Importer(815301076,1909f56bfc062723c751e8b465ee728b) (PreviewImporter) -> (artifact id: 'e5822dc38c1f3e3cb81bf1452d62a85d') in 0.02130356 seconds
Number of updated asset objects reloaded before import = 0Number of asset objects unloaded after import = 39

========================================================================
Received Prepare
Begin MonoManager ReloadAssembly
- Loaded All Assemblies, in  2.344 seconds
Refreshing native plugins compatible for Editor in 8.10 ms, found 3 plugins.
Native extension for OSXStandalone target not found
Native extension for WebGL target not found
Mono: successfully reloaded assembly
- Finished resetting the current domain, in  1.916 seconds
Domain Reload Profiling: 4263ms
	BeginReloadAssembly (493ms)
		ExecutionOrderSort (0ms)
		DisableScriptedObjects (48ms)
		BackupInstance (0ms)
		ReleaseScriptingObjects (0ms)
		CreateAndSetChildDomain (162ms)
	RebuildCommonClasses (84ms)
	RebuildNativeTypeToScriptingClass (25ms)
	initialDomainReloadingComplete (55ms)
	LoadAllAssembliesAndSetupDomain (1690ms)
		LoadAssemblies (1468ms)
		RebuildTransferFunctionScriptingTraits (0ms)
		AnalyzeDomain (444ms)
			TypeCache.Refresh (12ms)
				TypeCache.ScanAssembly (0ms)
			BuildScriptInfoCaches (400ms)
			ResolveRequiredComponents (24ms)
	FinalizeReload (1917ms)
		ReleaseScriptCaches (0ms)
		RebuildScriptCaches (0ms)
		SetupLoadedEditorAssemblies (1457ms)
			LogAssemblyErrors (0ms)
			InitializePlatformSupportModulesInManaged (8ms)
			SetLoadedEditorAssemblies (12ms)
			BeforeProcessingInitializeOnLoad (281ms)
			ProcessInitializeOnLoadAttributes (993ms)
			ProcessInitializeOnLoadMethodAttributes (161ms)
			AfterProcessingInitializeOnLoad (2ms)
			EditorAssembliesLoaded (0ms)
		ExecutionOrderSort2 (0ms)
		AwakeInstancesAfterBackupRestoration (27ms)
Refreshing native plugins compatible for Editor in 6.71 ms, found 3 plugins.
Preloading 0 native plugins for Editor in 0.00 ms.
Unloading 14 Unused Serialized files (Serialized files now loaded: 0)
Unloading 6536 unused Assets / (4.4 MB). Loaded Objects now: 7376.
Memory consumption went from 161.5 MB to 157.1 MB.
Total: 13.691288 ms (FindLiveObjects: 0.801426 ms CreateObjectMapping: 1.366584 ms MarkObjects: 8.687054 ms  DeleteObjects: 2.834838 ms)

Prepare: number of updated asset objects reloaded= 0
========================================================================
Received Import Request.
  Time since last request: 193.012034 seconds.
  path: Assets/Prefabs/Bluebillion.prefab
  artifactKey: Guid(c5ac31c651ea04b59b09dd36ac16b570) Importer(815301076,1909f56bfc062723c751e8b465ee728b)
Start importing Assets/Prefabs/Bluebillion.prefab using Guid(c5ac31c651ea04b59b09dd36ac16b570) Importer(815301076,1909f56bfc062723c751e8b465ee728b) (PreviewImporter) -> (artifact id: '60ce424e986d682e9e5ec2c478688443') in 2.251766005 seconds
Number of updated asset objects reloaded before import = 0Number of asset objects unloaded after import = 39

========================================================================
Received Import Request.
  Time since last request: 2.615955 seconds.
  path: Assets/Prefabs/GreenBillion.prefab
  artifactKey: Guid(d550eaa00326e42d1989591084ce60c0) Importer(815301076,1909f56bfc062723c751e8b465ee728b)
Start importing Assets/Prefabs/GreenBillion.prefab using Guid(d550eaa00326e42d1989591084ce60c0) Importer(815301076,1909f56bfc062723c751e8b465ee728b) (PreviewImporter) -> (artifact id: 'b34229c08dbc05751fadf1d3393ed3cd') in 0.024364108 seconds
Number of updated asset objects reloaded before import = 0Number of asset objects unloaded after import = 39

========================================================================
Received Import Request.
  Time since last request: 4.064371 seconds.
  path: Assets/Prefabs/RedBillion.prefab
  artifactKey: Guid(014ea5968ff3649a1a9ae9c96e2e3e09) Importer(815301076,1909f56bfc062723c751e8b465ee728b)
Start importing Assets/Prefabs/RedBillion.prefab using Guid(014ea5968ff3649a1a9ae9c96e2e3e09) Importer(815301076,1909f56bfc062723c751e8b465ee728b) (PreviewImporter) -> (artifact id: '91ae68947e039b309ab90e0edd52d322') in 0.036737645 seconds
Number of updated asset objects reloaded before import = 0Number of asset objects unloaded after import = 39

========================================================================
Received Import Request.
  Time since last request: 4.105862 seconds.
  path: Assets/Prefabs/ufoYellow_0 1.prefab
  artifactKey: Guid(3400f83655c684d7bb2949f458323c67) Importer(815301076,1909f56bfc062723c751e8b465ee728b)
Start importing Assets/Prefabs/ufoYellow_0 1.prefab using Guid(3400f83655c684d7bb2949f458323c67) Importer(815301076,1909f56bfc062723c751e8b465ee728b) (PreviewImporter) -> (artifact id: '6d02faa72ca9f44e9b858e6396d2889b') in 0.027970562 seconds
Number of updated asset objects reloaded before import = 0Number of asset objects unloaded after import = 39

========================================================================
Received Prepare
Begin MonoManager ReloadAssembly
- Loaded All Assemblies, in  1.973 seconds
Refreshing native plugins compatible for Editor in 7.64 ms, found 3 plugins.
Native extension for OSXStandalone target not found
Native extension for WebGL target not found
Mono: successfully reloaded assembly
- Finished resetting the current domain, in  1.868 seconds
Domain Reload Profiling: 3845ms
	BeginReloadAssembly (432ms)
		ExecutionOrderSort (0ms)
		DisableScriptedObjects (44ms)
		BackupInstance (0ms)
		ReleaseScriptingObjects (0ms)
		CreateAndSetChildDomain (152ms)
	RebuildCommonClasses (80ms)
	RebuildNativeTypeToScriptingClass (25ms)
	initialDomainReloadingComplete (51ms)
	LoadAllAssembliesAndSetupDomain (1389ms)
		LoadAssemblies (1155ms)
		RebuildTransferFunctionScriptingTraits (0ms)
		AnalyzeDomain (407ms)
			TypeCache.Refresh (11ms)
				TypeCache.ScanAssembly (0ms)
			BuildScriptInfoCaches (366ms)
			ResolveRequiredComponents (22ms)
	FinalizeReload (1869ms)
		ReleaseScriptCaches (0ms)
		RebuildScriptCaches (0ms)
		SetupLoadedEditorAssemblies (1392ms)
			LogAssemblyErrors (0ms)
			InitializePlatformSupportModulesInManaged (9ms)
			SetLoadedEditorAssemblies (11ms)
			BeforeProcessingInitializeOnLoad (242ms)
			ProcessInitializeOnLoadAttributes (965ms)
			ProcessInitializeOnLoadMethodAttributes (163ms)
			AfterProcessingInitializeOnLoad (2ms)
			EditorAssembliesLoaded (0ms)
		ExecutionOrderSort2 (0ms)
		AwakeInstancesAfterBackupRestoration (33ms)
Refreshing native plugins compatible for Editor in 9.61 ms, found 3 plugins.
Preloading 0 native plugins for Editor in 0.00 ms.
Unloading 14 Unused Serialized files (Serialized files now loaded: 0)
Unloading 6536 unused Assets / (4.2 MB). Loaded Objects now: 7400.
Memory consumption went from 163.1 MB to 158.9 MB.
Total: 18.105140 ms (FindLiveObjects: 1.420713 ms CreateObjectMapping: 2.114160 ms MarkObjects: 10.908058 ms  DeleteObjects: 3.660631 ms)

Prepare: number of updated asset objects reloaded= 0
========================================================================
Received Import Request.
  Time since last request: 142.700953 seconds.
  path: Assets/Scripts/BaseController.cs
  artifactKey: Guid(36869283c710b495b93355a8ae93f905) Importer(815301076,1909f56bfc062723c751e8b465ee728b)
Start importing Assets/Scripts/BaseController.cs using Guid(36869283c710b495b93355a8ae93f905) Importer(815301076,1909f56bfc062723c751e8b465ee728b) (PreviewImporter) -> (artifact id: '7b507af357842ac48b083bdaec5e3e95') in 0.002411343 seconds
Number of updated asset objects reloaded before import = 0Number of asset objects unloaded after import = 0

========================================================================
Received Prepare
Begin MonoManager ReloadAssembly
- Loaded All Assemblies, in  3.383 seconds
Refreshing native plugins compatible for Editor in 5.78 ms, found 3 plugins.
Native extension for OSXStandalone target not found
Native extension for WebGL target not found
Mono: successfully reloaded assembly
- Finished resetting the current domain, in  2.179 seconds
Domain Reload Profiling: 5566ms
	BeginReloadAssembly (544ms)
		ExecutionOrderSort (0ms)
		DisableScriptedObjects (27ms)
		BackupInstance (0ms)
		ReleaseScriptingObjects (0ms)
		CreateAndSetChildDomain (143ms)
	RebuildCommonClasses (115ms)
	RebuildNativeTypeToScriptingClass (25ms)
	initialDomainReloadingComplete (54ms)
	LoadAllAssembliesAndSetupDomain (2649ms)
		LoadAssemblies (2545ms)
		RebuildTransferFunctionScriptingTraits (0ms)
		AnalyzeDomain (415ms)
			TypeCache.Refresh (16ms)
				TypeCache.ScanAssembly (0ms)
			BuildScriptInfoCaches (368ms)
			ResolveRequiredComponents (23ms)
	FinalizeReload (2180ms)
		ReleaseScriptCaches (0ms)
		RebuildScriptCaches (0ms)
		SetupLoadedEditorAssemblies (1639ms)
			LogAssemblyErrors (0ms)
			InitializePlatformSupportModulesInManaged (7ms)
			SetLoadedEditorAssemblies (9ms)
			BeforeProcessingInitializeOnLoad (233ms)
			ProcessInitializeOnLoadAttributes (1067ms)
			ProcessInitializeOnLoadMethodAttributes (320ms)
			AfterProcessingInitializeOnLoad (3ms)
			EditorAssembliesLoaded (1ms)
		ExecutionOrderSort2 (0ms)
		AwakeInstancesAfterBackupRestoration (69ms)
Refreshing native plugins compatible for Editor in 6.98 ms, found 3 plugins.
Preloading 0 native plugins for Editor in 0.00 ms.
Unloading 14 Unused Serialized files (Serialized files now loaded: 0)
Unloading 6536 unused Assets / (4.3 MB). Loaded Objects now: 7402.
Memory consumption went from 162.6 MB to 158.3 MB.
Total: 14.526457 ms (FindLiveObjects: 1.198597 ms CreateObjectMapping: 1.662834 ms MarkObjects: 8.846084 ms  DeleteObjects: 2.817525 ms)

Prepare: number of updated asset objects reloaded= 0
========================================================================
Received Prepare
Begin MonoManager ReloadAssembly
- Loaded All Assemblies, in  1.904 seconds
Refreshing native plugins compatible for Editor in 6.92 ms, found 3 plugins.
Native extension for OSXStandalone target not found
Native extension for WebGL target not found
Mono: successfully reloaded assembly
- Finished resetting the current domain, in  1.966 seconds
Domain Reload Profiling: 3874ms
	BeginReloadAssembly (403ms)
		ExecutionOrderSort (0ms)
		DisableScriptedObjects (27ms)
		BackupInstance (0ms)
		ReleaseScriptingObjects (0ms)
		CreateAndSetChildDomain (131ms)
	RebuildCommonClasses (80ms)
	RebuildNativeTypeToScriptingClass (24ms)
	initialDomainReloadingComplete (50ms)
	LoadAllAssembliesAndSetupDomain (1349ms)
		LoadAssemblies (1126ms)
		RebuildTransferFunctionScriptingTraits (0ms)
		AnalyzeDomain (407ms)
			TypeCache.Refresh (11ms)
				TypeCache.ScanAssembly (0ms)
			BuildScriptInfoCaches (365ms)
			ResolveRequiredComponents (22ms)
	FinalizeReload (1967ms)
		ReleaseScriptCaches (0ms)
		RebuildScriptCaches (0ms)
		SetupLoadedEditorAssemblies (1477ms)
			LogAssemblyErrors (0ms)
			InitializePlatformSupportModulesInManaged (8ms)
			SetLoadedEditorAssemblies (11ms)
			BeforeProcessingInitializeOnLoad (266ms)
			ProcessInitializeOnLoadAttributes (1029ms)
			ProcessInitializeOnLoadMethodAttributes (160ms)
			AfterProcessingInitializeOnLoad (2ms)
			EditorAssembliesLoaded (0ms)
		ExecutionOrderSort2 (0ms)
		AwakeInstancesAfterBackupRestoration (34ms)
Refreshing native plugins compatible for Editor in 6.85 ms, found 3 plugins.
Preloading 0 native plugins for Editor in 0.00 ms.
Unloading 14 Unused Serialized files (Serialized files now loaded: 0)
Unloading 6536 unused Assets / (4.1 MB). Loaded Objects now: 7404.
Memory consumption went from 162.6 MB to 158.5 MB.
Total: 13.596279 ms (FindLiveObjects: 0.898656 ms CreateObjectMapping: 1.502330 ms MarkObjects: 8.149337 ms  DeleteObjects: 3.044729 ms)

Prepare: number of updated asset objects reloaded= 0
========================================================================
Received Import Request.
  Time since last request: 683.186166 seconds.
  path: Assets/Prefabs/Bluebillion.prefab
  artifactKey: Guid(c5ac31c651ea04b59b09dd36ac16b570) Importer(815301076,1909f56bfc062723c751e8b465ee728b)
Start importing Assets/Prefabs/Bluebillion.prefab using Guid(c5ac31c651ea04b59b09dd36ac16b570) Importer(815301076,1909f56bfc062723c751e8b465ee728b) (PreviewImporter) -> (artifact id: '6439a9b4a122e41b2f42d1eba182e41b') in 0.881003921 seconds
Number of updated asset objects reloaded before import = 0Number of asset objects unloaded after import = 39

========================================================================
Received Import Request.
  Time since last request: 0.000095 seconds.
  path: Assets/Prefabs/ufoRed_0.prefab
  artifactKey: Guid(a547c1f627a154978bb66382d41eece0) Importer(815301076,1909f56bfc062723c751e8b465ee728b)
Start importing Assets/Prefabs/ufoRed_0.prefab using Guid(a547c1f627a154978bb66382d41eece0) Importer(815301076,1909f56bfc062723c751e8b465ee728b) (PreviewImporter) -> (artifact id: '3b5c869950f186147a9e424b7020523a') in 0.020302343 seconds
Number of updated asset objects reloaded before import = 0Number of asset objects unloaded after import = 39

========================================================================
Received Import Request.
  Time since last request: 0.000067 seconds.
  path: Assets/Prefabs/ufoYellow_0 1.prefab
  artifactKey: Guid(3400f83655c684d7bb2949f458323c67) Importer(815301076,1909f56bfc062723c751e8b465ee728b)
Start importing Assets/Prefabs/ufoYellow_0 1.prefab using Guid(3400f83655c684d7bb2949f458323c67) Importer(815301076,1909f56bfc062723c751e8b465ee728b) (PreviewImporter) -> (artifact id: 'f3bdb60aa98a703b2992aed0458db32f') in 0.019906738 seconds
Number of updated asset objects reloaded before import = 0Number of asset objects unloaded after import = 39

========================================================================
Received Import Request.
  Time since last request: 0.000070 seconds.
  path: Assets/Prefabs/ufoGreen_0 1.prefab
  artifactKey: Guid(69c19e44f85a349d0bed408a1ebcaeb7) Importer(815301076,1909f56bfc062723c751e8b465ee728b)
Start importing Assets/Prefabs/ufoGreen_0 1.prefab using Guid(69c19e44f85a349d0bed408a1ebcaeb7) Importer(815301076,1909f56bfc062723c751e8b465ee728b) (PreviewImporter) -> (artifact id: 'a6a46ce2b7b30944d21321c4cc362fdd') in 0.019984412 seconds
Number of updated asset objects reloaded before import = 0Number of asset objects unloaded after import = 39

========================================================================
Received Prepare
Begin MonoManager ReloadAssembly
- Loaded All Assemblies, in  1.927 seconds
Refreshing native plugins compatible for Editor in 7.34 ms, found 3 plugins.
Native extension for OSXStandalone target not found
Native extension for WebGL target not found
Mono: successfully reloaded assembly
- Finished resetting the current domain, in  1.993 seconds
Domain Reload Profiling: 3923ms
	BeginReloadAssembly (424ms)
		ExecutionOrderSort (0ms)
		DisableScriptedObjects (49ms)
		BackupInstance (0ms)
		ReleaseScriptingObjects (0ms)
		CreateAndSetChildDomain (152ms)
	RebuildCommonClasses (81ms)
	RebuildNativeTypeToScriptingClass (25ms)
	initialDomainReloadingComplete (51ms)
	LoadAllAssembliesAndSetupDomain (1348ms)
		LoadAssemblies (1106ms)
		RebuildTransferFunctionScriptingTraits (0ms)
		AnalyzeDomain (405ms)
			TypeCache.Refresh (11ms)
				TypeCache.ScanAssembly (0ms)
			BuildScriptInfoCaches (364ms)
			ResolveRequiredComponents (23ms)
	FinalizeReload (1994ms)
		ReleaseScriptCaches (0ms)
		RebuildScriptCaches (0ms)
		SetupLoadedEditorAssemblies (1577ms)
			LogAssemblyErrors (0ms)
			InitializePlatformSupportModulesInManaged (8ms)
			SetLoadedEditorAssemblies (11ms)
			BeforeProcessingInitializeOnLoad (273ms)
			ProcessInitializeOnLoadAttributes (1135ms)
			ProcessInitializeOnLoadMethodAttributes (147ms)
			AfterProcessingInitializeOnLoad (1ms)
			EditorAssembliesLoaded (0ms)
		ExecutionOrderSort2 (0ms)
		AwakeInstancesAfterBackupRestoration (32ms)
Refreshing native plugins compatible for Editor in 6.88 ms, found 3 plugins.
Preloading 0 native plugins for Editor in 0.00 ms.
Unloading 14 Unused Serialized files (Serialized files now loaded: 0)
Unloading 6536 unused Assets / (4.6 MB). Loaded Objects now: 7428.
Memory consumption went from 164.4 MB to 159.8 MB.
Total: 16.297350 ms (FindLiveObjects: 1.047462 ms CreateObjectMapping: 1.909657 ms MarkObjects: 9.985333 ms  DeleteObjects: 3.353478 ms)

Prepare: number of updated asset objects reloaded= 0
========================================================================
Received Prepare
Begin MonoManager ReloadAssembly
- Loaded All Assemblies, in  2.224 seconds
Refreshing native plugins compatible for Editor in 6.33 ms, found 3 plugins.
Native extension for OSXStandalone target not found
Native extension for WebGL target not found
Mono: successfully reloaded assembly
- Finished resetting the current domain, in  1.642 seconds
Domain Reload Profiling: 3869ms
	BeginReloadAssembly (412ms)
		ExecutionOrderSort (0ms)
		DisableScriptedObjects (27ms)
		BackupInstance (0ms)
		ReleaseScriptingObjects (0ms)
		CreateAndSetChildDomain (133ms)
	RebuildCommonClasses (84ms)
	RebuildNativeTypeToScriptingClass (25ms)
	initialDomainReloadingComplete (54ms)
	LoadAllAssembliesAndSetupDomain (1653ms)
		LoadAssemblies (1400ms)
		RebuildTransferFunctionScriptingTraits (0ms)
		AnalyzeDomain (443ms)
			TypeCache.Refresh (17ms)
				TypeCache.ScanAssembly (1ms)
			BuildScriptInfoCaches (395ms)
			ResolveRequiredComponents (23ms)
	FinalizeReload (1642ms)
		ReleaseScriptCaches (0ms)
		RebuildScriptCaches (0ms)
		SetupLoadedEditorAssemblies (1245ms)
			LogAssemblyErrors (0ms)
			InitializePlatformSupportModulesInManaged (7ms)
			SetLoadedEditorAssemblies (9ms)
			BeforeProcessingInitializeOnLoad (227ms)
			ProcessInitializeOnLoadAttributes (869ms)
			ProcessInitializeOnLoadMethodAttributes (131ms)
			AfterProcessingInitializeOnLoad (2ms)
			EditorAssembliesLoaded (0ms)
		ExecutionOrderSort2 (0ms)
		AwakeInstancesAfterBackupRestoration (28ms)
Refreshing native plugins compatible for Editor in 6.46 ms, found 3 plugins.
Preloading 0 native plugins for Editor in 0.00 ms.
Unloading 14 Unused Serialized files (Serialized files now loaded: 0)
Unloading 6536 unused Assets / (4.1 MB). Loaded Objects now: 7430.
Memory consumption went from 164.1 MB to 160.0 MB.
Total: 14.463598 ms (FindLiveObjects: 0.898479 ms CreateObjectMapping: 1.604004 ms MarkObjects: 8.454939 ms  DeleteObjects: 3.504781 ms)

Prepare: number of updated asset objects reloaded= 0
========================================================================
Received Prepare
Begin MonoManager ReloadAssembly
- Loaded All Assemblies, in  2.085 seconds
Refreshing native plugins compatible for Editor in 5.90 ms, found 3 plugins.
Native extension for OSXStandalone target not found
Native extension for WebGL target not found
Mono: successfully reloaded assembly
- Finished resetting the current domain, in  1.820 seconds
Domain Reload Profiling: 3909ms
	BeginReloadAssembly (391ms)
		ExecutionOrderSort (0ms)
		DisableScriptedObjects (27ms)
		BackupInstance (0ms)
		ReleaseScriptingObjects (0ms)
		CreateAndSetChildDomain (133ms)
	RebuildCommonClasses (94ms)
	RebuildNativeTypeToScriptingClass (26ms)
	initialDomainReloadingComplete (55ms)
	LoadAllAssembliesAndSetupDomain (1523ms)
		LoadAssemblies (1279ms)
		RebuildTransferFunctionScriptingTraits (0ms)
		AnalyzeDomain (414ms)
			TypeCache.Refresh (11ms)
				TypeCache.ScanAssembly (0ms)
			BuildScriptInfoCaches (371ms)
			ResolveRequiredComponents (23ms)
	FinalizeReload (1821ms)
		ReleaseScriptCaches (0ms)
		RebuildScriptCaches (0ms)
		SetupLoadedEditorAssemblies (1362ms)
			LogAssemblyErrors (0ms)
			InitializePlatformSupportModulesInManaged (9ms)
			SetLoadedEditorAssemblies (11ms)
			BeforeProcessingInitializeOnLoad (253ms)
			ProcessInitializeOnLoadAttributes (949ms)
			ProcessInitializeOnLoadMethodAttributes (137ms)
			AfterProcessingInitializeOnLoad (2ms)
			EditorAssembliesLoaded (0ms)
		ExecutionOrderSort2 (0ms)
		AwakeInstancesAfterBackupRestoration (31ms)
Refreshing native plugins compatible for Editor in 6.67 ms, found 3 plugins.
Preloading 0 native plugins for Editor in 0.00 ms.
Unloading 14 Unused Serialized files (Serialized files now loaded: 0)
Unloading 6536 unused Assets / (3.9 MB). Loaded Objects now: 7432.
Memory consumption went from 164.0 MB to 160.1 MB.
Total: 14.868362 ms (FindLiveObjects: 1.065381 ms CreateObjectMapping: 1.567767 ms MarkObjects: 8.981344 ms  DeleteObjects: 3.252359 ms)

Prepare: number of updated asset objects reloaded= 0
========================================================================
Received Import Request.
  Time since last request: 210.257943 seconds.
  path: Assets/Prefabs/ufoRed_0.prefab
  artifactKey: Guid(a547c1f627a154978bb66382d41eece0) Importer(815301076,1909f56bfc062723c751e8b465ee728b)
Start importing Assets/Prefabs/ufoRed_0.prefab using Guid(a547c1f627a154978bb66382d41eece0) Importer(815301076,1909f56bfc062723c751e8b465ee728b) (PreviewImporter) -> (artifact id: '3b8a8e942ec01d2e141118b4aa8b676e') in 0.884192725 seconds
Number of updated asset objects reloaded before import = 0Number of asset objects unloaded after import = 39

========================================================================
Received Import Request.
  Time since last request: 0.000088 seconds.
  path: Assets/Prefabs/YellowBillion 1.prefab
  artifactKey: Guid(9c2c41eff4aec4941a53703beecd64d9) Importer(815301076,1909f56bfc062723c751e8b465ee728b)
Start importing Assets/Prefabs/YellowBillion 1.prefab using Guid(9c2c41eff4aec4941a53703beecd64d9) Importer(815301076,1909f56bfc062723c751e8b465ee728b) (PreviewImporter) -> (artifact id: '879d4f6770c2dae27bc5d788d792c2ea') in 0.069630045 seconds
Number of updated asset objects reloaded before import = 0Number of asset objects unloaded after import = 39

========================================================================
Received Import Request.
  Time since last request: 0.000160 seconds.
  path: Assets/Prefabs/GreenBillion.prefab
  artifactKey: Guid(d550eaa00326e42d1989591084ce60c0) Importer(815301076,1909f56bfc062723c751e8b465ee728b)
Start importing Assets/Prefabs/GreenBillion.prefab using Guid(d550eaa00326e42d1989591084ce60c0) Importer(815301076,1909f56bfc062723c751e8b465ee728b) (PreviewImporter) -> (artifact id: '6fab91013d37fbbddde9cc2137c673c7') in 0.019915944 seconds
Number of updated asset objects reloaded before import = 0Number of asset objects unloaded after import = 39

========================================================================
Received Import Request.
  Time since last request: 0.000117 seconds.
  path: Assets/Prefabs/Bluebillion.prefab
  artifactKey: Guid(c5ac31c651ea04b59b09dd36ac16b570) Importer(815301076,1909f56bfc062723c751e8b465ee728b)
Start importing Assets/Prefabs/Bluebillion.prefab using Guid(c5ac31c651ea04b59b09dd36ac16b570) Importer(815301076,1909f56bfc062723c751e8b465ee728b) (PreviewImporter) -> (artifact id: '0761265d1f8b4d865ad5e357f6c39e26') in 0.020187082 seconds
Number of updated asset objects reloaded before import = 0Number of asset objects unloaded after import = 39

========================================================================
Received Import Request.
  Time since last request: 0.000089 seconds.
  path: Assets/Prefabs/ufoBlue_0.prefab
  artifactKey: Guid(9e595ff65a7894a988fec53888174e78) Importer(815301076,1909f56bfc062723c751e8b465ee728b)
Start importing Assets/Prefabs/ufoBlue_0.prefab using Guid(9e595ff65a7894a988fec53888174e78) Importer(815301076,1909f56bfc062723c751e8b465ee728b) (PreviewImporter) -> (artifact id: '9fbf2c3eb1b61df56d80d4cbe60dc1e7') in 0.019849005 seconds
Number of updated asset objects reloaded before import = 0Number of asset objects unloaded after import = 39

========================================================================
Received Import Request.
  Time since last request: 0.000076 seconds.
  path: Assets/Prefabs/ufoYellow_0 1.prefab
  artifactKey: Guid(3400f83655c684d7bb2949f458323c67) Importer(815301076,1909f56bfc062723c751e8b465ee728b)
Start importing Assets/Prefabs/ufoYellow_0 1.prefab using Guid(3400f83655c684d7bb2949f458323c67) Importer(815301076,1909f56bfc062723c751e8b465ee728b) (PreviewImporter) -> (artifact id: '44a7b18b3dc6b46fe007744028083b37') in 0.020472337 seconds
Number of updated asset objects reloaded before import = 0Number of asset objects unloaded after import = 39

========================================================================
Received Import Request.
  Time since last request: 0.000104 seconds.
  path: Assets/Prefabs/RedBillion.prefab
  artifactKey: Guid(014ea5968ff3649a1a9ae9c96e2e3e09) Importer(815301076,1909f56bfc062723c751e8b465ee728b)
Start importing Assets/Prefabs/RedBillion.prefab using Guid(014ea5968ff3649a1a9ae9c96e2e3e09) Importer(815301076,1909f56bfc062723c751e8b465ee728b) (PreviewImporter) -> (artifact id: '676e64a3371eacf5b0197eedd07b7795') in 0.021412169 seconds
Number of updated asset objects reloaded before import = 0Number of asset objects unloaded after import = 39

========================================================================
Received Prepare
Begin MonoManager ReloadAssembly
- Loaded All Assemblies, in  4.429 seconds
Refreshing native plugins compatible for Editor in 6.00 ms, found 3 plugins.
Native extension for OSXStandalone target not found
Native extension for WebGL target not found
Mono: successfully reloaded assembly
- Finished resetting the current domain, in  1.722 seconds
Domain Reload Profiling: 6155ms
	BeginReloadAssembly (2095ms)
		ExecutionOrderSort (0ms)
		DisableScriptedObjects (49ms)
		BackupInstance (0ms)
		ReleaseScriptingObjects (0ms)
		CreateAndSetChildDomain (163ms)
	RebuildCommonClasses (147ms)
	RebuildNativeTypeToScriptingClass (25ms)
	initialDomainReloadingComplete (56ms)
	LoadAllAssembliesAndSetupDomain (2108ms)
		LoadAssemblies (3504ms)
		RebuildTransferFunctionScriptingTraits (0ms)
		AnalyzeDomain (427ms)
			TypeCache.Refresh (16ms)
				TypeCache.ScanAssembly (0ms)
			BuildScriptInfoCaches (379ms)
			ResolveRequiredComponents (23ms)
	FinalizeReload (1722ms)
		ReleaseScriptCaches (0ms)
		RebuildScriptCaches (0ms)
		SetupLoadedEditorAssemblies (1301ms)
			LogAssemblyErrors (0ms)
			InitializePlatformSupportModulesInManaged (7ms)
			SetLoadedEditorAssemblies (9ms)
			BeforeProcessingInitializeOnLoad (236ms)
			ProcessInitializeOnLoadAttributes (905ms)
			ProcessInitializeOnLoadMethodAttributes (142ms)
			AfterProcessingInitializeOnLoad (1ms)
			EditorAssembliesLoaded (0ms)
		ExecutionOrderSort2 (0ms)
		AwakeInstancesAfterBackupRestoration (28ms)
Refreshing native plugins compatible for Editor in 5.84 ms, found 3 plugins.
Preloading 0 native plugins for Editor in 0.00 ms.
Unloading 14 Unused Serialized files (Serialized files now loaded: 0)
Unloading 6536 unused Assets / (4.0 MB). Loaded Objects now: 7456.
Memory consumption went from 165.8 MB to 161.8 MB.
Total: 14.182681 ms (FindLiveObjects: 0.804520 ms CreateObjectMapping: 1.506320 ms MarkObjects: 8.936117 ms  DeleteObjects: 2.934093 ms)

Prepare: number of updated asset objects reloaded= 0
========================================================================
Received Prepare
Begin MonoManager ReloadAssembly
- Loaded All Assemblies, in  2.171 seconds
Refreshing native plugins compatible for Editor in 7.04 ms, found 3 plugins.
Native extension for OSXStandalone target not found
Native extension for WebGL target not found
Mono: successfully reloaded assembly
- Finished resetting the current domain, in  1.946 seconds
Domain Reload Profiling: 4120ms
	BeginReloadAssembly (419ms)
		ExecutionOrderSort (0ms)
		DisableScriptedObjects (28ms)
		BackupInstance (0ms)
		ReleaseScriptingObjects (0ms)
		CreateAndSetChildDomain (135ms)
	RebuildCommonClasses (88ms)
	RebuildNativeTypeToScriptingClass (26ms)
	initialDomainReloadingComplete (52ms)
	LoadAllAssembliesAndSetupDomain (1589ms)
		LoadAssemblies (1356ms)
		RebuildTransferFunctionScriptingTraits (0ms)
		AnalyzeDomain (422ms)
			TypeCache.Refresh (11ms)
				TypeCache.ScanAssembly (0ms)
			BuildScriptInfoCaches (377ms)
			ResolveRequiredComponents (24ms)
	FinalizeReload (1947ms)
		ReleaseScriptCaches (0ms)
		RebuildScriptCaches (0ms)
		SetupLoadedEditorAssemblies (1480ms)
			LogAssemblyErrors (0ms)
			InitializePlatformSupportModulesInManaged (8ms)
			SetLoadedEditorAssemblies (11ms)
			BeforeProcessingInitializeOnLoad (278ms)
			ProcessInitializeOnLoadAttributes (1017ms)
			ProcessInitializeOnLoadMethodAttributes (163ms)
			AfterProcessingInitializeOnLoad (2ms)
			EditorAssembliesLoaded (0ms)
		ExecutionOrderSort2 (0ms)
		AwakeInstancesAfterBackupRestoration (38ms)
Refreshing native plugins compatible for Editor in 6.57 ms, found 3 plugins.
Preloading 0 native plugins for Editor in 0.00 ms.
Unloading 14 Unused Serialized files (Serialized files now loaded: 0)
Unloading 6536 unused Assets / (4.0 MB). Loaded Objects now: 7458.
Memory consumption went from 165.5 MB to 161.4 MB.
Total: 15.721951 ms (FindLiveObjects: 1.341959 ms CreateObjectMapping: 1.917662 ms MarkObjects: 9.643492 ms  DeleteObjects: 2.817342 ms)

Prepare: number of updated asset objects reloaded= 0
========================================================================
Received Import Request.
  Time since last request: 65.473649 seconds.
  path: Assets/Prefabs/GreenBillion.prefab
  artifactKey: Guid(d550eaa00326e42d1989591084ce60c0) Importer(815301076,1909f56bfc062723c751e8b465ee728b)
Start importing Assets/Prefabs/GreenBillion.prefab using Guid(d550eaa00326e42d1989591084ce60c0) Importer(815301076,1909f56bfc062723c751e8b465ee728b) (PreviewImporter) -> (artifact id: '4856ea793e3ed130ed633c80c1d46a46') in 1.001796089 seconds
Number of updated asset objects reloaded before import = 0Number of asset objects unloaded after import = 39

========================================================================
Received Import Request.
  Time since last request: 0.000080 seconds.
  path: Assets/Prefabs/ufoBlue_0.prefab
  artifactKey: Guid(9e595ff65a7894a988fec53888174e78) Importer(815301076,1909f56bfc062723c751e8b465ee728b)
Start importing Assets/Prefabs/ufoBlue_0.prefab using Guid(9e595ff65a7894a988fec53888174e78) Importer(815301076,1909f56bfc062723c751e8b465ee728b) (PreviewImporter) -> (artifact id: '2f7adbc949a82f46d806d6794720adaf') in 0.030040744 seconds
Number of updated asset objects reloaded before import = 0Number of asset objects unloaded after import = 39

========================================================================
Received Import Request.
  Time since last request: 0.000117 seconds.
  path: Assets/Prefabs/ufoGreen_0 1.prefab
  artifactKey: Guid(69c19e44f85a349d0bed408a1ebcaeb7) Importer(815301076,1909f56bfc062723c751e8b465ee728b)
Start importing Assets/Prefabs/ufoGreen_0 1.prefab using Guid(69c19e44f85a349d0bed408a1ebcaeb7) Importer(815301076,1909f56bfc062723c751e8b465ee728b) (PreviewImporter) -> (artifact id: 'be5918eaf134b8408174812c9be6a53b') in 0.021703215 seconds
Number of updated asset objects reloaded before import = 0Number of asset objects unloaded after import = 39

========================================================================
Received Prepare
Begin MonoManager ReloadAssembly
- Loaded All Assemblies, in  2.233 seconds
Refreshing native plugins compatible for Editor in 7.98 ms, found 3 plugins.
Native extension for OSXStandalone target not found
Native extension for WebGL target not found
Mono: successfully reloaded assembly
- Finished resetting the current domain, in  2.221 seconds
Domain Reload Profiling: 4459ms
	BeginReloadAssembly (491ms)
		ExecutionOrderSort (0ms)
		DisableScriptedObjects (50ms)
		BackupInstance (0ms)
		ReleaseScriptingObjects (0ms)
		CreateAndSetChildDomain (164ms)
	RebuildCommonClasses (83ms)
	RebuildNativeTypeToScriptingClass (26ms)
	initialDomainReloadingComplete (52ms)
	LoadAllAssembliesAndSetupDomain (1586ms)
		LoadAssemblies (1346ms)
		RebuildTransferFunctionScriptingTraits (0ms)
		AnalyzeDomain (454ms)
			TypeCache.Refresh (12ms)
				TypeCache.ScanAssembly (0ms)
			BuildScriptInfoCaches (401ms)
			ResolveRequiredComponents (32ms)
	FinalizeReload (2222ms)
		ReleaseScriptCaches (0ms)
		RebuildScriptCaches (0ms)
		SetupLoadedEditorAssemblies (1676ms)
			LogAssemblyErrors (0ms)
			InitializePlatformSupportModulesInManaged (11ms)
			SetLoadedEditorAssemblies (14ms)
			BeforeProcessingInitializeOnLoad (322ms)
			ProcessInitializeOnLoadAttributes (1152ms)
			ProcessInitializeOnLoadMethodAttributes (176ms)
			AfterProcessingInitializeOnLoad (2ms)
			EditorAssembliesLoaded (1ms)
		ExecutionOrderSort2 (0ms)
		AwakeInstancesAfterBackupRestoration (40ms)
Refreshing native plugins compatible for Editor in 6.59 ms, found 3 plugins.
Preloading 0 native plugins for Editor in 0.00 ms.
Unloading 14 Unused Serialized files (Serialized files now loaded: 0)
Unloading 6536 unused Assets / (4.4 MB). Loaded Objects now: 7482.
Memory consumption went from 167.3 MB to 162.8 MB.
Total: 15.585893 ms (FindLiveObjects: 1.005862 ms CreateObjectMapping: 1.643331 ms MarkObjects: 9.595864 ms  DeleteObjects: 3.339167 ms)

Prepare: number of updated asset objects reloaded= 0
========================================================================
Received Prepare
Begin MonoManager ReloadAssembly
- Loaded All Assemblies, in  1.907 seconds
Refreshing native plugins compatible for Editor in 5.51 ms, found 3 plugins.
Native extension for OSXStandalone target not found
Native extension for WebGL target not found
Mono: successfully reloaded assembly
- Finished resetting the current domain, in  1.883 seconds
Domain Reload Profiling: 3794ms
	BeginReloadAssembly (388ms)
		ExecutionOrderSort (0ms)
		DisableScriptedObjects (27ms)
		BackupInstance (0ms)
		ReleaseScriptingObjects (0ms)
		CreateAndSetChildDomain (129ms)
	RebuildCommonClasses (81ms)
	RebuildNativeTypeToScriptingClass (25ms)
	initialDomainReloadingComplete (51ms)
	LoadAllAssembliesAndSetupDomain (1364ms)
		LoadAssemblies (1122ms)
		RebuildTransferFunctionScriptingTraits (0ms)
		AnalyzeDomain (412ms)
			TypeCache.Refresh (12ms)
				TypeCache.ScanAssembly (0ms)
			BuildScriptInfoCaches (367ms)
			ResolveRequiredComponents (23ms)
	FinalizeReload (1884ms)
		ReleaseScriptCaches (0ms)
		RebuildScriptCaches (0ms)
		SetupLoadedEditorAssemblies (1440ms)
			LogAssemblyErrors (0ms)
			InitializePlatformSupportModulesInManaged (9ms)
			SetLoadedEditorAssemblies (11ms)
			BeforeProcessingInitializeOnLoad (271ms)
			ProcessInitializeOnLoadAttributes (986ms)
			ProcessInitializeOnLoadMethodAttributes (160ms)
			AfterProcessingInitializeOnLoad (2ms)
			EditorAssembliesLoaded (1ms)
		ExecutionOrderSort2 (0ms)
		AwakeInstancesAfterBackupRestoration (35ms)
Refreshing native plugins compatible for Editor in 6.87 ms, found 3 plugins.
Preloading 0 native plugins for Editor in 0.00 ms.
Unloading 14 Unused Serialized files (Serialized files now loaded: 0)
Unloading 6536 unused Assets / (4.3 MB). Loaded Objects now: 7484.
Memory consumption went from 167.0 MB to 162.6 MB.
Total: 17.141652 ms (FindLiveObjects: 0.943207 ms CreateObjectMapping: 1.943687 ms MarkObjects: 10.101291 ms  DeleteObjects: 4.152073 ms)

Prepare: number of updated asset objects reloaded= 0
========================================================================
Received Prepare
Begin MonoManager ReloadAssembly
- Loaded All Assemblies, in  1.998 seconds
Refreshing native plugins compatible for Editor in 6.12 ms, found 3 plugins.
Native extension for OSXStandalone target not found
Native extension for WebGL target not found
Mono: successfully reloaded assembly
- Finished resetting the current domain, in  1.867 seconds
Domain Reload Profiling: 3870ms
	BeginReloadAssembly (396ms)
		ExecutionOrderSort (0ms)
		DisableScriptedObjects (27ms)
		BackupInstance (0ms)
		ReleaseScriptingObjects (0ms)
		CreateAndSetChildDomain (139ms)
	RebuildCommonClasses (81ms)
	RebuildNativeTypeToScriptingClass (25ms)
	initialDomainReloadingComplete (50ms)
	LoadAllAssembliesAndSetupDomain (1449ms)
		LoadAssemblies (1212ms)
		RebuildTransferFunctionScriptingTraits (0ms)
		AnalyzeDomain (407ms)
			TypeCache.Refresh (11ms)
				TypeCache.ScanAssembly (0ms)
			BuildScriptInfoCaches (363ms)
			ResolveRequiredComponents (22ms)
	FinalizeReload (1868ms)
		ReleaseScriptCaches (0ms)
		RebuildScriptCaches (0ms)
		SetupLoadedEditorAssemblies (1391ms)
			LogAssemblyErrors (0ms)
			InitializePlatformSupportModulesInManaged (8ms)
			SetLoadedEditorAssemblies (11ms)
			BeforeProcessingInitializeOnLoad (271ms)
			ProcessInitializeOnLoadAttributes (941ms)
			ProcessInitializeOnLoadMethodAttributes (158ms)
			AfterProcessingInitializeOnLoad (2ms)
			EditorAssembliesLoaded (0ms)
		ExecutionOrderSort2 (0ms)
		AwakeInstancesAfterBackupRestoration (39ms)
Refreshing native plugins compatible for Editor in 6.69 ms, found 3 plugins.
Preloading 0 native plugins for Editor in 0.00 ms.
Unloading 14 Unused Serialized files (Serialized files now loaded: 0)
Unloading 6536 unused Assets / (4.0 MB). Loaded Objects now: 7486.
Memory consumption went from 167.0 MB to 163.0 MB.
Total: 15.615542 ms (FindLiveObjects: 0.852866 ms CreateObjectMapping: 1.620717 ms MarkObjects: 9.382863 ms  DeleteObjects: 3.757678 ms)

Prepare: number of updated asset objects reloaded= 0
========================================================================
Received Import Request.
  Time since last request: 149.239798 seconds.
  path: Assets/Prefabs/RedBillion.prefab
  artifactKey: Guid(014ea5968ff3649a1a9ae9c96e2e3e09) Importer(815301076,1909f56bfc062723c751e8b465ee728b)
Start importing Assets/Prefabs/RedBillion.prefab using Guid(014ea5968ff3649a1a9ae9c96e2e3e09) Importer(815301076,1909f56bfc062723c751e8b465ee728b) (PreviewImporter) -> (artifact id: '0e154536e595234decb8ab332dffdd62') in 0.891115179 seconds
Number of updated asset objects reloaded before import = 0Number of asset objects unloaded after import = 39

========================================================================
Received Prepare
Begin MonoManager ReloadAssembly
- Loaded All Assemblies, in  1.956 seconds
Refreshing native plugins compatible for Editor in 7.26 ms, found 3 plugins.
Native extension for OSXStandalone target not found
Native extension for WebGL target not found
Mono: successfully reloaded assembly
- Finished resetting the current domain, in  2.005 seconds
Domain Reload Profiling: 3965ms
	BeginReloadAssembly (434ms)
		ExecutionOrderSort (0ms)
		DisableScriptedObjects (49ms)
		BackupInstance (0ms)
		ReleaseScriptingObjects (0ms)
		CreateAndSetChildDomain (153ms)
	RebuildCommonClasses (82ms)
	RebuildNativeTypeToScriptingClass (26ms)
	initialDomainReloadingComplete (51ms)
	LoadAllAssembliesAndSetupDomain (1366ms)
		LoadAssemblies (1119ms)
		RebuildTransferFunctionScriptingTraits (0ms)
		AnalyzeDomain (420ms)
			TypeCache.Refresh (11ms)
				TypeCache.ScanAssembly (0ms)
			BuildScriptInfoCaches (376ms)
			ResolveRequiredComponents (23ms)
	FinalizeReload (2007ms)
		ReleaseScriptCaches (0ms)
		RebuildScriptCaches (0ms)
		SetupLoadedEditorAssemblies (1501ms)
			LogAssemblyErrors (0ms)
			InitializePlatformSupportModulesInManaged (9ms)
			SetLoadedEditorAssemblies (12ms)
			BeforeProcessingInitializeOnLoad (276ms)
			ProcessInitializeOnLoadAttributes (1037ms)
			ProcessInitializeOnLoadMethodAttributes (166ms)
			AfterProcessingInitializeOnLoad (2ms)
			EditorAssembliesLoaded (0ms)
		ExecutionOrderSort2 (0ms)
		AwakeInstancesAfterBackupRestoration (37ms)
Refreshing native plugins compatible for Editor in 7.26 ms, found 3 plugins.
Preloading 0 native plugins for Editor in 0.00 ms.
Unloading 14 Unused Serialized files (Serialized files now loaded: 0)
Unloading 6536 unused Assets / (4.2 MB). Loaded Objects now: 7510.
Memory consumption went from 168.7 MB to 164.5 MB.
Total: 16.437034 ms (FindLiveObjects: 1.122476 ms CreateObjectMapping: 1.840887 ms MarkObjects: 9.951876 ms  DeleteObjects: 3.520400 ms)

Prepare: number of updated asset objects reloaded= 0
========================================================================
Received Prepare
Begin MonoManager ReloadAssembly
- Loaded All Assemblies, in  1.965 seconds
Refreshing native plugins compatible for Editor in 6.89 ms, found 3 plugins.
Native extension for OSXStandalone target not found
Native extension for WebGL target not found
Mono: successfully reloaded assembly
- Finished resetting the current domain, in  1.893 seconds
Domain Reload Profiling: 3862ms
	BeginReloadAssembly (412ms)
		ExecutionOrderSort (0ms)
		DisableScriptedObjects (27ms)
		BackupInstance (0ms)
		ReleaseScriptingObjects (0ms)
		CreateAndSetChildDomain (134ms)
	RebuildCommonClasses (81ms)
	RebuildNativeTypeToScriptingClass (25ms)
	initialDomainReloadingComplete (51ms)
	LoadAllAssembliesAndSetupDomain (1399ms)
		LoadAssemblies (1159ms)
		RebuildTransferFunctionScriptingTraits (0ms)
		AnalyzeDomain (429ms)
			TypeCache.Refresh (16ms)
				TypeCache.ScanAssembly (0ms)
			BuildScriptInfoCaches (379ms)
			ResolveRequiredComponents (25ms)
	FinalizeReload (1894ms)
		ReleaseScriptCaches (0ms)
		RebuildScriptCaches (0ms)
		SetupLoadedEditorAssemblies (1425ms)
			LogAssemblyErrors (0ms)
			InitializePlatformSupportModulesInManaged (8ms)
			SetLoadedEditorAssemblies (11ms)
			BeforeProcessingInitializeOnLoad (268ms)
			ProcessInitializeOnLoadAttributes (991ms)
			ProcessInitializeOnLoadMethodAttributes (147ms)
			AfterProcessingInitializeOnLoad (2ms)
			EditorAssembliesLoaded (0ms)
		ExecutionOrderSort2 (0ms)
		AwakeInstancesAfterBackupRestoration (33ms)
Refreshing native plugins compatible for Editor in 6.34 ms, found 3 plugins.
Preloading 0 native plugins for Editor in 0.00 ms.
Unloading 14 Unused Serialized files (Serialized files now loaded: 0)
Unloading 6536 unused Assets / (3.5 MB). Loaded Objects now: 7512.
Memory consumption went from 168.4 MB to 164.8 MB.
Total: 14.464035 ms (FindLiveObjects: 0.863889 ms CreateObjectMapping: 1.604668 ms MarkObjects: 9.172153 ms  DeleteObjects: 2.821299 ms)

Prepare: number of updated asset objects reloaded= 0
========================================================================
Received Import Request.
  Time since last request: 107.397188 seconds.
  path: Assets/Prefabs/YellowBillion 1.prefab
  artifactKey: Guid(9c2c41eff4aec4941a53703beecd64d9) Importer(815301076,1909f56bfc062723c751e8b465ee728b)
Start importing Assets/Prefabs/YellowBillion 1.prefab using Guid(9c2c41eff4aec4941a53703beecd64d9) Importer(815301076,1909f56bfc062723c751e8b465ee728b) (PreviewImporter) -> (artifact id: '97925dc70912a0680c8140ebb7a2003a') in 0.900064033 seconds
Number of updated asset objects reloaded before import = 0Number of asset objects unloaded after import = 39

========================================================================
Received Import Request.
  Time since last request: 0.000090 seconds.
  path: Assets/Prefabs/Bluebillion.prefab
  artifactKey: Guid(c5ac31c651ea04b59b09dd36ac16b570) Importer(815301076,1909f56bfc062723c751e8b465ee728b)
Start importing Assets/Prefabs/Bluebillion.prefab using Guid(c5ac31c651ea04b59b09dd36ac16b570) Importer(815301076,1909f56bfc062723c751e8b465ee728b) (PreviewImporter) -> (artifact id: 'e1c2d8897c01f215949c5a77054a3a8d') in 0.019794585 seconds
Number of updated asset objects reloaded before import = 0Number of asset objects unloaded after import = 39

========================================================================
Received Import Request.
  Time since last request: 0.000096 seconds.
  path: Assets/Prefabs/ufoBlue_0.prefab
  artifactKey: Guid(9e595ff65a7894a988fec53888174e78) Importer(815301076,1909f56bfc062723c751e8b465ee728b)
Start importing Assets/Prefabs/ufoBlue_0.prefab using Guid(9e595ff65a7894a988fec53888174e78) Importer(815301076,1909f56bfc062723c751e8b465ee728b) (PreviewImporter) -> (artifact id: 'd17553eb8d4c7142005bb2fb23554875') in 0.01829399 seconds
Number of updated asset objects reloaded before import = 0Number of asset objects unloaded after import = 39

========================================================================
Received Import Request.
  Time since last request: 0.000087 seconds.
  path: Assets/Prefabs/RedBillion.prefab
  artifactKey: Guid(014ea5968ff3649a1a9ae9c96e2e3e09) Importer(815301076,1909f56bfc062723c751e8b465ee728b)
Start importing Assets/Prefabs/RedBillion.prefab using Guid(014ea5968ff3649a1a9ae9c96e2e3e09) Importer(815301076,1909f56bfc062723c751e8b465ee728b) (PreviewImporter) -> (artifact id: 'c082905b113337003f2f682a23a2b028') in 0.020315507 seconds
Number of updated asset objects reloaded before import = 0Number of asset objects unloaded after import = 39

========================================================================
Received Prepare
Begin MonoManager ReloadAssembly
- Loaded All Assemblies, in  2.199 seconds
Refreshing native plugins compatible for Editor in 7.38 ms, found 3 plugins.
Native extension for OSXStandalone target not found
Native extension for WebGL target not found
Mono: successfully reloaded assembly
- Finished resetting the current domain, in  2.114 seconds
Domain Reload Profiling: 4318ms
	BeginReloadAssembly (467ms)
		ExecutionOrderSort (0ms)
		DisableScriptedObjects (48ms)
		BackupInstance (0ms)
		ReleaseScriptingObjects (0ms)
		CreateAndSetChildDomain (169ms)
	RebuildCommonClasses (82ms)
	RebuildNativeTypeToScriptingClass (25ms)
	initialDomainReloadingComplete (54ms)
	LoadAllAssembliesAndSetupDomain (1574ms)
		LoadAssemblies (1321ms)
		RebuildTransferFunctionScriptingTraits (0ms)
		AnalyzeDomain (443ms)
			TypeCache.Refresh (11ms)
				TypeCache.ScanAssembly (0ms)
			BuildScriptInfoCaches (398ms)
			ResolveRequiredComponents (24ms)
	FinalizeReload (2115ms)
		ReleaseScriptCaches (0ms)
		RebuildScriptCaches (0ms)
		SetupLoadedEditorAssemblies (1557ms)
			LogAssemblyErrors (0ms)
			InitializePlatformSupportModulesInManaged (10ms)
			SetLoadedEditorAssemblies (13ms)
			BeforeProcessingInitializeOnLoad (308ms)
			ProcessInitializeOnLoadAttributes (1077ms)
			ProcessInitializeOnLoadMethodAttributes (148ms)
			AfterProcessingInitializeOnLoad (2ms)
			EditorAssembliesLoaded (1ms)
		ExecutionOrderSort2 (0ms)
		AwakeInstancesAfterBackupRestoration (44ms)
Refreshing native plugins compatible for Editor in 7.26 ms, found 3 plugins.
Preloading 0 native plugins for Editor in 0.00 ms.
Unloading 14 Unused Serialized files (Serialized files now loaded: 0)
Unloading 6536 unused Assets / (4.3 MB). Loaded Objects now: 7536.
Memory consumption went from 170.2 MB to 165.9 MB.
Total: 16.244674 ms (FindLiveObjects: 1.167252 ms CreateObjectMapping: 1.999717 ms MarkObjects: 9.864622 ms  DeleteObjects: 3.211697 ms)

Prepare: number of updated asset objects reloaded= 0
========================================================================
Received Prepare
Refreshing native plugins compatible for Editor in 6.67 ms, found 3 plugins.
Preloading 0 native plugins for Editor in 0.00 ms.
Unloading 14 Unused Serialized files (Serialized files now loaded: 0)
Unloading 6525 unused Assets / (4.2 MB). Loaded Objects now: 7536.
Memory consumption went from 165.2 MB to 161.0 MB.
Total: 13.623904 ms (FindLiveObjects: 0.918020 ms CreateObjectMapping: 1.396408 ms MarkObjects: 8.376906 ms  DeleteObjects: 2.931526 ms)

Prepare: number of updated asset objects reloaded= 0
========================================================================
Received Import Request.
  Time since last request: 2330.552519 seconds.
  path: Assets/Prefabs/Bluebillion.prefab
  artifactKey: Guid(c5ac31c651ea04b59b09dd36ac16b570) Importer(815301076,1909f56bfc062723c751e8b465ee728b)
Start importing Assets/Prefabs/Bluebillion.prefab using Guid(c5ac31c651ea04b59b09dd36ac16b570) Importer(815301076,1909f56bfc062723c751e8b465ee728b) (PreviewImporter) -> (artifact id: '766c123a725cf2f8f483b9eab5ce60ef') in 0.922028923 seconds
Number of updated asset objects reloaded before import = 0Number of asset objects unloaded after import = 39

========================================================================
Received Import Request.
  Time since last request: 0.000110 seconds.
  path: Assets/Prefabs/ufoRed_0.prefab
  artifactKey: Guid(a547c1f627a154978bb66382d41eece0) Importer(815301076,1909f56bfc062723c751e8b465ee728b)
Start importing Assets/Prefabs/ufoRed_0.prefab using Guid(a547c1f627a154978bb66382d41eece0) Importer(815301076,1909f56bfc062723c751e8b465ee728b) (PreviewImporter) -> (artifact id: '67006568ccec920b82687a796d73df99') in 0.02770278 seconds
Number of updated asset objects reloaded before import = 0Number of asset objects unloaded after import = 39

========================================================================
Received Import Request.
  Time since last request: 0.000105 seconds.
  path: Assets/Prefabs/ufoBlue_0.prefab
  artifactKey: Guid(9e595ff65a7894a988fec53888174e78) Importer(815301076,1909f56bfc062723c751e8b465ee728b)
Start importing Assets/Prefabs/ufoBlue_0.prefab using Guid(9e595ff65a7894a988fec53888174e78) Importer(815301076,1909f56bfc062723c751e8b465ee728b) (PreviewImporter) -> (artifact id: '7fcd52d37671e433ab1e68ce4a01a4ce') in 0.019085235 seconds
Number of updated asset objects reloaded before import = 0Number of asset objects unloaded after import = 39

========================================================================
Received Import Request.
  Time since last request: 0.000099 seconds.
  path: Assets/Prefabs/ufoGreen_0 1.prefab
  artifactKey: Guid(69c19e44f85a349d0bed408a1ebcaeb7) Importer(815301076,1909f56bfc062723c751e8b465ee728b)
Start importing Assets/Prefabs/ufoGreen_0 1.prefab using Guid(69c19e44f85a349d0bed408a1ebcaeb7) Importer(815301076,1909f56bfc062723c751e8b465ee728b) (PreviewImporter) -> (artifact id: '0cfa73ce24449921b01ee04d9512f6ab') in 0.021598247 seconds
Number of updated asset objects reloaded before import = 0Number of asset objects unloaded after import = 39

========================================================================
Received Import Request.
  Time since last request: 60.164555 seconds.
  path: Assets/SpriteSheets/kenney_ui-pack/PNG/Grey
  artifactKey: Guid(80f4895b5166441b5860879c75c6f9d9) Importer(815301076,1909f56bfc062723c751e8b465ee728b)
Start importing Assets/SpriteSheets/kenney_ui-pack/PNG/Grey using Guid(80f4895b5166441b5860879c75c6f9d9) Importer(815301076,1909f56bfc062723c751e8b465ee728b) (PreviewImporter) -> (artifact id: 'f8eda03f97466d9f008aadeb92dbe69b') in 0.001148435 seconds
Number of updated asset objects reloaded before import = 0Number of asset objects unloaded after import = 0

========================================================================
Received Import Request.
  Time since last request: 2.258109 seconds.
  path: Assets/SpriteSheets/kenney_ui-pack/PNG/Grey/Default
  artifactKey: Guid(04f73c3f961e64d229b80467704aed63) Importer(815301076,1909f56bfc062723c751e8b465ee728b)
Start importing Assets/SpriteSheets/kenney_ui-pack/PNG/Grey/Default using Guid(04f73c3f961e64d229b80467704aed63) Importer(815301076,1909f56bfc062723c751e8b465ee728b) (PreviewImporter) -> (artifact id: 'cedd559a683c07bc79412ad61f357f42') in 0.000714104 seconds
Number of updated asset objects reloaded before import = 0Number of asset objects unloaded after import = 0

========================================================================
Received Import Request.
  Time since last request: 106.749593 seconds.
  path: Assets/Prefabs/button_rectangle_depth_flat_0 (3).prefab
  artifactKey: Guid(5c75235c780d44033a90163caa1ac078) Importer(815301076,1909f56bfc062723c751e8b465ee728b)
Start importing Assets/Prefabs/button_rectangle_depth_flat_0 (3).prefab using Guid(5c75235c780d44033a90163caa1ac078) Importer(815301076,1909f56bfc062723c751e8b465ee728b) (PreviewImporter) -> (artifact id: '31f32213fba0c17a317f0ac335223b12') in 0.013509918 seconds
Number of updated asset objects reloaded before import = 0Number of asset objects unloaded after import = 7

========================================================================
Received Import Request.
  Time since last request: 0.018440 seconds.
  path: Assets/Prefabs/button_rectangle_depth_flat_0.prefab
  artifactKey: Guid(3a81bfa43216b43eea78c35b49683d57) Importer(815301076,1909f56bfc062723c751e8b465ee728b)
Start importing Assets/Prefabs/button_rectangle_depth_flat_0.prefab using Guid(3a81bfa43216b43eea78c35b49683d57) Importer(815301076,1909f56bfc062723c751e8b465ee728b) (PreviewImporter) -> (artifact id: '4b9854045922f13d8eeb175d36c27851') in 0.012969284 seconds
Number of updated asset objects reloaded before import = 0Number of asset objects unloaded after import = 7

========================================================================
Received Import Request.
  Time since last request: 0.000073 seconds.
  path: Assets/Prefabs/button_rectangle_depth_flat_0 (2).prefab
  artifactKey: Guid(a691c82aa6dea4290b7655012278a4f0) Importer(815301076,1909f56bfc062723c751e8b465ee728b)
Start importing Assets/Prefabs/button_rectangle_depth_flat_0 (2).prefab using Guid(a691c82aa6dea4290b7655012278a4f0) Importer(815301076,1909f56bfc062723c751e8b465ee728b) (PreviewImporter) -> (artifact id: '8c4be66805ab13fd442d70327f5902b2') in 0.011641246 seconds
Number of updated asset objects reloaded before import = 0Number of asset objects unloaded after import = 7

========================================================================
Received Import Request.
  Time since last request: 36.885119 seconds.
  path: Assets/Prefabs/button_rectangle_depth_flat_0.prefab
  artifactKey: Guid(3a81bfa43216b43eea78c35b49683d57) Importer(815301076,1909f56bfc062723c751e8b465ee728b)
Start importing Assets/Prefabs/button_rectangle_depth_flat_0.prefab using Guid(3a81bfa43216b43eea78c35b49683d57) Importer(815301076,1909f56bfc062723c751e8b465ee728b) (PreviewImporter) -> (artifact id: 'd71909d477cf20c9306257c4f306af98') in 0.027562084 seconds
Number of updated asset objects reloaded before import = 0Number of asset objects unloaded after import = 7

========================================================================
Received Import Request.
  Time since last request: 2.106648 seconds.
  path: Assets/Prefabs/button_rectangle_depth_flat_0.prefab
  artifactKey: Guid(3a81bfa43216b43eea78c35b49683d57) Importer(815301076,1909f56bfc062723c751e8b465ee728b)
Start importing Assets/Prefabs/button_rectangle_depth_flat_0.prefab using Guid(3a81bfa43216b43eea78c35b49683d57) Importer(815301076,1909f56bfc062723c751e8b465ee728b) (PreviewImporter) -> (artifact id: 'eaf737b35ac6a8d46648f6472ae0c3da') in 0.018292925 seconds
Number of updated asset objects reloaded before import = 0Number of asset objects unloaded after import = 7

========================================================================
Received Import Request.
  Time since last request: 3.363574 seconds.
  path: Assets/Prefabs/button_rectangle_depth_flat_0.prefab
  artifactKey: Guid(3a81bfa43216b43eea78c35b49683d57) Importer(815301076,1909f56bfc062723c751e8b465ee728b)
Start importing Assets/Prefabs/button_rectangle_depth_flat_0.prefab using Guid(3a81bfa43216b43eea78c35b49683d57) Importer(815301076,1909f56bfc062723c751e8b465ee728b) (PreviewImporter) -> (artifact id: '051a28166a1bd28ba3a5ae7020c71f40') in 0.016009838 seconds
Number of updated asset objects reloaded before import = 0Number of asset objects unloaded after import = 7

========================================================================
Received Import Request.
  Time since last request: 10.651200 seconds.
  path: Assets/Prefabs/button_rectangle_depth_flat_0.prefab
  artifactKey: Guid(3a81bfa43216b43eea78c35b49683d57) Importer(815301076,1909f56bfc062723c751e8b465ee728b)
Start importing Assets/Prefabs/button_rectangle_depth_flat_0.prefab using Guid(3a81bfa43216b43eea78c35b49683d57) Importer(815301076,1909f56bfc062723c751e8b465ee728b) (PreviewImporter) -> (artifact id: 'd0cf194019d4bd751a9e0fe937788a5b') in 0.033208731 seconds
Number of updated asset objects reloaded before import = 0Number of asset objects unloaded after import = 7

========================================================================
Received Import Request.
  Time since last request: 7.621693 seconds.
  path: Assets/Prefabs/button_rectangle_depth_flat_0.prefab
  artifactKey: Guid(3a81bfa43216b43eea78c35b49683d57) Importer(815301076,1909f56bfc062723c751e8b465ee728b)
Start importing Assets/Prefabs/button_rectangle_depth_flat_0.prefab using Guid(3a81bfa43216b43eea78c35b49683d57) Importer(815301076,1909f56bfc062723c751e8b465ee728b) (PreviewImporter) -> (artifact id: '620c7416c45602ad1634f94e0baf4a99') in 0.018869982 seconds
Number of updated asset objects reloaded before import = 0Number of asset objects unloaded after import = 7

========================================================================
Received Import Request.
  Time since last request: 14.197361 seconds.
  path: Assets/Prefabs/button_rectangle_depth_flat_0 (1).prefab
  artifactKey: Guid(f144c98522a484e05826bc46853f3811) Importer(815301076,1909f56bfc062723c751e8b465ee728b)
Start importing Assets/Prefabs/button_rectangle_depth_flat_0 (1).prefab using Guid(f144c98522a484e05826bc46853f3811) Importer(815301076,1909f56bfc062723c751e8b465ee728b) (PreviewImporter) -> (artifact id: '590cbaa1fa4aa2944f6a6326341a5686') in 0.0138218 seconds
Number of updated asset objects reloaded before import = 0Number of asset objects unloaded after import = 7

========================================================================
Received Import Request.
  Time since last request: 5.469173 seconds.
  path: Assets/Prefabs/button_rectangle_depth_flat_0 (1).prefab
  artifactKey: Guid(f144c98522a484e05826bc46853f3811) Importer(815301076,1909f56bfc062723c751e8b465ee728b)
Start importing Assets/Prefabs/button_rectangle_depth_flat_0 (1).prefab using Guid(f144c98522a484e05826bc46853f3811) Importer(815301076,1909f56bfc062723c751e8b465ee728b) (PreviewImporter) -> (artifact id: 'c607f0048c78d64fd74c3e4b4270c724') in 0.041401568 seconds
Number of updated asset objects reloaded before import = 0Number of asset objects unloaded after import = 7

========================================================================
Received Import Request.
  Time since last request: 5.138736 seconds.
  path: Assets/Prefabs/button_rectangle_depth_flat_0 (2).prefab
  artifactKey: Guid(a691c82aa6dea4290b7655012278a4f0) Importer(815301076,1909f56bfc062723c751e8b465ee728b)
Start importing Assets/Prefabs/button_rectangle_depth_flat_0 (2).prefab using Guid(a691c82aa6dea4290b7655012278a4f0) Importer(815301076,1909f56bfc062723c751e8b465ee728b) (PreviewImporter) -> (artifact id: '73e51c87d6091cbdc9a3759163a5689c') in 0.012806428 seconds
Number of updated asset objects reloaded before import = 0Number of asset objects unloaded after import = 7

========================================================================
Received Import Request.
  Time since last request: 7.744942 seconds.
  path: Assets/Prefabs/button_rectangle_depth_flat_0 (2).prefab
  artifactKey: Guid(a691c82aa6dea4290b7655012278a4f0) Importer(815301076,1909f56bfc062723c751e8b465ee728b)
Start importing Assets/Prefabs/button_rectangle_depth_flat_0 (2).prefab using Guid(a691c82aa6dea4290b7655012278a4f0) Importer(815301076,1909f56bfc062723c751e8b465ee728b) (PreviewImporter) -> (artifact id: '77346b9e65107a10e85c058e49ba23f2') in 0.037501497 seconds
Number of updated asset objects reloaded before import = 0Number of asset objects unloaded after import = 7

========================================================================
Received Import Request.
  Time since last request: 6.980464 seconds.
  path: Assets/Prefabs/button_rectangle_depth_flat_0 (3).prefab
  artifactKey: Guid(5c75235c780d44033a90163caa1ac078) Importer(815301076,1909f56bfc062723c751e8b465ee728b)
Start importing Assets/Prefabs/button_rectangle_depth_flat_0 (3).prefab using Guid(5c75235c780d44033a90163caa1ac078) Importer(815301076,1909f56bfc062723c751e8b465ee728b) (PreviewImporter) -> (artifact id: '68509f095e98a7dd2ce7bcaad193579a') in 0.011416857 seconds
Number of updated asset objects reloaded before import = 0Number of asset objects unloaded after import = 7

========================================================================
Received Import Request.
  Time since last request: 2.131710 seconds.
  path: Assets/Prefabs/button_rectangle_depth_flat_0 (3).prefab
  artifactKey: Guid(5c75235c780d44033a90163caa1ac078) Importer(815301076,1909f56bfc062723c751e8b465ee728b)
Start importing Assets/Prefabs/button_rectangle_depth_flat_0 (3).prefab using Guid(5c75235c780d44033a90163caa1ac078) Importer(815301076,1909f56bfc062723c751e8b465ee728b) (PreviewImporter) -> (artifact id: '46d35d7596a17ff5795504129df393fc') in 0.017152545 seconds
Number of updated asset objects reloaded before import = 0Number of asset objects unloaded after import = 7

========================================================================
Received Import Request.
  Time since last request: 347.216901 seconds.
  path: Assets/Prefabs/button_rectangle_depth_flat_0.prefab
  artifactKey: Guid(3a81bfa43216b43eea78c35b49683d57) Importer(815301076,1909f56bfc062723c751e8b465ee728b)
Start importing Assets/Prefabs/button_rectangle_depth_flat_0.prefab using Guid(3a81bfa43216b43eea78c35b49683d57) Importer(815301076,1909f56bfc062723c751e8b465ee728b) (PreviewImporter) -> (artifact id: 'cd76680daa29e82a4fbfa52e69d66045') in 0.016843434 seconds
Number of updated asset objects reloaded before import = 0Number of asset objects unloaded after import = 8

========================================================================
Received Import Request.
  Time since last request: 0.000109 seconds.
  path: Assets/Prefabs/button_rectangle_depth_flat_0 (3).prefab
  artifactKey: Guid(5c75235c780d44033a90163caa1ac078) Importer(815301076,1909f56bfc062723c751e8b465ee728b)
Start importing Assets/Prefabs/button_rectangle_depth_flat_0 (3).prefab using Guid(5c75235c780d44033a90163caa1ac078) Importer(815301076,1909f56bfc062723c751e8b465ee728b) (PreviewImporter) -> (artifact id: '7d9c20d12742c564c62ceb24ad8a4a30') in 0.01362617 seconds
Number of updated asset objects reloaded before import = 0Number of asset objects unloaded after import = 8

========================================================================
Received Prepare
Begin MonoManager ReloadAssembly
- Loaded All Assemblies, in  1.980 seconds
Refreshing native plugins compatible for Editor in 6.09 ms, found 3 plugins.
Native extension for OSXStandalone target not found
Native extension for WebGL target not found
Mono: successfully reloaded assembly
- Finished resetting the current domain, in  1.615 seconds
Domain Reload Profiling: 3598ms
	BeginReloadAssembly (445ms)
		ExecutionOrderSort (0ms)
		DisableScriptedObjects (47ms)
		BackupInstance (0ms)
		ReleaseScriptingObjects (0ms)
		CreateAndSetChildDomain (153ms)
	RebuildCommonClasses (82ms)
	RebuildNativeTypeToScriptingClass (25ms)
	initialDomainReloadingComplete (51ms)
	LoadAllAssembliesAndSetupDomain (1380ms)
		LoadAssemblies (1149ms)
		RebuildTransferFunctionScriptingTraits (0ms)
		AnalyzeDomain (416ms)
			TypeCache.Refresh (15ms)
				TypeCache.ScanAssembly (0ms)
			BuildScriptInfoCaches (370ms)
			ResolveRequiredComponents (22ms)
	FinalizeReload (1615ms)
		ReleaseScriptCaches (0ms)
		RebuildScriptCaches (0ms)
		SetupLoadedEditorAssemblies (1203ms)
			LogAssemblyErrors (0ms)
			InitializePlatformSupportModulesInManaged (7ms)
			SetLoadedEditorAssemblies (9ms)
			BeforeProcessingInitializeOnLoad (211ms)
			ProcessInitializeOnLoadAttributes (828ms)
			ProcessInitializeOnLoadMethodAttributes (146ms)
			AfterProcessingInitializeOnLoad (2ms)
			EditorAssembliesLoaded (0ms)
		ExecutionOrderSort2 (0ms)
		AwakeInstancesAfterBackupRestoration (36ms)
Refreshing native plugins compatible for Editor in 5.98 ms, found 3 plugins.
Preloading 0 native plugins for Editor in 0.00 ms.
Unloading 14 Unused Serialized files (Serialized files now loaded: 0)
Unloading 6536 unused Assets / (4.5 MB). Loaded Objects now: 7560.
Memory consumption went from 175.4 MB to 170.8 MB.
Total: 13.930702 ms (FindLiveObjects: 0.898852 ms CreateObjectMapping: 1.450480 ms MarkObjects: 8.629153 ms  DeleteObjects: 2.950868 ms)

Prepare: number of updated asset objects reloaded= 0
========================================================================
Received Import Request.
  Time since last request: 130.038924 seconds.
  path: Assets/Prefabs/Bluebillion.prefab
  artifactKey: Guid(c5ac31c651ea04b59b09dd36ac16b570) Importer(815301076,1909f56bfc062723c751e8b465ee728b)
Start importing Assets/Prefabs/Bluebillion.prefab using Guid(c5ac31c651ea04b59b09dd36ac16b570) Importer(815301076,1909f56bfc062723c751e8b465ee728b) (PreviewImporter) -> (artifact id: '67190132f68bb503cdc60ff594b14aa0') in 0.955830993 seconds
Number of updated asset objects reloaded before import = 0Number of asset objects unloaded after import = 39

========================================================================
Received Import Request.
  Time since last request: 0.000081 seconds.
  path: Assets/Prefabs/ufoRed_0.prefab
  artifactKey: Guid(a547c1f627a154978bb66382d41eece0) Importer(815301076,1909f56bfc062723c751e8b465ee728b)
Start importing Assets/Prefabs/ufoRed_0.prefab using Guid(a547c1f627a154978bb66382d41eece0) Importer(815301076,1909f56bfc062723c751e8b465ee728b) (PreviewImporter) -> (artifact id: '8e44f4cbef9e4ad1d2801d5db9a3defc') in 0.02144047 seconds
Number of updated asset objects reloaded before import = 0Number of asset objects unloaded after import = 39

========================================================================
Received Import Request.
  Time since last request: 0.000098 seconds.
  path: Assets/Prefabs/ufoBlue_0.prefab
  artifactKey: Guid(9e595ff65a7894a988fec53888174e78) Importer(815301076,1909f56bfc062723c751e8b465ee728b)
Start importing Assets/Prefabs/ufoBlue_0.prefab using Guid(9e595ff65a7894a988fec53888174e78) Importer(815301076,1909f56bfc062723c751e8b465ee728b) (PreviewImporter) -> (artifact id: 'ed6fbef2111d8aeeeb14646eb650ecc3') in 0.02040885 seconds
Number of updated asset objects reloaded before import = 0Number of asset objects unloaded after import = 39

========================================================================
Received Import Request.
  Time since last request: 0.000094 seconds.
  path: Assets/Prefabs/RedBillion.prefab
  artifactKey: Guid(014ea5968ff3649a1a9ae9c96e2e3e09) Importer(815301076,1909f56bfc062723c751e8b465ee728b)
Start importing Assets/Prefabs/RedBillion.prefab using Guid(014ea5968ff3649a1a9ae9c96e2e3e09) Importer(815301076,1909f56bfc062723c751e8b465ee728b) (PreviewImporter) -> (artifact id: '6c38a50f1c2de92cb394a07d6b9704e9') in 0.019470414 seconds
Number of updated asset objects reloaded before import = 0Number of asset objects unloaded after import = 39

========================================================================
Received Import Request.
  Time since last request: 15.056251 seconds.
  path: Assets/Prefabs/GreenBillion.prefab
  artifactKey: Guid(d550eaa00326e42d1989591084ce60c0) Importer(815301076,1909f56bfc062723c751e8b465ee728b)
Start importing Assets/Prefabs/GreenBillion.prefab using Guid(d550eaa00326e42d1989591084ce60c0) Importer(815301076,1909f56bfc062723c751e8b465ee728b) (PreviewImporter) -> (artifact id: 'aa34e960a80cef3877c23be71ad967dc') in 0.049499607 seconds
Number of updated asset objects reloaded before import = 0Number of asset objects unloaded after import = 46

========================================================================
Received Import Request.
  Time since last request: 8.165805 seconds.
  path: Assets/Prefabs/RedBillion.prefab
  artifactKey: Guid(014ea5968ff3649a1a9ae9c96e2e3e09) Importer(815301076,1909f56bfc062723c751e8b465ee728b)
Start importing Assets/Prefabs/RedBillion.prefab using Guid(014ea5968ff3649a1a9ae9c96e2e3e09) Importer(815301076,1909f56bfc062723c751e8b465ee728b) (PreviewImporter) -> (artifact id: 'fe0caea16346108f0b2b3e1c7ba2f45e') in 0.037811557 seconds
Number of updated asset objects reloaded before import = 0Number of asset objects unloaded after import = 46

========================================================================
Received Import Request.
  Time since last request: 5.506141 seconds.
  path: Assets/Prefabs/ufoYellow_0 1.prefab
  artifactKey: Guid(3400f83655c684d7bb2949f458323c67) Importer(815301076,1909f56bfc062723c751e8b465ee728b)
Start importing Assets/Prefabs/ufoYellow_0 1.prefab using Guid(3400f83655c684d7bb2949f458323c67) Importer(815301076,1909f56bfc062723c751e8b465ee728b) (PreviewImporter) -> (artifact id: 'c911666ea0b3b7922494be4d557a57fc') in 0.019398186 seconds
Number of updated asset objects reloaded before import = 0Number of asset objects unloaded after import = 46

========================================================================
Received Import Request.
  Time since last request: 0.009915 seconds.
  path: Assets/Prefabs/YellowBillion 1.prefab
  artifactKey: Guid(9c2c41eff4aec4941a53703beecd64d9) Importer(815301076,1909f56bfc062723c751e8b465ee728b)
Start importing Assets/Prefabs/YellowBillion 1.prefab using Guid(9c2c41eff4aec4941a53703beecd64d9) Importer(815301076,1909f56bfc062723c751e8b465ee728b) (PreviewImporter) -> (artifact id: '5767babd5692a28767facc2ed0a154b6') in 0.022844099 seconds
Number of updated asset objects reloaded before import = 0Number of asset objects unloaded after import = 46

========================================================================
Received Prepare
Begin MonoManager ReloadAssembly
- Loaded All Assemblies, in  2.145 seconds
Refreshing native plugins compatible for Editor in 9.23 ms, found 3 plugins.
Native extension for OSXStandalone target not found
Native extension for WebGL target not found
Mono: successfully reloaded assembly
- Finished resetting the current domain, in  2.192 seconds
Domain Reload Profiling: 4341ms
	BeginReloadAssembly (452ms)
		ExecutionOrderSort (0ms)
		DisableScriptedObjects (47ms)
		BackupInstance (0ms)
		ReleaseScriptingObjects (0ms)
		CreateAndSetChildDomain (164ms)
	RebuildCommonClasses (81ms)
	RebuildNativeTypeToScriptingClass (26ms)
	initialDomainReloadingComplete (53ms)
	LoadAllAssembliesAndSetupDomain (1536ms)
		LoadAssemblies (1300ms)
		RebuildTransferFunctionScriptingTraits (0ms)
		AnalyzeDomain (417ms)
			TypeCache.Refresh (11ms)
				TypeCache.ScanAssembly (0ms)
			BuildScriptInfoCaches (371ms)
			ResolveRequiredComponents (23ms)
	FinalizeReload (2193ms)
		ReleaseScriptCaches (0ms)
		RebuildScriptCaches (0ms)
		SetupLoadedEditorAssemblies (1650ms)
			LogAssemblyErrors (0ms)
			InitializePlatformSupportModulesInManaged (9ms)
			SetLoadedEditorAssemblies (13ms)
			BeforeProcessingInitializeOnLoad (314ms)
			ProcessInitializeOnLoadAttributes (1137ms)
			ProcessInitializeOnLoadMethodAttributes (174ms)
			AfterProcessingInitializeOnLoad (2ms)
			EditorAssembliesLoaded (0ms)
		ExecutionOrderSort2 (0ms)
		AwakeInstancesAfterBackupRestoration (47ms)
Refreshing native plugins compatible for Editor in 6.96 ms, found 3 plugins.
Preloading 0 native plugins for Editor in 0.00 ms.
Unloading 14 Unused Serialized files (Serialized files now loaded: 0)
Unloading 6536 unused Assets / (4.5 MB). Loaded Objects now: 7584.
Memory consumption went from 177.0 MB to 172.5 MB.
Total: 16.437753 ms (FindLiveObjects: 0.885475 ms CreateObjectMapping: 2.042874 ms MarkObjects: 9.885692 ms  DeleteObjects: 3.622361 ms)

Prepare: number of updated asset objects reloaded= 0
========================================================================
Received Import Request.
  Time since last request: 66.965394 seconds.
  path: Assets/Prefabs/button_rectangle_depth_flat_0.prefab
  artifactKey: Guid(3a81bfa43216b43eea78c35b49683d57) Importer(815301076,1909f56bfc062723c751e8b465ee728b)
Start importing Assets/Prefabs/button_rectangle_depth_flat_0.prefab using Guid(3a81bfa43216b43eea78c35b49683d57) Importer(815301076,1909f56bfc062723c751e8b465ee728b) (PreviewImporter) -> (artifact id: 'a93635956f493e17681f0fba34eb64b6') in 0.915895079 seconds
Number of updated asset objects reloaded before import = 0Number of asset objects unloaded after import = 9

========================================================================
Received Import Request.
  Time since last request: 1.363346 seconds.
  path: Assets/Prefabs/button_rectangle_depth_flat_0.prefab
  artifactKey: Guid(3a81bfa43216b43eea78c35b49683d57) Importer(815301076,1909f56bfc062723c751e8b465ee728b)
Start importing Assets/Prefabs/button_rectangle_depth_flat_0.prefab using Guid(3a81bfa43216b43eea78c35b49683d57) Importer(815301076,1909f56bfc062723c751e8b465ee728b) (PreviewImporter) -> (artifact id: '29dccfc332b15e2115eda0d1f5af4860') in 0.042402413 seconds
Number of updated asset objects reloaded before import = 0Number of asset objects unloaded after import = 9

========================================================================
Received Import Request.
  Time since last request: 0.000087 seconds.
  path: Assets/Prefabs/ufoGreen_0 1.prefab
  artifactKey: Guid(69c19e44f85a349d0bed408a1ebcaeb7) Importer(815301076,1909f56bfc062723c751e8b465ee728b)
Start importing Assets/Prefabs/ufoGreen_0 1.prefab using Guid(69c19e44f85a349d0bed408a1ebcaeb7) Importer(815301076,1909f56bfc062723c751e8b465ee728b) (PreviewImporter) -> (artifact id: '04b30b10ea8208c195d022b7d9c5809d') in 0.072457927 seconds
Number of updated asset objects reloaded before import = 0Number of asset objects unloaded after import = 47

========================================================================
Received Import Request.
  Time since last request: 0.299265 seconds.
  path: Assets/Prefabs/button_rectangle_depth_flat_0.prefab
  artifactKey: Guid(3a81bfa43216b43eea78c35b49683d57) Importer(815301076,1909f56bfc062723c751e8b465ee728b)
Start importing Assets/Prefabs/button_rectangle_depth_flat_0.prefab using Guid(3a81bfa43216b43eea78c35b49683d57) Importer(815301076,1909f56bfc062723c751e8b465ee728b) (PreviewImporter) -> (artifact id: '1bdd167a79e330e43211f2da0c2db54c') in 0.020249102 seconds
Number of updated asset objects reloaded before import = 0Number of asset objects unloaded after import = 9

========================================================================
Received Import Request.
  Time since last request: 0.000080 seconds.
  path: Assets/Prefabs/ufoGreen_0 1.prefab
  artifactKey: Guid(69c19e44f85a349d0bed408a1ebcaeb7) Importer(815301076,1909f56bfc062723c751e8b465ee728b)
Start importing Assets/Prefabs/ufoGreen_0 1.prefab using Guid(69c19e44f85a349d0bed408a1ebcaeb7) Importer(815301076,1909f56bfc062723c751e8b465ee728b) (PreviewImporter) -> (artifact id: '55a5ad0cb374c5ec770bc8b12a1b16d8') in 0.019166555 seconds
Number of updated asset objects reloaded before import = 0Number of asset objects unloaded after import = 47

========================================================================
Received Import Request.
  Time since last request: 43.508596 seconds.
  path: Assets/Prefabs/button_rectangle_depth_flat_0.prefab
  artifactKey: Guid(3a81bfa43216b43eea78c35b49683d57) Importer(815301076,1909f56bfc062723c751e8b465ee728b)
Start importing Assets/Prefabs/button_rectangle_depth_flat_0.prefab using Guid(3a81bfa43216b43eea78c35b49683d57) Importer(815301076,1909f56bfc062723c751e8b465ee728b) (PreviewImporter) -> (artifact id: '61bba2f8d9ee2222cee31b9d7f7e94fc') in 0.012827477 seconds
Number of updated asset objects reloaded before import = 0Number of asset objects unloaded after import = 10

========================================================================
Received Import Request.
  Time since last request: 0.000081 seconds.
  path: Assets/Prefabs/ufoGreen_0 1.prefab
  artifactKey: Guid(69c19e44f85a349d0bed408a1ebcaeb7) Importer(815301076,1909f56bfc062723c751e8b465ee728b)
Start importing Assets/Prefabs/ufoGreen_0 1.prefab using Guid(69c19e44f85a349d0bed408a1ebcaeb7) Importer(815301076,1909f56bfc062723c751e8b465ee728b) (PreviewImporter) -> (artifact id: 'a9cd0d9854ed0a4e6cb9b765a7ba5c54') in 0.017514833 seconds
Number of updated asset objects reloaded before import = 0Number of asset objects unloaded after import = 48

========================================================================
Received Import Request.
  Time since last request: 8.237689 seconds.
  path: Assets/Prefabs/button_rectangle_depth_flat_0 (1).prefab
  artifactKey: Guid(f144c98522a484e05826bc46853f3811) Importer(815301076,1909f56bfc062723c751e8b465ee728b)
Start importing Assets/Prefabs/button_rectangle_depth_flat_0 (1).prefab using Guid(f144c98522a484e05826bc46853f3811) Importer(815301076,1909f56bfc062723c751e8b465ee728b) (PreviewImporter) -> (artifact id: '0960dcbf3b8e4db9fccd7db21eaae679') in 0.01282924 seconds
Number of updated asset objects reloaded before import = 0Number of asset objects unloaded after import = 10

========================================================================
Received Import Request.
  Time since last request: 0.000073 seconds.
  path: Assets/Prefabs/ufoRed_0.prefab
  artifactKey: Guid(a547c1f627a154978bb66382d41eece0) Importer(815301076,1909f56bfc062723c751e8b465ee728b)
Start importing Assets/Prefabs/ufoRed_0.prefab using Guid(a547c1f627a154978bb66382d41eece0) Importer(815301076,1909f56bfc062723c751e8b465ee728b) (PreviewImporter) -> (artifact id: 'd6037b484bbcd70d0ca1172392d0d60d') in 0.019078511 seconds
Number of updated asset objects reloaded before import = 0Number of asset objects unloaded after import = 48

========================================================================
Received Import Request.
  Time since last request: 14.475028 seconds.
  path: Assets/Prefabs/button_rectangle_depth_flat_0 (2).prefab
  artifactKey: Guid(a691c82aa6dea4290b7655012278a4f0) Importer(815301076,1909f56bfc062723c751e8b465ee728b)
Start importing Assets/Prefabs/button_rectangle_depth_flat_0 (2).prefab using Guid(a691c82aa6dea4290b7655012278a4f0) Importer(815301076,1909f56bfc062723c751e8b465ee728b) (PreviewImporter) -> (artifact id: 'd289f40a61190e39e25050dabe427908') in 0.033264968 seconds
Number of updated asset objects reloaded before import = 0Number of asset objects unloaded after import = 10

========================================================================
Received Import Request.
  Time since last request: 0.727714 seconds.
  path: Assets/Prefabs/button_rectangle_depth_flat_0 (2).prefab
  artifactKey: Guid(a691c82aa6dea4290b7655012278a4f0) Importer(815301076,1909f56bfc062723c751e8b465ee728b)
Start importing Assets/Prefabs/button_rectangle_depth_flat_0 (2).prefab using Guid(a691c82aa6dea4290b7655012278a4f0) Importer(815301076,1909f56bfc062723c751e8b465ee728b) (PreviewImporter) -> (artifact id: 'f7ad62a64581a3e8f343d3db5352f5c2') in 0.012135212 seconds
Number of updated asset objects reloaded before import = 0Number of asset objects unloaded after import = 10

========================================================================
Received Import Request.
  Time since last request: 0.000106 seconds.
  path: Assets/Prefabs/YellowBillion 1.prefab
  artifactKey: Guid(9c2c41eff4aec4941a53703beecd64d9) Importer(815301076,1909f56bfc062723c751e8b465ee728b)
Start importing Assets/Prefabs/YellowBillion 1.prefab using Guid(9c2c41eff4aec4941a53703beecd64d9) Importer(815301076,1909f56bfc062723c751e8b465ee728b) (PreviewImporter) -> (artifact id: 'be67855717db8948b152cfad4911b039') in 0.062123829 seconds
Number of updated asset objects reloaded before import = 0Number of asset objects unloaded after import = 48

========================================================================
Received Import Request.
  Time since last request: 2.071044 seconds.
  path: Assets/Prefabs/button_rectangle_depth_flat_0 (2).prefab
  artifactKey: Guid(a691c82aa6dea4290b7655012278a4f0) Importer(815301076,1909f56bfc062723c751e8b465ee728b)
Start importing Assets/Prefabs/button_rectangle_depth_flat_0 (2).prefab using Guid(a691c82aa6dea4290b7655012278a4f0) Importer(815301076,1909f56bfc062723c751e8b465ee728b) (PreviewImporter) -> (artifact id: '572aafde1e5a105bf52f05857e4c50a2') in 0.023003992 seconds
Number of updated asset objects reloaded before import = 0Number of asset objects unloaded after import = 10

========================================================================
Received Import Request.
  Time since last request: 0.000085 seconds.
  path: Assets/Prefabs/YellowBillion 1.prefab
  artifactKey: Guid(9c2c41eff4aec4941a53703beecd64d9) Importer(815301076,1909f56bfc062723c751e8b465ee728b)
Start importing Assets/Prefabs/YellowBillion 1.prefab using Guid(9c2c41eff4aec4941a53703beecd64d9) Importer(815301076,1909f56bfc062723c751e8b465ee728b) (PreviewImporter) -> (artifact id: 'f6b09d850ffc71968a4d05a6fc24b4e9') in 0.018347847 seconds
Number of updated asset objects reloaded before import = 0Number of asset objects unloaded after import = 48

========================================================================
Received Import Request.
  Time since last request: 1.691951 seconds.
  path: Assets/Prefabs/button_rectangle_depth_flat_0 (2).prefab
  artifactKey: Guid(a691c82aa6dea4290b7655012278a4f0) Importer(815301076,1909f56bfc062723c751e8b465ee728b)
Start importing Assets/Prefabs/button_rectangle_depth_flat_0 (2).prefab using Guid(a691c82aa6dea4290b7655012278a4f0) Importer(815301076,1909f56bfc062723c751e8b465ee728b) (PreviewImporter) -> (artifact id: '08ce743b4bbce910621f4fc993494a51') in 0.034067203 seconds
Number of updated asset objects reloaded before import = 0Number of asset objects unloaded after import = 10

========================================================================
Received Import Request.
  Time since last request: 0.000080 seconds.
  path: Assets/Prefabs/YellowBillion 1.prefab
  artifactKey: Guid(9c2c41eff4aec4941a53703beecd64d9) Importer(815301076,1909f56bfc062723c751e8b465ee728b)
Start importing Assets/Prefabs/YellowBillion 1.prefab using Guid(9c2c41eff4aec4941a53703beecd64d9) Importer(815301076,1909f56bfc062723c751e8b465ee728b) (PreviewImporter) -> (artifact id: '720a33037f275dd5dd361dab0c1e1806') in 0.018862312 seconds
Number of updated asset objects reloaded before import = 0Number of asset objects unloaded after import = 48

========================================================================
Received Import Request.
  Time since last request: 6.476125 seconds.
  path: Assets/Prefabs/button_rectangle_depth_flat_0 (1).prefab
  artifactKey: Guid(f144c98522a484e05826bc46853f3811) Importer(815301076,1909f56bfc062723c751e8b465ee728b)
Start importing Assets/Prefabs/button_rectangle_depth_flat_0 (1).prefab using Guid(f144c98522a484e05826bc46853f3811) Importer(815301076,1909f56bfc062723c751e8b465ee728b) (PreviewImporter) -> (artifact id: '3d5d992354ef1877844c706f7520741f') in 0.033285686 seconds
Number of updated asset objects reloaded before import = 0Number of asset objects unloaded after import = 10

========================================================================
Received Import Request.
  Time since last request: 0.000078 seconds.
  path: Assets/Prefabs/ufoRed_0.prefab
  artifactKey: Guid(a547c1f627a154978bb66382d41eece0) Importer(815301076,1909f56bfc062723c751e8b465ee728b)
Start importing Assets/Prefabs/ufoRed_0.prefab using Guid(a547c1f627a154978bb66382d41eece0) Importer(815301076,1909f56bfc062723c751e8b465ee728b) (PreviewImporter) -> (artifact id: 'c507aeddc89d550cf0645332cc6c718a') in 0.027744131 seconds
Number of updated asset objects reloaded before import = 0Number of asset objects unloaded after import = 48

========================================================================
Received Import Request.
  Time since last request: 12.936530 seconds.
  path: Assets/Prefabs/button_rectangle_depth_flat_0 (3).prefab
  artifactKey: Guid(5c75235c780d44033a90163caa1ac078) Importer(815301076,1909f56bfc062723c751e8b465ee728b)
Start importing Assets/Prefabs/button_rectangle_depth_flat_0 (3).prefab using Guid(5c75235c780d44033a90163caa1ac078) Importer(815301076,1909f56bfc062723c751e8b465ee728b) (PreviewImporter) -> (artifact id: '012ace1fd3a751ea53957273f623491d') in 0.012261885 seconds
Number of updated asset objects reloaded before import = 0Number of asset objects unloaded after import = 10

========================================================================
Received Import Request.
  Time since last request: 1.764769 seconds.
  path: Assets/Prefabs/button_rectangle_depth_flat_0 (3).prefab
  artifactKey: Guid(5c75235c780d44033a90163caa1ac078) Importer(815301076,1909f56bfc062723c751e8b465ee728b)
Start importing Assets/Prefabs/button_rectangle_depth_flat_0 (3).prefab using Guid(5c75235c780d44033a90163caa1ac078) Importer(815301076,1909f56bfc062723c751e8b465ee728b) (PreviewImporter) -> (artifact id: '1d11b90f462edfefb894c7e25efb8517') in 0.022665433 seconds
Number of updated asset objects reloaded before import = 0Number of asset objects unloaded after import = 10

========================================================================
Received Import Request.
  Time since last request: 1.291258 seconds.
  path: Assets/Prefabs/button_rectangle_depth_flat_0 (3).prefab
  artifactKey: Guid(5c75235c780d44033a90163caa1ac078) Importer(815301076,1909f56bfc062723c751e8b465ee728b)
Start importing Assets/Prefabs/button_rectangle_depth_flat_0 (3).prefab using Guid(5c75235c780d44033a90163caa1ac078) Importer(815301076,1909f56bfc062723c751e8b465ee728b) (PreviewImporter) -> (artifact id: '5be103be7a8a555ae0c75dd49ea1c6a9') in 0.034277527 seconds
Number of updated asset objects reloaded before import = 0Number of asset objects unloaded after import = 10

========================================================================
Received Import Request.
  Time since last request: 6.432534 seconds.
  path: Assets/Prefabs/button_rectangle_depth_flat_0.prefab
  artifactKey: Guid(3a81bfa43216b43eea78c35b49683d57) Importer(815301076,1909f56bfc062723c751e8b465ee728b)
Start importing Assets/Prefabs/button_rectangle_depth_flat_0.prefab using Guid(3a81bfa43216b43eea78c35b49683d57) Importer(815301076,1909f56bfc062723c751e8b465ee728b) (PreviewImporter) -> (artifact id: 'a9c6ce1b1711efa871dda18a9fc86fbd') in 0.017709208 seconds
Number of updated asset objects reloaded before import = 0Number of asset objects unloaded after import = 10

========================================================================
Received Import Request.
  Time since last request: 0.000115 seconds.
  path: Assets/Prefabs/ufoGreen_0 1.prefab
  artifactKey: Guid(69c19e44f85a349d0bed408a1ebcaeb7) Importer(815301076,1909f56bfc062723c751e8b465ee728b)
Start importing Assets/Prefabs/ufoGreen_0 1.prefab using Guid(69c19e44f85a349d0bed408a1ebcaeb7) Importer(815301076,1909f56bfc062723c751e8b465ee728b) (PreviewImporter) -> (artifact id: 'be30e9e5b7e86eb32081244bf531996c') in 0.0239297 seconds
Number of updated asset objects reloaded before import = 0Number of asset objects unloaded after import = 48

========================================================================
Received Import Request.
  Time since last request: 2.581232 seconds.
  path: Assets/Prefabs/button_rectangle_depth_flat_0 (1).prefab
  artifactKey: Guid(f144c98522a484e05826bc46853f3811) Importer(815301076,1909f56bfc062723c751e8b465ee728b)
Start importing Assets/Prefabs/button_rectangle_depth_flat_0 (1).prefab using Guid(f144c98522a484e05826bc46853f3811) Importer(815301076,1909f56bfc062723c751e8b465ee728b) (PreviewImporter) -> (artifact id: '4331a1de34dfe482e79bbc870ffd0963') in 0.034866374 seconds
Number of updated asset objects reloaded before import = 0Number of asset objects unloaded after import = 10

========================================================================
Received Import Request.
  Time since last request: 0.000083 seconds.
  path: Assets/Prefabs/ufoRed_0.prefab
  artifactKey: Guid(a547c1f627a154978bb66382d41eece0) Importer(815301076,1909f56bfc062723c751e8b465ee728b)
Start importing Assets/Prefabs/ufoRed_0.prefab using Guid(a547c1f627a154978bb66382d41eece0) Importer(815301076,1909f56bfc062723c751e8b465ee728b) (PreviewImporter) -> (artifact id: 'ac282381b4fa0a7818a0fb07ad1bbfd8') in 0.032761692 seconds
Number of updated asset objects reloaded before import = 0Number of asset objects unloaded after import = 48

========================================================================
Received Import Request.
  Time since last request: 5.655122 seconds.
  path: Assets/Prefabs/button_rectangle_depth_flat_0 (2).prefab
  artifactKey: Guid(a691c82aa6dea4290b7655012278a4f0) Importer(815301076,1909f56bfc062723c751e8b465ee728b)
Start importing Assets/Prefabs/button_rectangle_depth_flat_0 (2).prefab using Guid(a691c82aa6dea4290b7655012278a4f0) Importer(815301076,1909f56bfc062723c751e8b465ee728b) (PreviewImporter) -> (artifact id: '63bb8520b1e6dc43db7324e406b84623') in 0.016208459 seconds
Number of updated asset objects reloaded before import = 0Number of asset objects unloaded after import = 10

========================================================================
Received Import Request.
  Time since last request: 0.000079 seconds.
  path: Assets/Prefabs/YellowBillion 1.prefab
  artifactKey: Guid(9c2c41eff4aec4941a53703beecd64d9) Importer(815301076,1909f56bfc062723c751e8b465ee728b)
Start importing Assets/Prefabs/YellowBillion 1.prefab using Guid(9c2c41eff4aec4941a53703beecd64d9) Importer(815301076,1909f56bfc062723c751e8b465ee728b) (PreviewImporter) -> (artifact id: '78a431a12114ed67cfedd99db9386d81') in 0.019476837 seconds
Number of updated asset objects reloaded before import = 0Number of asset objects unloaded after import = 48

========================================================================
Received Import Request.
  Time since last request: 3.860450 seconds.
  path: Assets/Prefabs/button_rectangle_depth_flat_0 (3).prefab
  artifactKey: Guid(5c75235c780d44033a90163caa1ac078) Importer(815301076,1909f56bfc062723c751e8b465ee728b)
Start importing Assets/Prefabs/button_rectangle_depth_flat_0 (3).prefab using Guid(5c75235c780d44033a90163caa1ac078) Importer(815301076,1909f56bfc062723c751e8b465ee728b) (PreviewImporter) -> (artifact id: '8e805eb0aae58a05a3ecbdbe850e5248') in 0.016404996 seconds
Number of updated asset objects reloaded before import = 0Number of asset objects unloaded after import = 10

========================================================================
Received Import Request.
  Time since last request: 23.472063 seconds.
  path: Assets/Prefabs/button_rectangle_depth_flat_0.prefab
  artifactKey: Guid(3a81bfa43216b43eea78c35b49683d57) Importer(815301076,1909f56bfc062723c751e8b465ee728b)
Start importing Assets/Prefabs/button_rectangle_depth_flat_0.prefab using Guid(3a81bfa43216b43eea78c35b49683d57) Importer(815301076,1909f56bfc062723c751e8b465ee728b) (PreviewImporter) -> (artifact id: '9de15fe0d8a12a4d9cb5ebeff9c7999a') in 0.01372371 seconds
Number of updated asset objects reloaded before import = 0Number of asset objects unloaded after import = 10

========================================================================
Received Import Request.
  Time since last request: 0.000071 seconds.
  path: Assets/Prefabs/ufoGreen_0 1.prefab
  artifactKey: Guid(69c19e44f85a349d0bed408a1ebcaeb7) Importer(815301076,1909f56bfc062723c751e8b465ee728b)
Start importing Assets/Prefabs/ufoGreen_0 1.prefab using Guid(69c19e44f85a349d0bed408a1ebcaeb7) Importer(815301076,1909f56bfc062723c751e8b465ee728b) (PreviewImporter) -> (artifact id: '0799b1d9b4f07d6aa460f9fe5edea61e') in 0.018897776 seconds
Number of updated asset objects reloaded before import = 0Number of asset objects unloaded after import = 48

========================================================================
Received Import Request.
  Time since last request: 2.835571 seconds.
  path: Assets/Prefabs/button_rectangle_depth_flat_0.prefab
  artifactKey: Guid(3a81bfa43216b43eea78c35b49683d57) Importer(815301076,1909f56bfc062723c751e8b465ee728b)
Start importing Assets/Prefabs/button_rectangle_depth_flat_0.prefab using Guid(3a81bfa43216b43eea78c35b49683d57) Importer(815301076,1909f56bfc062723c751e8b465ee728b) (PreviewImporter) -> (artifact id: '48be2181cf8a7333479e74af9f50e36e') in 0.015646991 seconds
Number of updated asset objects reloaded before import = 0Number of asset objects unloaded after import = 10

========================================================================
Received Import Request.
  Time since last request: 0.000073 seconds.
  path: Assets/Prefabs/ufoGreen_0 1.prefab
  artifactKey: Guid(69c19e44f85a349d0bed408a1ebcaeb7) Importer(815301076,1909f56bfc062723c751e8b465ee728b)
Start importing Assets/Prefabs/ufoGreen_0 1.prefab using Guid(69c19e44f85a349d0bed408a1ebcaeb7) Importer(815301076,1909f56bfc062723c751e8b465ee728b) (PreviewImporter) -> (artifact id: '38a592fcf6613856c3ab7d9c0ba5cfae') in 0.018440355 seconds
Number of updated asset objects reloaded before import = 0Number of asset objects unloaded after import = 48

========================================================================
Received Import Request.
  Time since last request: 3.310562 seconds.
  path: Assets/Prefabs/button_rectangle_depth_flat_0.prefab
  artifactKey: Guid(3a81bfa43216b43eea78c35b49683d57) Importer(815301076,1909f56bfc062723c751e8b465ee728b)
Start importing Assets/Prefabs/button_rectangle_depth_flat_0.prefab using Guid(3a81bfa43216b43eea78c35b49683d57) Importer(815301076,1909f56bfc062723c751e8b465ee728b) (PreviewImporter) -> (artifact id: '98a1e0707057880f29c7988fd55c6a99') in 0.01427025 seconds
Number of updated asset objects reloaded before import = 0Number of asset objects unloaded after import = 10

========================================================================
Received Import Request.
  Time since last request: 0.000080 seconds.
  path: Assets/Prefabs/ufoGreen_0 1.prefab
  artifactKey: Guid(69c19e44f85a349d0bed408a1ebcaeb7) Importer(815301076,1909f56bfc062723c751e8b465ee728b)
Start importing Assets/Prefabs/ufoGreen_0 1.prefab using Guid(69c19e44f85a349d0bed408a1ebcaeb7) Importer(815301076,1909f56bfc062723c751e8b465ee728b) (PreviewImporter) -> (artifact id: '199276581ce02aa0febe2e0e6e28a7f3') in 0.01848742 seconds
Number of updated asset objects reloaded before import = 0Number of asset objects unloaded after import = 48

========================================================================
Received Import Request.
  Time since last request: 2.846418 seconds.
  path: Assets/Prefabs/button_rectangle_depth_flat_0.prefab
  artifactKey: Guid(3a81bfa43216b43eea78c35b49683d57) Importer(815301076,1909f56bfc062723c751e8b465ee728b)
Start importing Assets/Prefabs/button_rectangle_depth_flat_0.prefab using Guid(3a81bfa43216b43eea78c35b49683d57) Importer(815301076,1909f56bfc062723c751e8b465ee728b) (PreviewImporter) -> (artifact id: '94d08c01de73599f7789ac5338908a68') in 0.012738401 seconds
Number of updated asset objects reloaded before import = 0Number of asset objects unloaded after import = 10

========================================================================
Received Import Request.
  Time since last request: 0.000073 seconds.
  path: Assets/Prefabs/ufoGreen_0 1.prefab
  artifactKey: Guid(69c19e44f85a349d0bed408a1ebcaeb7) Importer(815301076,1909f56bfc062723c751e8b465ee728b)
Start importing Assets/Prefabs/ufoGreen_0 1.prefab using Guid(69c19e44f85a349d0bed408a1ebcaeb7) Importer(815301076,1909f56bfc062723c751e8b465ee728b) (PreviewImporter) -> (artifact id: 'b2ae0b0b55e463f4340ead5415306b85') in 0.018498319 seconds
Number of updated asset objects reloaded before import = 0Number of asset objects unloaded after import = 48

========================================================================
Received Import Request.
  Time since last request: 13.030306 seconds.
  path: Assets/Prefabs/button_rectangle_depth_flat_0.prefab
  artifactKey: Guid(3a81bfa43216b43eea78c35b49683d57) Importer(815301076,1909f56bfc062723c751e8b465ee728b)
Start importing Assets/Prefabs/button_rectangle_depth_flat_0.prefab using Guid(3a81bfa43216b43eea78c35b49683d57) Importer(815301076,1909f56bfc062723c751e8b465ee728b) (PreviewImporter) -> (artifact id: 'bee00ef92195d878b45fa7845b03dcda') in 0.015462391 seconds
Number of updated asset objects reloaded before import = 0Number of asset objects unloaded after import = 10

========================================================================
Received Import Request.
  Time since last request: 0.000095 seconds.
  path: Assets/Prefabs/ufoGreen_0 1.prefab
  artifactKey: Guid(69c19e44f85a349d0bed408a1ebcaeb7) Importer(815301076,1909f56bfc062723c751e8b465ee728b)
Start importing Assets/Prefabs/ufoGreen_0 1.prefab using Guid(69c19e44f85a349d0bed408a1ebcaeb7) Importer(815301076,1909f56bfc062723c751e8b465ee728b) (PreviewImporter) -> (artifact id: '011a96950ebe6a8e87e63b03427ce8cf') in 0.020980784 seconds
Number of updated asset objects reloaded before import = 0Number of asset objects unloaded after import = 48

========================================================================
Received Import Request.
  Time since last request: 2.812280 seconds.
  path: Assets/Prefabs/button_rectangle_depth_flat_0.prefab
  artifactKey: Guid(3a81bfa43216b43eea78c35b49683d57) Importer(815301076,1909f56bfc062723c751e8b465ee728b)
Start importing Assets/Prefabs/button_rectangle_depth_flat_0.prefab using Guid(3a81bfa43216b43eea78c35b49683d57) Importer(815301076,1909f56bfc062723c751e8b465ee728b) (PreviewImporter) -> (artifact id: '7918bbfa20eb7231633843b8203c6e60') in 0.012598829 seconds
Number of updated asset objects reloaded before import = 0Number of asset objects unloaded after import = 10

========================================================================
Received Import Request.
  Time since last request: 0.000071 seconds.
  path: Assets/Prefabs/ufoGreen_0 1.prefab
  artifactKey: Guid(69c19e44f85a349d0bed408a1ebcaeb7) Importer(815301076,1909f56bfc062723c751e8b465ee728b)
Start importing Assets/Prefabs/ufoGreen_0 1.prefab using Guid(69c19e44f85a349d0bed408a1ebcaeb7) Importer(815301076,1909f56bfc062723c751e8b465ee728b) (PreviewImporter) -> (artifact id: '4e345dae5a278af1c973a2f2a60afb1a') in 0.018614178 seconds
Number of updated asset objects reloaded before import = 0Number of asset objects unloaded after import = 48

========================================================================
Received Import Request.
  Time since last request: 7.510967 seconds.
  path: Assets/Prefabs/button_rectangle_depth_flat_0.prefab
  artifactKey: Guid(3a81bfa43216b43eea78c35b49683d57) Importer(815301076,1909f56bfc062723c751e8b465ee728b)
Start importing Assets/Prefabs/button_rectangle_depth_flat_0.prefab using Guid(3a81bfa43216b43eea78c35b49683d57) Importer(815301076,1909f56bfc062723c751e8b465ee728b) (PreviewImporter) -> (artifact id: 'f3acabdab8303371011ebd9a53656b5b') in 0.013527131 seconds
Number of updated asset objects reloaded before import = 0Number of asset objects unloaded after import = 10

========================================================================
Received Import Request.
  Time since last request: 0.000100 seconds.
  path: Assets/Prefabs/ufoGreen_0 1.prefab
  artifactKey: Guid(69c19e44f85a349d0bed408a1ebcaeb7) Importer(815301076,1909f56bfc062723c751e8b465ee728b)
Start importing Assets/Prefabs/ufoGreen_0 1.prefab using Guid(69c19e44f85a349d0bed408a1ebcaeb7) Importer(815301076,1909f56bfc062723c751e8b465ee728b) (PreviewImporter) -> (artifact id: '7b48cc21cba83a4da3bd9df82c137b40') in 0.018733028 seconds
Number of updated asset objects reloaded before import = 0Number of asset objects unloaded after import = 48

========================================================================
Received Import Request.
  Time since last request: 10.666768 seconds.
  path: Assets/Prefabs/button_rectangle_depth_flat_0 (1).prefab
  artifactKey: Guid(f144c98522a484e05826bc46853f3811) Importer(815301076,1909f56bfc062723c751e8b465ee728b)
Start importing Assets/Prefabs/button_rectangle_depth_flat_0 (1).prefab using Guid(f144c98522a484e05826bc46853f3811) Importer(815301076,1909f56bfc062723c751e8b465ee728b) (PreviewImporter) -> (artifact id: 'b8f8f16d153a96aed022d6b24ba07c77') in 0.023799967 seconds
Number of updated asset objects reloaded before import = 0Number of asset objects unloaded after import = 10

========================================================================
Received Import Request.
  Time since last request: 0.000073 seconds.
  path: Assets/Prefabs/ufoRed_0.prefab
  artifactKey: Guid(a547c1f627a154978bb66382d41eece0) Importer(815301076,1909f56bfc062723c751e8b465ee728b)
Start importing Assets/Prefabs/ufoRed_0.prefab using Guid(a547c1f627a154978bb66382d41eece0) Importer(815301076,1909f56bfc062723c751e8b465ee728b) (PreviewImporter) -> (artifact id: 'e6d609ec64f9d0c563e3fa69b9b9dfda') in 0.019309036 seconds
Number of updated asset objects reloaded before import = 0Number of asset objects unloaded after import = 48

========================================================================
Received Import Request.
  Time since last request: 3.838597 seconds.
  path: Assets/Prefabs/button_rectangle_depth_flat_0 (1).prefab
  artifactKey: Guid(f144c98522a484e05826bc46853f3811) Importer(815301076,1909f56bfc062723c751e8b465ee728b)
Start importing Assets/Prefabs/button_rectangle_depth_flat_0 (1).prefab using Guid(f144c98522a484e05826bc46853f3811) Importer(815301076,1909f56bfc062723c751e8b465ee728b) (PreviewImporter) -> (artifact id: '212897adcf3f75cb18a094e5ab15bef0') in 0.015252281 seconds
Number of updated asset objects reloaded before import = 0Number of asset objects unloaded after import = 10

========================================================================
Received Import Request.
  Time since last request: 0.000071 seconds.
  path: Assets/Prefabs/ufoRed_0.prefab
  artifactKey: Guid(a547c1f627a154978bb66382d41eece0) Importer(815301076,1909f56bfc062723c751e8b465ee728b)
Start importing Assets/Prefabs/ufoRed_0.prefab using Guid(a547c1f627a154978bb66382d41eece0) Importer(815301076,1909f56bfc062723c751e8b465ee728b) (PreviewImporter) -> (artifact id: '0ef12e73cceb1fc8a8b69812d58838a6') in 0.019777872 seconds
Number of updated asset objects reloaded before import = 0Number of asset objects unloaded after import = 48

========================================================================
Received Import Request.
  Time since last request: 4.170637 seconds.
  path: Assets/Prefabs/button_rectangle_depth_flat_0 (2).prefab
  artifactKey: Guid(a691c82aa6dea4290b7655012278a4f0) Importer(815301076,1909f56bfc062723c751e8b465ee728b)
Start importing Assets/Prefabs/button_rectangle_depth_flat_0 (2).prefab using Guid(a691c82aa6dea4290b7655012278a4f0) Importer(815301076,1909f56bfc062723c751e8b465ee728b) (PreviewImporter) -> (artifact id: '5d137a82c27bb18bfeb0d6ccdd878466') in 0.017411078 seconds
Number of updated asset objects reloaded before import = 0Number of asset objects unloaded after import = 10

========================================================================
Received Import Request.
  Time since last request: 0.017275 seconds.
  path: Assets/Prefabs/ufoYellow_0 1.prefab
  artifactKey: Guid(3400f83655c684d7bb2949f458323c67) Importer(815301076,1909f56bfc062723c751e8b465ee728b)
Start importing Assets/Prefabs/ufoYellow_0 1.prefab using Guid(3400f83655c684d7bb2949f458323c67) Importer(815301076,1909f56bfc062723c751e8b465ee728b) (PreviewImporter) -> (artifact id: 'a37f7832b5e71170b2a8dc0d938ca241') in 0.023963787 seconds
Number of updated asset objects reloaded before import = 0Number of asset objects unloaded after import = 48

========================================================================
Received Import Request.
  Time since last request: 3.266076 seconds.
  path: Assets/Prefabs/button_rectangle_depth_flat_0 (2).prefab
  artifactKey: Guid(a691c82aa6dea4290b7655012278a4f0) Importer(815301076,1909f56bfc062723c751e8b465ee728b)
Start importing Assets/Prefabs/button_rectangle_depth_flat_0 (2).prefab using Guid(a691c82aa6dea4290b7655012278a4f0) Importer(815301076,1909f56bfc062723c751e8b465ee728b) (PreviewImporter) -> (artifact id: '99e059d0d174f815bdd6812efb1fa991') in 0.014220831 seconds
Number of updated asset objects reloaded before import = 0Number of asset objects unloaded after import = 10

========================================================================
Received Import Request.
  Time since last request: 0.000080 seconds.
  path: Assets/Prefabs/YellowBillion 1.prefab
  artifactKey: Guid(9c2c41eff4aec4941a53703beecd64d9) Importer(815301076,1909f56bfc062723c751e8b465ee728b)
Start importing Assets/Prefabs/YellowBillion 1.prefab using Guid(9c2c41eff4aec4941a53703beecd64d9) Importer(815301076,1909f56bfc062723c751e8b465ee728b) (PreviewImporter) -> (artifact id: '477267e212068a374705f2cd03178876') in 0.020868988 seconds
Number of updated asset objects reloaded before import = 0Number of asset objects unloaded after import = 48

========================================================================
Received Import Request.
  Time since last request: 4.045896 seconds.
  path: Assets/Prefabs/button_rectangle_depth_flat_0 (3).prefab
  artifactKey: Guid(5c75235c780d44033a90163caa1ac078) Importer(815301076,1909f56bfc062723c751e8b465ee728b)
Start importing Assets/Prefabs/button_rectangle_depth_flat_0 (3).prefab using Guid(5c75235c780d44033a90163caa1ac078) Importer(815301076,1909f56bfc062723c751e8b465ee728b) (PreviewImporter) -> (artifact id: 'd72029e2448559ac476c14f842d9832b') in 0.027277432 seconds
Number of updated asset objects reloaded before import = 0Number of asset objects unloaded after import = 10

========================================================================
Received Import Request.
  Time since last request: 2.756665 seconds.
  path: Assets/Prefabs/button_rectangle_depth_flat_0 (3).prefab
  artifactKey: Guid(5c75235c780d44033a90163caa1ac078) Importer(815301076,1909f56bfc062723c751e8b465ee728b)
Start importing Assets/Prefabs/button_rectangle_depth_flat_0 (3).prefab using Guid(5c75235c780d44033a90163caa1ac078) Importer(815301076,1909f56bfc062723c751e8b465ee728b) (PreviewImporter) -> (artifact id: 'b635a9c8fe21ae2c0cef5a25b84937a9') in 0.011333765 seconds
Number of updated asset objects reloaded before import = 0Number of asset objects unloaded after import = 10

========================================================================
Received Prepare
Begin MonoManager ReloadAssembly
- Loaded All Assemblies, in  1.960 seconds
Refreshing native plugins compatible for Editor in 5.55 ms, found 3 plugins.
Native extension for OSXStandalone target not found
Native extension for WebGL target not found
Mono: successfully reloaded assembly
- Finished resetting the current domain, in  2.177 seconds
Domain Reload Profiling: 4141ms
	BeginReloadAssembly (436ms)
		ExecutionOrderSort (0ms)
		DisableScriptedObjects (44ms)
		BackupInstance (0ms)
		ReleaseScriptingObjects (0ms)
		CreateAndSetChildDomain (154ms)
	RebuildCommonClasses (81ms)
	RebuildNativeTypeToScriptingClass (25ms)
	initialDomainReloadingComplete (51ms)
	LoadAllAssembliesAndSetupDomain (1370ms)
		LoadAssemblies (1138ms)
		RebuildTransferFunctionScriptingTraits (0ms)
		AnalyzeDomain (408ms)
			TypeCache.Refresh (11ms)
				TypeCache.ScanAssembly (0ms)
			BuildScriptInfoCaches (364ms)
			ResolveRequiredComponents (22ms)
	FinalizeReload (2179ms)
		ReleaseScriptCaches (0ms)
		RebuildScriptCaches (0ms)
		SetupLoadedEditorAssemblies (1586ms)
			LogAssemblyErrors (0ms)
			InitializePlatformSupportModulesInManaged (11ms)
			SetLoadedEditorAssemblies (17ms)
			BeforeProcessingInitializeOnLoad (279ms)
			ProcessInitializeOnLoadAttributes (1085ms)
			ProcessInitializeOnLoadMethodAttributes (192ms)
			AfterProcessingInitializeOnLoad (2ms)
			EditorAssembliesLoaded (0ms)
		ExecutionOrderSort2 (0ms)
		AwakeInstancesAfterBackupRestoration (53ms)
Refreshing native plugins compatible for Editor in 6.92 ms, found 3 plugins.
Preloading 0 native plugins for Editor in 0.00 ms.
Unloading 14 Unused Serialized files (Serialized files now loaded: 0)
Unloading 6536 unused Assets / (4.2 MB). Loaded Objects now: 7608.
Memory consumption went from 178.3 MB to 174.1 MB.
Total: 14.498663 ms (FindLiveObjects: 0.880275 ms CreateObjectMapping: 1.825837 ms MarkObjects: 8.531326 ms  DeleteObjects: 3.259926 ms)

Prepare: number of updated asset objects reloaded= 0
========================================================================
Received Prepare
Begin MonoManager ReloadAssembly
- Loaded All Assemblies, in  1.922 seconds
Refreshing native plugins compatible for Editor in 7.15 ms, found 3 plugins.
Native extension for OSXStandalone target not found
Native extension for WebGL target not found
Mono: successfully reloaded assembly
- Finished resetting the current domain, in  1.987 seconds
Domain Reload Profiling: 3914ms
	BeginReloadAssembly (388ms)
		ExecutionOrderSort (0ms)
		DisableScriptedObjects (27ms)
		BackupInstance (0ms)
		ReleaseScriptingObjects (0ms)
		CreateAndSetChildDomain (129ms)
	RebuildCommonClasses (80ms)
	RebuildNativeTypeToScriptingClass (25ms)
	initialDomainReloadingComplete (51ms)
	LoadAllAssembliesAndSetupDomain (1381ms)
		LoadAssemblies (1132ms)
		RebuildTransferFunctionScriptingTraits (0ms)
		AnalyzeDomain (418ms)
			TypeCache.Refresh (11ms)
				TypeCache.ScanAssembly (0ms)
			BuildScriptInfoCaches (370ms)
			ResolveRequiredComponents (25ms)
	FinalizeReload (1988ms)
		ReleaseScriptCaches (0ms)
		RebuildScriptCaches (0ms)
		SetupLoadedEditorAssemblies (1478ms)
			LogAssemblyErrors (0ms)
			InitializePlatformSupportModulesInManaged (8ms)
			SetLoadedEditorAssemblies (12ms)
			BeforeProcessingInitializeOnLoad (269ms)
			ProcessInitializeOnLoadAttributes (1022ms)
			ProcessInitializeOnLoadMethodAttributes (164ms)
			AfterProcessingInitializeOnLoad (2ms)
			EditorAssembliesLoaded (1ms)
		ExecutionOrderSort2 (0ms)
		AwakeInstancesAfterBackupRestoration (44ms)
Refreshing native plugins compatible for Editor in 6.74 ms, found 3 plugins.
Preloading 0 native plugins for Editor in 0.00 ms.
Unloading 14 Unused Serialized files (Serialized files now loaded: 0)
Unloading 6536 unused Assets / (4.4 MB). Loaded Objects now: 7610.
Memory consumption went from 174.3 MB to 169.9 MB.
Total: 15.798711 ms (FindLiveObjects: 1.056017 ms CreateObjectMapping: 1.659299 ms MarkObjects: 9.658459 ms  DeleteObjects: 3.423345 ms)

Prepare: number of updated asset objects reloaded= 0
========================================================================
Received Import Request.
  Time since last request: 72.469989 seconds.
  path: Assets/Scripts/BlasterShotController.cs
  artifactKey: Guid(0cd070e4212fc422ea1b9b74a8dcad3a) Importer(815301076,1909f56bfc062723c751e8b465ee728b)
Start importing Assets/Scripts/BlasterShotController.cs using Guid(0cd070e4212fc422ea1b9b74a8dcad3a) Importer(815301076,1909f56bfc062723c751e8b465ee728b) (PreviewImporter) -> (artifact id: '98fd9843290ea072c2af0dfb0a136584') in 0.002236642 seconds
Number of updated asset objects reloaded before import = 0Number of asset objects unloaded after import = 0

========================================================================
Received Prepare
Refreshing native plugins compatible for Editor in 5.78 ms, found 3 plugins.
Preloading 0 native plugins for Editor in 0.00 ms.
Unloading 14 Unused Serialized files (Serialized files now loaded: 0)
Unloading 6525 unused Assets / (4.1 MB). Loaded Objects now: 7610.
Memory consumption went from 169.9 MB to 165.8 MB.
Total: 16.330110 ms (FindLiveObjects: 1.136249 ms CreateObjectMapping: 1.931372 ms MarkObjects: 9.909396 ms  DeleteObjects: 3.351721 ms)

Prepare: number of updated asset objects reloaded= 0
========================================================================
Received Prepare
Refreshing native plugins compatible for Editor in 6.43 ms, found 3 plugins.
Preloading 0 native plugins for Editor in 0.00 ms.
Unloading 14 Unused Serialized files (Serialized files now loaded: 0)
Unloading 6525 unused Assets / (4.3 MB). Loaded Objects now: 7610.
Memory consumption went from 169.9 MB to 165.6 MB.
Total: 14.084039 ms (FindLiveObjects: 0.907233 ms CreateObjectMapping: 1.661936 ms MarkObjects: 8.311449 ms  DeleteObjects: 3.202041 ms)

Prepare: number of updated asset objects reloaded= 0
========================================================================
Received Import Request.
  Time since last request: 302.679306 seconds.
  path: Assets/Scripts/BaseController.cs
  artifactKey: Guid(36869283c710b495b93355a8ae93f905) Importer(815301076,1909f56bfc062723c751e8b465ee728b)
Start importing Assets/Scripts/BaseController.cs using Guid(36869283c710b495b93355a8ae93f905) Importer(815301076,1909f56bfc062723c751e8b465ee728b) (PreviewImporter) -> (artifact id: '78611f0df1c76e12c689fe7efc714807') in 0.000655238 seconds
Number of updated asset objects reloaded before import = 0Number of asset objects unloaded after import = 0

========================================================================
Received Import Request.
  Time since last request: 89.077912 seconds.
  path: Assets/Prefabs/BlasterShot Blue.prefab
  artifactKey: Guid(a18f3b51f47444e94b7651a6c7da083f) Importer(815301076,1909f56bfc062723c751e8b465ee728b)
Start importing Assets/Prefabs/BlasterShot Blue.prefab using Guid(a18f3b51f47444e94b7651a6c7da083f) Importer(815301076,1909f56bfc062723c751e8b465ee728b) (PreviewImporter) -> (artifact id: '2a2d0c4af12ab11fc8af59193073f815') in 0.903934285 seconds
Number of updated asset objects reloaded before import = 0Number of asset objects unloaded after import = 10

========================================================================
Received Import Request.
  Time since last request: 0.000095 seconds.
  path: Assets/Prefabs/button_rectangle_depth_flat_0 (1).prefab
  artifactKey: Guid(f144c98522a484e05826bc46853f3811) Importer(815301076,1909f56bfc062723c751e8b465ee728b)
Start importing Assets/Prefabs/button_rectangle_depth_flat_0 (1).prefab using Guid(f144c98522a484e05826bc46853f3811) Importer(815301076,1909f56bfc062723c751e8b465ee728b) (PreviewImporter) -> (artifact id: 'e5a68d578d43a3159b759b7adec44e8c') in 0.014504452 seconds
Number of updated asset objects reloaded before import = 0Number of asset objects unloaded after import = 10

========================================================================
Received Import Request.
  Time since last request: 0.000080 seconds.
  path: Assets/Prefabs/button_rectangle_depth_flat_0.prefab
  artifactKey: Guid(3a81bfa43216b43eea78c35b49683d57) Importer(815301076,1909f56bfc062723c751e8b465ee728b)
Start importing Assets/Prefabs/button_rectangle_depth_flat_0.prefab using Guid(3a81bfa43216b43eea78c35b49683d57) Importer(815301076,1909f56bfc062723c751e8b465ee728b) (PreviewImporter) -> (artifact id: '8a490ecbff7100515ab7de517e40d126') in 0.011931079 seconds
Number of updated asset objects reloaded before import = 0Number of asset objects unloaded after import = 10

========================================================================
Received Import Request.
  Time since last request: 0.000119 seconds.
  path: Assets/Prefabs/YellowBillion 1.prefab
  artifactKey: Guid(9c2c41eff4aec4941a53703beecd64d9) Importer(815301076,1909f56bfc062723c751e8b465ee728b)
Start importing Assets/Prefabs/YellowBillion 1.prefab using Guid(9c2c41eff4aec4941a53703beecd64d9) Importer(815301076,1909f56bfc062723c751e8b465ee728b) (PreviewImporter) -> (artifact id: '35c8c5bfa42dae3c6bce3d4d8480e12d') in 0.079652254 seconds
Number of updated asset objects reloaded before import = 0Number of asset objects unloaded after import = 48

========================================================================
Received Import Request.
  Time since last request: 0.000100 seconds.
  path: Assets/Prefabs/Bluebillion.prefab
  artifactKey: Guid(c5ac31c651ea04b59b09dd36ac16b570) Importer(815301076,1909f56bfc062723c751e8b465ee728b)
Start importing Assets/Prefabs/Bluebillion.prefab using Guid(c5ac31c651ea04b59b09dd36ac16b570) Importer(815301076,1909f56bfc062723c751e8b465ee728b) (PreviewImporter) -> (artifact id: 'b4412dacb08b0038289d94826ae66990') in 0.021402024 seconds
Number of updated asset objects reloaded before import = 0Number of asset objects unloaded after import = 39

========================================================================
Received Import Request.
  Time since last request: 0.000159 seconds.
  path: Assets/Prefabs/BlasterShotRed 1.prefab
  artifactKey: Guid(95452d5374141493698f6096f9b02b91) Importer(815301076,1909f56bfc062723c751e8b465ee728b)
Start importing Assets/Prefabs/BlasterShotRed 1.prefab using Guid(95452d5374141493698f6096f9b02b91) Importer(815301076,1909f56bfc062723c751e8b465ee728b) (PreviewImporter) -> (artifact id: '278fb06a4e4ec21485869917ccb76468') in 0.014158372 seconds
Number of updated asset objects reloaded before import = 0Number of asset objects unloaded after import = 10

========================================================================
Received Import Request.
  Time since last request: 0.000121 seconds.
  path: Assets/Prefabs/ufoYellow_0 1.prefab
  artifactKey: Guid(3400f83655c684d7bb2949f458323c67) Importer(815301076,1909f56bfc062723c751e8b465ee728b)
Start importing Assets/Prefabs/ufoYellow_0 1.prefab using Guid(3400f83655c684d7bb2949f458323c67) Importer(815301076,1909f56bfc062723c751e8b465ee728b) (PreviewImporter) -> (artifact id: '382ec3ec49fed2524f3f858a6245ff00') in 0.023582751 seconds
Number of updated asset objects reloaded before import = 0Number of asset objects unloaded after import = 48

========================================================================
Received Import Request.
  Time since last request: 0.000092 seconds.
  path: Assets/Prefabs/ufoGreen_0 1.prefab
  artifactKey: Guid(69c19e44f85a349d0bed408a1ebcaeb7) Importer(815301076,1909f56bfc062723c751e8b465ee728b)
Start importing Assets/Prefabs/ufoGreen_0 1.prefab using Guid(69c19e44f85a349d0bed408a1ebcaeb7) Importer(815301076,1909f56bfc062723c751e8b465ee728b) (PreviewImporter) -> (artifact id: 'f8ca71322d2fce2aabb93f518ce5f265') in 0.022242678 seconds
Number of updated asset objects reloaded before import = 0Number of asset objects unloaded after import = 48

========================================================================
Received Import Request.
  Time since last request: 6.099901 seconds.
  path: Assets/Prefabs/RedBillion.prefab
  artifactKey: Guid(014ea5968ff3649a1a9ae9c96e2e3e09) Importer(815301076,1909f56bfc062723c751e8b465ee728b)
Start importing Assets/Prefabs/RedBillion.prefab using Guid(014ea5968ff3649a1a9ae9c96e2e3e09) Importer(815301076,1909f56bfc062723c751e8b465ee728b) (PreviewImporter) -> (artifact id: 'e41644e05c5f69f6e22ccba6ab96b67f') in 0.035391543 seconds
Number of updated asset objects reloaded before import = 0Number of asset objects unloaded after import = 48

========================================================================
Received Import Request.
  Time since last request: 8.576498 seconds.
  path: Assets/Prefabs/Bluebillion.prefab
  artifactKey: Guid(c5ac31c651ea04b59b09dd36ac16b570) Importer(815301076,1909f56bfc062723c751e8b465ee728b)
Start importing Assets/Prefabs/Bluebillion.prefab using Guid(c5ac31c651ea04b59b09dd36ac16b570) Importer(815301076,1909f56bfc062723c751e8b465ee728b) (PreviewImporter) -> (artifact id: '17ecbd6004daf3bab82a166515f569b0') in 0.036186617 seconds
Number of updated asset objects reloaded before import = 0Number of asset objects unloaded after import = 39

========================================================================
Received Prepare
Begin MonoManager ReloadAssembly
- Loaded All Assemblies, in  2.436 seconds
Refreshing native plugins compatible for Editor in 6.32 ms, found 3 plugins.
Native extension for OSXStandalone target not found
Native extension for WebGL target not found
Mono: successfully reloaded assembly
- Finished resetting the current domain, in  1.704 seconds
Domain Reload Profiling: 4144ms
	BeginReloadAssembly (440ms)
		ExecutionOrderSort (0ms)
		DisableScriptedObjects (47ms)
		BackupInstance (0ms)
		ReleaseScriptingObjects (0ms)
		CreateAndSetChildDomain (151ms)
	RebuildCommonClasses (107ms)
	RebuildNativeTypeToScriptingClass (24ms)
	initialDomainReloadingComplete (50ms)
	LoadAllAssembliesAndSetupDomain (1818ms)
		LoadAssemblies (1558ms)
		RebuildTransferFunctionScriptingTraits (0ms)
		AnalyzeDomain (440ms)
			TypeCache.Refresh (15ms)
				TypeCache.ScanAssembly (0ms)
			BuildScriptInfoCaches (390ms)
			ResolveRequiredComponents (24ms)
	FinalizeReload (1705ms)
		ReleaseScriptCaches (0ms)
		RebuildScriptCaches (0ms)
		SetupLoadedEditorAssemblies (1253ms)
			LogAssemblyErrors (0ms)
			InitializePlatformSupportModulesInManaged (7ms)
			SetLoadedEditorAssemblies (10ms)
			BeforeProcessingInitializeOnLoad (226ms)
			ProcessInitializeOnLoadAttributes (862ms)
			ProcessInitializeOnLoadMethodAttributes (146ms)
			AfterProcessingInitializeOnLoad (2ms)
			EditorAssembliesLoaded (0ms)
		ExecutionOrderSort2 (0ms)
		AwakeInstancesAfterBackupRestoration (38ms)
Refreshing native plugins compatible for Editor in 6.36 ms, found 3 plugins.
Preloading 0 native plugins for Editor in 0.00 ms.
Unloading 14 Unused Serialized files (Serialized files now loaded: 0)
Unloading 6536 unused Assets / (4.1 MB). Loaded Objects now: 7634.
Memory consumption went from 179.7 MB to 175.7 MB.
Total: 14.578106 ms (FindLiveObjects: 0.828062 ms CreateObjectMapping: 1.572577 ms MarkObjects: 8.866085 ms  DeleteObjects: 3.309993 ms)

Prepare: number of updated asset objects reloaded= 0
========================================================================
Received Prepare
Begin MonoManager ReloadAssembly
- Loaded All Assemblies, in  1.931 seconds
Refreshing native plugins compatible for Editor in 7.25 ms, found 3 plugins.
Native extension for OSXStandalone target not found
Native extension for WebGL target not found
Mono: successfully reloaded assembly
- Finished resetting the current domain, in  2.035 seconds
Domain Reload Profiling: 3970ms
	BeginReloadAssembly (403ms)
		ExecutionOrderSort (0ms)
		DisableScriptedObjects (27ms)
		BackupInstance (0ms)
		ReleaseScriptingObjects (0ms)
		CreateAndSetChildDomain (137ms)
	RebuildCommonClasses (80ms)
	RebuildNativeTypeToScriptingClass (25ms)
	initialDomainReloadingComplete (51ms)
	LoadAllAssembliesAndSetupDomain (1375ms)
		LoadAssemblies (1138ms)
		RebuildTransferFunctionScriptingTraits (0ms)
		AnalyzeDomain (414ms)
			TypeCache.Refresh (11ms)
				TypeCache.ScanAssembly (0ms)
			BuildScriptInfoCaches (369ms)
			ResolveRequiredComponents (23ms)
	FinalizeReload (2036ms)
		ReleaseScriptCaches (0ms)
		RebuildScriptCaches (0ms)
		SetupLoadedEditorAssemblies (1523ms)
			LogAssemblyErrors (0ms)
			InitializePlatformSupportModulesInManaged (9ms)
			SetLoadedEditorAssemblies (13ms)
			BeforeProcessingInitializeOnLoad (284ms)
			ProcessInitializeOnLoadAttributes (1055ms)
			ProcessInitializeOnLoadMethodAttributes (161ms)
			AfterProcessingInitializeOnLoad (2ms)
			EditorAssembliesLoaded (0ms)
		ExecutionOrderSort2 (0ms)
		AwakeInstancesAfterBackupRestoration (46ms)
Refreshing native plugins compatible for Editor in 6.58 ms, found 3 plugins.
Preloading 0 native plugins for Editor in 0.00 ms.
Unloading 14 Unused Serialized files (Serialized files now loaded: 0)
Unloading 6536 unused Assets / (4.5 MB). Loaded Objects now: 7636.
Memory consumption went from 175.7 MB to 171.2 MB.
Total: 15.741662 ms (FindLiveObjects: 1.074476 ms CreateObjectMapping: 1.552153 ms MarkObjects: 9.652905 ms  DeleteObjects: 3.460688 ms)

Prepare: number of updated asset objects reloaded= 0
========================================================================
Received Prepare
Begin MonoManager ReloadAssembly
- Loaded All Assemblies, in  1.938 seconds
Refreshing native plugins compatible for Editor in 5.57 ms, found 3 plugins.
Native extension for OSXStandalone target not found
Native extension for WebGL target not found
Mono: successfully reloaded assembly
- Finished resetting the current domain, in  1.557 seconds
Domain Reload Profiling: 3499ms
	BeginReloadAssembly (401ms)
		ExecutionOrderSort (0ms)
		DisableScriptedObjects (27ms)
		BackupInstance (0ms)
		ReleaseScriptingObjects (0ms)
		CreateAndSetChildDomain (130ms)
	RebuildCommonClasses (82ms)
	RebuildNativeTypeToScriptingClass (25ms)
	initialDomainReloadingComplete (53ms)
	LoadAllAssembliesAndSetupDomain (1381ms)
		LoadAssemblies (1154ms)
		RebuildTransferFunctionScriptingTraits (0ms)
		AnalyzeDomain (408ms)
			TypeCache.Refresh (15ms)
				TypeCache.ScanAssembly (0ms)
			BuildScriptInfoCaches (362ms)
			ResolveRequiredComponents (23ms)
	FinalizeReload (1558ms)
		ReleaseScriptCaches (0ms)
		RebuildScriptCaches (0ms)
		SetupLoadedEditorAssemblies (1166ms)
			LogAssemblyErrors (0ms)
			InitializePlatformSupportModulesInManaged (7ms)
			SetLoadedEditorAssemblies (9ms)
			BeforeProcessingInitializeOnLoad (217ms)
			ProcessInitializeOnLoadAttributes (802ms)
			ProcessInitializeOnLoadMethodAttributes (129ms)
			AfterProcessingInitializeOnLoad (1ms)
			EditorAssembliesLoaded (0ms)
		ExecutionOrderSort2 (0ms)
		AwakeInstancesAfterBackupRestoration (35ms)
Refreshing native plugins compatible for Editor in 5.66 ms, found 3 plugins.
Preloading 0 native plugins for Editor in 0.00 ms.
Unloading 14 Unused Serialized files (Serialized files now loaded: 0)
Unloading 6536 unused Assets / (4.3 MB). Loaded Objects now: 7638.
Memory consumption went from 175.6 MB to 171.3 MB.
Total: 13.460091 ms (FindLiveObjects: 0.840456 ms CreateObjectMapping: 1.369119 ms MarkObjects: 8.294358 ms  DeleteObjects: 2.954879 ms)

Prepare: number of updated asset objects reloaded= 0
========================================================================
Received Prepare
Begin MonoManager ReloadAssembly
- Loaded All Assemblies, in  1.955 seconds
Refreshing native plugins compatible for Editor in 7.09 ms, found 3 plugins.
Native extension for OSXStandalone target not found
Native extension for WebGL target not found
Mono: successfully reloaded assembly
- Finished resetting the current domain, in  1.974 seconds
Domain Reload Profiling: 3933ms
	BeginReloadAssembly (394ms)
		ExecutionOrderSort (0ms)
		DisableScriptedObjects (27ms)
		BackupInstance (0ms)
		ReleaseScriptingObjects (0ms)
		CreateAndSetChildDomain (135ms)
	RebuildCommonClasses (80ms)
	RebuildNativeTypeToScriptingClass (25ms)
	initialDomainReloadingComplete (51ms)
	LoadAllAssembliesAndSetupDomain (1408ms)
		LoadAssemblies (1161ms)
		RebuildTransferFunctionScriptingTraits (0ms)
		AnalyzeDomain (416ms)
			TypeCache.Refresh (11ms)
				TypeCache.ScanAssembly (0ms)
			BuildScriptInfoCaches (370ms)
			ResolveRequiredComponents (24ms)
	FinalizeReload (1975ms)
		ReleaseScriptCaches (0ms)
		RebuildScriptCaches (0ms)
		SetupLoadedEditorAssemblies (1484ms)
			LogAssemblyErrors (0ms)
			InitializePlatformSupportModulesInManaged (8ms)
			SetLoadedEditorAssemblies (11ms)
			BeforeProcessingInitializeOnLoad (257ms)
			ProcessInitializeOnLoadAttributes (1037ms)
			ProcessInitializeOnLoadMethodAttributes (166ms)
			AfterProcessingInitializeOnLoad (4ms)
			EditorAssembliesLoaded (0ms)
		ExecutionOrderSort2 (0ms)
		AwakeInstancesAfterBackupRestoration (43ms)
Refreshing native plugins compatible for Editor in 7.05 ms, found 3 plugins.
Preloading 0 native plugins for Editor in 0.00 ms.
Unloading 14 Unused Serialized files (Serialized files now loaded: 0)
Unloading 6536 unused Assets / (4.3 MB). Loaded Objects now: 7640.
Memory consumption went from 175.6 MB to 171.2 MB.
Total: 16.223270 ms (FindLiveObjects: 0.955653 ms CreateObjectMapping: 1.983534 ms MarkObjects: 9.658575 ms  DeleteObjects: 3.623981 ms)

Prepare: number of updated asset objects reloaded= 0
========================================================================
Received Prepare
Begin MonoManager ReloadAssembly
- Loaded All Assemblies, in  1.910 seconds
Refreshing native plugins compatible for Editor in 7.22 ms, found 3 plugins.
Native extension for OSXStandalone target not found
Native extension for WebGL target not found
Mono: successfully reloaded assembly
- Finished resetting the current domain, in  2.006 seconds
Domain Reload Profiling: 3920ms
	BeginReloadAssembly (398ms)
		ExecutionOrderSort (0ms)
		DisableScriptedObjects (27ms)
		BackupInstance (0ms)
		ReleaseScriptingObjects (0ms)
		CreateAndSetChildDomain (137ms)
	RebuildCommonClasses (83ms)
	RebuildNativeTypeToScriptingClass (25ms)
	initialDomainReloadingComplete (52ms)
	LoadAllAssembliesAndSetupDomain (1355ms)
		LoadAssemblies (1115ms)
		RebuildTransferFunctionScriptingTraits (0ms)
		AnalyzeDomain (410ms)
			TypeCache.Refresh (11ms)
				TypeCache.ScanAssembly (0ms)
			BuildScriptInfoCaches (366ms)
			ResolveRequiredComponents (23ms)
	FinalizeReload (2007ms)
		ReleaseScriptCaches (0ms)
		RebuildScriptCaches (0ms)
		SetupLoadedEditorAssemblies (1496ms)
			LogAssemblyErrors (0ms)
			InitializePlatformSupportModulesInManaged (8ms)
			SetLoadedEditorAssemblies (12ms)
			BeforeProcessingInitializeOnLoad (272ms)
			ProcessInitializeOnLoadAttributes (1030ms)
			ProcessInitializeOnLoadMethodAttributes (170ms)
			AfterProcessingInitializeOnLoad (2ms)
			EditorAssembliesLoaded (0ms)
		ExecutionOrderSort2 (0ms)
		AwakeInstancesAfterBackupRestoration (46ms)
Refreshing native plugins compatible for Editor in 6.65 ms, found 3 plugins.
Preloading 0 native plugins for Editor in 0.00 ms.
Unloading 14 Unused Serialized files (Serialized files now loaded: 0)
Unloading 6536 unused Assets / (4.4 MB). Loaded Objects now: 7642.
Memory consumption went from 175.6 MB to 171.2 MB.
Total: 15.844854 ms (FindLiveObjects: 0.830056 ms CreateObjectMapping: 2.002470 ms MarkObjects: 9.521362 ms  DeleteObjects: 3.489296 ms)

Prepare: number of updated asset objects reloaded= 0
========================================================================
Received Prepare
Begin MonoManager ReloadAssembly
- Loaded All Assemblies, in  2.107 seconds
Refreshing native plugins compatible for Editor in 6.54 ms, found 3 plugins.
Native extension for OSXStandalone target not found
Native extension for WebGL target not found
Mono: successfully reloaded assembly
- Finished resetting the current domain, in  1.949 seconds
Domain Reload Profiling: 4060ms
	BeginReloadAssembly (394ms)
		ExecutionOrderSort (0ms)
		DisableScriptedObjects (28ms)
		BackupInstance (0ms)
		ReleaseScriptingObjects (0ms)
		CreateAndSetChildDomain (134ms)
	RebuildCommonClasses (84ms)
	RebuildNativeTypeToScriptingClass (27ms)
	initialDomainReloadingComplete (51ms)
	LoadAllAssembliesAndSetupDomain (1554ms)
		LoadAssemblies (1304ms)
		RebuildTransferFunctionScriptingTraits (0ms)
		AnalyzeDomain (419ms)
			TypeCache.Refresh (15ms)
				TypeCache.ScanAssembly (0ms)
			BuildScriptInfoCaches (374ms)
			ResolveRequiredComponents (23ms)
	FinalizeReload (1950ms)
		ReleaseScriptCaches (0ms)
		RebuildScriptCaches (0ms)
		SetupLoadedEditorAssemblies (1540ms)
			LogAssemblyErrors (0ms)
			InitializePlatformSupportModulesInManaged (7ms)
			SetLoadedEditorAssemblies (10ms)
			BeforeProcessingInitializeOnLoad (216ms)
			ProcessInitializeOnLoadAttributes (1147ms)
			ProcessInitializeOnLoadMethodAttributes (156ms)
			AfterProcessingInitializeOnLoad (4ms)
			EditorAssembliesLoaded (0ms)
		ExecutionOrderSort2 (0ms)
		AwakeInstancesAfterBackupRestoration (38ms)
Refreshing native plugins compatible for Editor in 10.27 ms, found 3 plugins.
Preloading 0 native plugins for Editor in 0.00 ms.
Unloading 14 Unused Serialized files (Serialized files now loaded: 0)
Unloading 6536 unused Assets / (4.4 MB). Loaded Objects now: 7644.
Memory consumption went from 175.6 MB to 171.2 MB.
Total: 21.356216 ms (FindLiveObjects: 1.287425 ms CreateObjectMapping: 2.231759 ms MarkObjects: 13.158668 ms  DeleteObjects: 4.676253 ms)

Prepare: number of updated asset objects reloaded= 0
========================================================================
Received Prepare
Begin MonoManager ReloadAssembly
- Loaded All Assemblies, in  2.133 seconds
Refreshing native plugins compatible for Editor in 7.43 ms, found 3 plugins.
Native extension for OSXStandalone target not found
Native extension for WebGL target not found
Mono: successfully reloaded assembly
- Finished resetting the current domain, in  1.964 seconds
Domain Reload Profiling: 4102ms
	BeginReloadAssembly (422ms)
		ExecutionOrderSort (0ms)
		DisableScriptedObjects (28ms)
		BackupInstance (0ms)
		ReleaseScriptingObjects (0ms)
		CreateAndSetChildDomain (135ms)
	RebuildCommonClasses (85ms)
	RebuildNativeTypeToScriptingClass (25ms)
	initialDomainReloadingComplete (54ms)
	LoadAllAssembliesAndSetupDomain (1550ms)
		LoadAssemblies (1319ms)
		RebuildTransferFunctionScriptingTraits (0ms)
		AnalyzeDomain (427ms)
			TypeCache.Refresh (11ms)
				TypeCache.ScanAssembly (0ms)
			BuildScriptInfoCaches (383ms)
			ResolveRequiredComponents (25ms)
	FinalizeReload (1965ms)
		ReleaseScriptCaches (0ms)
		RebuildScriptCaches (0ms)
		SetupLoadedEditorAssemblies (1458ms)
			LogAssemblyErrors (0ms)
			InitializePlatformSupportModulesInManaged (9ms)
			SetLoadedEditorAssemblies (12ms)
			BeforeProcessingInitializeOnLoad (274ms)
			ProcessInitializeOnLoadAttributes (993ms)
			ProcessInitializeOnLoadMethodAttributes (166ms)
			AfterProcessingInitializeOnLoad (4ms)
			EditorAssembliesLoaded (1ms)
		ExecutionOrderSort2 (0ms)
		AwakeInstancesAfterBackupRestoration (45ms)
Refreshing native plugins compatible for Editor in 7.29 ms, found 3 plugins.
Preloading 0 native plugins for Editor in 0.00 ms.
Unloading 14 Unused Serialized files (Serialized files now loaded: 0)
Unloading 6536 unused Assets / (4.5 MB). Loaded Objects now: 7646.
Memory consumption went from 175.7 MB to 171.2 MB.
Total: 16.291122 ms (FindLiveObjects: 1.062808 ms CreateObjectMapping: 1.675772 ms MarkObjects: 10.037912 ms  DeleteObjects: 3.513128 ms)

Prepare: number of updated asset objects reloaded= 0
========================================================================
Received Prepare
Begin MonoManager ReloadAssembly
- Loaded All Assemblies, in  2.198 seconds
Refreshing native plugins compatible for Editor in 7.30 ms, found 3 plugins.
Native extension for OSXStandalone target not found
Native extension for WebGL target not found
Mono: successfully reloaded assembly
- Finished resetting the current domain, in  2.157 seconds
Domain Reload Profiling: 4360ms
	BeginReloadAssembly (468ms)
		ExecutionOrderSort (0ms)
		DisableScriptedObjects (30ms)
		BackupInstance (0ms)
		ReleaseScriptingObjects (0ms)
		CreateAndSetChildDomain (155ms)
	RebuildCommonClasses (93ms)
	RebuildNativeTypeToScriptingClass (28ms)
	initialDomainReloadingComplete (59ms)
	LoadAllAssembliesAndSetupDomain (1554ms)
		LoadAssemblies (1329ms)
		RebuildTransferFunctionScriptingTraits (0ms)
		AnalyzeDomain (445ms)
			TypeCache.Refresh (12ms)
				TypeCache.ScanAssembly (0ms)
			BuildScriptInfoCaches (398ms)
			ResolveRequiredComponents (25ms)
	FinalizeReload (2158ms)
		ReleaseScriptCaches (0ms)
		RebuildScriptCaches (0ms)
		SetupLoadedEditorAssemblies (1620ms)
			LogAssemblyErrors (0ms)
			InitializePlatformSupportModulesInManaged (9ms)
			SetLoadedEditorAssemblies (14ms)
			BeforeProcessingInitializeOnLoad (308ms)
			ProcessInitializeOnLoadAttributes (1100ms)
			ProcessInitializeOnLoadMethodAttributes (187ms)
			AfterProcessingInitializeOnLoad (2ms)
			EditorAssembliesLoaded (0ms)
		ExecutionOrderSort2 (0ms)
		AwakeInstancesAfterBackupRestoration (47ms)
Refreshing native plugins compatible for Editor in 7.33 ms, found 3 plugins.
Preloading 0 native plugins for Editor in 0.00 ms.
Unloading 14 Unused Serialized files (Serialized files now loaded: 0)
Unloading 6536 unused Assets / (4.3 MB). Loaded Objects now: 7648.
Memory consumption went from 175.7 MB to 171.4 MB.
Total: 17.623720 ms (FindLiveObjects: 1.207622 ms CreateObjectMapping: 2.425691 ms MarkObjects: 10.515778 ms  DeleteObjects: 3.473141 ms)

Prepare: number of updated asset objects reloaded= 0
========================================================================
Received Import Request.
  Time since last request: 689.449431 seconds.
  path: Assets/Prefabs/BlasterShot Blue.prefab
  artifactKey: Guid(a18f3b51f47444e94b7651a6c7da083f) Importer(815301076,1909f56bfc062723c751e8b465ee728b)
Start importing Assets/Prefabs/BlasterShot Blue.prefab using Guid(a18f3b51f47444e94b7651a6c7da083f) Importer(815301076,1909f56bfc062723c751e8b465ee728b) (PreviewImporter) -> (artifact id: '76d77b202b891be7318602ffac7bd9f9') in 0.903948511 seconds
Number of updated asset objects reloaded before import = 0Number of asset objects unloaded after import = 10

========================================================================
Received Import Request.
  Time since last request: 0.000094 seconds.
  path: Assets/Prefabs/ufoRed_0.prefab
  artifactKey: Guid(a547c1f627a154978bb66382d41eece0) Importer(815301076,1909f56bfc062723c751e8b465ee728b)
Start importing Assets/Prefabs/ufoRed_0.prefab using Guid(a547c1f627a154978bb66382d41eece0) Importer(815301076,1909f56bfc062723c751e8b465ee728b) (PreviewImporter) -> (artifact id: '6711042b4cef5d0dc85afee8a32fb0ab') in 0.047205048 seconds
Number of updated asset objects reloaded before import = 0Number of asset objects unloaded after import = 48

========================================================================
Received Import Request.
  Time since last request: 0.000077 seconds.
  path: Assets/Prefabs/button_rectangle_depth_flat_0 (3).prefab
  artifactKey: Guid(5c75235c780d44033a90163caa1ac078) Importer(815301076,1909f56bfc062723c751e8b465ee728b)
Start importing Assets/Prefabs/button_rectangle_depth_flat_0 (3).prefab using Guid(5c75235c780d44033a90163caa1ac078) Importer(815301076,1909f56bfc062723c751e8b465ee728b) (PreviewImporter) -> (artifact id: '692277ae26d596842a49f12c8ea735f4') in 0.012554486 seconds
Number of updated asset objects reloaded before import = 0Number of asset objects unloaded after import = 10

========================================================================
Received Import Request.
  Time since last request: 0.000080 seconds.
  path: Assets/Prefabs/BlasterShotYellow 1.prefab
  artifactKey: Guid(de300f8effda641398eddb93acc58acc) Importer(815301076,1909f56bfc062723c751e8b465ee728b)
Start importing Assets/Prefabs/BlasterShotYellow 1.prefab using Guid(de300f8effda641398eddb93acc58acc) Importer(815301076,1909f56bfc062723c751e8b465ee728b) (PreviewImporter) -> (artifact id: 'a839fcdeae13c0349ef951ec7db69156') in 0.033163346 seconds
Number of updated asset objects reloaded before import = 0Number of asset objects unloaded after import = 10

========================================================================
Received Import Request.
  Time since last request: 0.000081 seconds.
  path: Assets/Prefabs/GreenBillion.prefab
  artifactKey: Guid(d550eaa00326e42d1989591084ce60c0) Importer(815301076,1909f56bfc062723c751e8b465ee728b)
Start importing Assets/Prefabs/GreenBillion.prefab using Guid(d550eaa00326e42d1989591084ce60c0) Importer(815301076,1909f56bfc062723c751e8b465ee728b) (PreviewImporter) -> (artifact id: 'd7d68bdf632a850c99b413e42390a179') in 0.093390291 seconds
Number of updated asset objects reloaded before import = 0Number of asset objects unloaded after import = 48

========================================================================
Received Import Request.
  Time since last request: 0.000091 seconds.
  path: Assets/Prefabs/BlasterShotRed 1.prefab
  artifactKey: Guid(95452d5374141493698f6096f9b02b91) Importer(815301076,1909f56bfc062723c751e8b465ee728b)
Start importing Assets/Prefabs/BlasterShotRed 1.prefab using Guid(95452d5374141493698f6096f9b02b91) Importer(815301076,1909f56bfc062723c751e8b465ee728b) (PreviewImporter) -> (artifact id: '82c07add06d622f4dae0c4433e7e8153') in 0.024779672 seconds
Number of updated asset objects reloaded before import = 0Number of asset objects unloaded after import = 10

========================================================================
Received Import Request.
  Time since last request: 0.000103 seconds.
  path: Assets/Prefabs/RedBillion.prefab
  artifactKey: Guid(014ea5968ff3649a1a9ae9c96e2e3e09) Importer(815301076,1909f56bfc062723c751e8b465ee728b)
Start importing Assets/Prefabs/RedBillion.prefab using Guid(014ea5968ff3649a1a9ae9c96e2e3e09) Importer(815301076,1909f56bfc062723c751e8b465ee728b) (PreviewImporter) -> (artifact id: '3f9733f1eb9b9c36a70fa46b47d6baba') in 0.028160601 seconds
Number of updated asset objects reloaded before import = 0Number of asset objects unloaded after import = 48

========================================================================
Received Import Request.
  Time since last request: 0.000079 seconds.
  path: Assets/Prefabs/button_rectangle_depth_flat_0 (2).prefab
  artifactKey: Guid(a691c82aa6dea4290b7655012278a4f0) Importer(815301076,1909f56bfc062723c751e8b465ee728b)
Start importing Assets/Prefabs/button_rectangle_depth_flat_0 (2).prefab using Guid(a691c82aa6dea4290b7655012278a4f0) Importer(815301076,1909f56bfc062723c751e8b465ee728b) (PreviewImporter) -> (artifact id: '2bb042827c548909d5844650cfd5b898') in 0.03449119 seconds
Number of updated asset objects reloaded before import = 0Number of asset objects unloaded after import = 10

